tenure_label,tenure_id,house,state_id,state_name,constituency_id,constituency_name,mp_id,mp_name,allocated_cr,recommended_cr,sanctioned_cr,completed_cr,expenditure_cr,calamity_cr,n_recommended,n_sanctioned,n_completed,fund_utilization_pct,sanction_rate_pct,work_completion_rate_pct,fund_utilization_anomaly,isolation_forest_prediction,ml_anomaly,anomaly_score,anomaly_reason,fund_utilization_status,sanction_rate_status,work_completion_status,detection_method,lok_sabha
17th Lok Sabha,5,Lok Sabha,35,Andaman And Nicobar Islands,1,ANDAMAN AND NICOBAR ISLANDS,3018937,Kuldeep Rai Sharma,12.85,9.0108,9.0108,0.9689,5.07,0.0,42.0,42.0,9.0,39.45525291828794,100.0,21.428571428571427,False,-1,Potential Anomaly,-0.03122471039958652,Unusual combination of financial and implementation indicators,Normal,Normal,Normal,ML Multivariate,17th Lok Sabha
17th Lok Sabha,5,Lok Sabha,2,Andhra Pradesh,2,ANAKAPALLE,3018936,Beesetti Venkata Satyavathi,9.2,8.9891,8.9891,6.7043,8.19,0.0,69.0,69.0,61.0,89.02173913043478,100.0,88.40579710144928,False,1,Normal,0.09790093561989144,No unusual pattern detected,Normal,Normal,Normal,No Unusual Pattern,17th Lok Sabha
17th Lok Sabha,5,Lok Sabha,2,Andhra Pradesh,3,HINDUPUR,3018343,Kuruva Gorantla Madhav,7.23,6.1314,6.1314,5.7364,5.78,0.0,64.0,64.0,61.0,79.94467496542185,100.0,95.3125,False,1,Normal,0.0543610870625954,No unusual pattern detected,Normal,Normal,Normal,No Unusual Pattern,17th Lok Sabha
17th Lok Sabha,5,Lok Sabha,2,Andhra Pradesh,4,VIJAYAWADA,3018341,Srinivas Kesineni,7.67,5.6592,5.6592,5.6592,5.66,0.0,91.0,91.0,91.0,73.79400260756194,100.0,100.0,False,1,Normal,0.025461703570071215,No unusual pattern detected,Normal,Normal,Normal,No Unusual Pattern,17th Lok Sabha
17th Lok Sabha,5,Lok Sabha,2,Andhra Pradesh,5,NANDYAL,3018345,Pocha Brahmananda Reddy,9.44,8.8612,8.8112,7.2407,7.24,0.0,157.0,156.0,136.0,76.6949152542373,99.43574233738094,87.17948717948718,False,1,Normal,0.04850091090138109,No unusual pattern detected,Normal,Normal,Normal,No Unusual Pattern,17th Lok Sabha
17th Lok Sabha,5,Lok Sabha,2,Andhra Pradesh,7,AMALAPURAM(SC),3018949,Smt Chinta Anuradha,11.77,11.6087,11.6087,3.7607,10.07,0.0,192.0,192.0,62.0,85.55649957519117,100.0,32.29166666666667,False,1,Normal,0.058219928343837324,No unusual pattern detected,Normal,Normal,Normal,No Unusual Pattern,17th Lok Sabha
17th Lok Sabha,5,Lok Sabha,2,Andhra Pradesh,8,BAPATLA,3018947,Nandigam Suresh,9.14,8.6856,8.6856,8.1176,8.44,0.0,122.0,122.0,111.0,92.3413566739606,100.0,90.98360655737704,False,1,Normal,0.0942222360965802,No unusual pattern detected,Normal,Normal,Normal,No Unusual Pattern,17th Lok Sabha
17th Lok Sabha,5,Lok Sabha,2,Andhra Pradesh,9,ARAKU(ST),3018338,Goddeti Madhavi,9.8,9.7927,9.7927,0.1689,7.53,0.0,189.0,189.0,7.0,76.83673469387755,100.0,3.7037037037037033,False,1,Normal,0.015529439806771461,No unusual pattern detected,Normal,Normal,Normal,No Unusual Pattern,17th Lok Sabha
17th Lok Sabha,5,Lok Sabha,2,Andhra Pradesh,10,NELLORE(SC),3018339,Adala Reddy,11.77,9.2437,9.2437,9.2437,9.24,0.0,90.0,90.0,90.0,78.50467289719627,100.0,100.0,False,1,Normal,0.03286864426895991,No unusual pattern detected,Normal,Normal,Normal,No Unusual Pattern,17th Lok Sabha
17th Lok Sabha,5,Lok Sabha,2,Andhra Pradesh,11,TIRUPATI(SC),3018946,Maddila Gurumoorthy,9.39,8.111,8.111,5.3,6.78,0.0,100.0,100.0,63.0,72.20447284345047,100.0,63.0,False,1,Normal,0.0749457118140337,No unusual pattern detected,Normal,Normal,Normal,No Unusual Pattern,17th Lok Sabha
17th Lok Sabha,5,Lok Sabha,2,Andhra Pradesh,12,ANANTAPUR,3018948,Talari Rangaiah,18.97,13.2332,13.2332,10.1939,10.64,0.0,199.0,199.0,171.0,56.088560885608864,100.0,85.92964824120602,False,1,Normal,0.0010442850170451212,No unusual pattern detected,Normal,Normal,Normal,No Unusual Pattern,17th Lok Sabha
17th Lok Sabha,5,Lok Sabha,2,Andhra Pradesh,13,SRIKAKULAM,3018939,Kinjarapu Ram Mohan Naidu,7.23,7.21,7.21,4.404,5.61,0.0,132.0,132.0,92.0,77.59336099585063,100.0,69.6969696969697,False,1,Normal,0.07157180427738413,No unusual pattern detected,Normal,Normal,Normal,No Unusual Pattern,17th Lok Sabha
17th Lok Sabha,5,Lok Sabha,2,Andhra Pradesh,14,ONGOLE,3018340,Magunta Sreenivasulu Reddy,19.12,18.3479,18.3479,6.0646,12.34,0.0,346.0,346.0,110.0,64.5397489539749,100.0,31.79190751445087,False,1,Normal,0.046957962711103196,No unusual pattern detected,Normal,Normal,Normal,No Unusual Pattern,17th Lok Sabha
17th Lok Sabha,5,Lok Sabha,2,Andhra Pradesh,15,ELURU,3018940,Kotagiri Sridhar,9.81,7.4246,7.4246,2.8996,3.81,0.0,75.0,75.0,31.0,38.837920489296636,100.0,41.333333333333336,False,-1,Potential Anomaly,-0.01563101381647225,Unusual combination of financial and implementation indicators,Normal,Normal,Normal,ML Multivariate,17th Lok Sabha
17th Lok Sabha,5,Lok Sabha,2,Andhra Pradesh,16,NARASAPURAM,3018942,Raghu Ramakrishna Raju Kanumuru,11.79,8.4135,8.2635,3.3935,6.75,0.0,104.0,102.0,40.0,57.25190839694657,98.21715100730968,39.21568627450981,False,1,Normal,0.020957450767041808,No unusual pattern detected,Normal,Normal,Normal,No Unusual Pattern,17th Lok Sabha
17th Lok Sabha,5,Lok Sabha,2,Andhra Pradesh,17,RAJAHMUNDRY,3017377,Shri Margani Bharat (17th Lok Sabha),9.81,9.8,9.8,0.0,8.07,0.0,15.0,15.0,0.0,82.26299694189603,100.0,0.0,False,1,Normal,0.03625069068755221,No unusual pattern detected,Normal,Normal,Normal,No Unusual Pattern,17th Lok Sabha
17th Lok Sabha,5,Lok Sabha,2,Andhra Pradesh,18,GUNTUR,3018944,Jayadev Galla,11.77,10.7117,10.7117,9.0307,9.95,0.0,146.0,146.0,125.0,84.53695836873408,100.0,85.61643835616438,False,1,Normal,0.0908130492659317,No unusual pattern detected,Normal,Normal,Normal,No Unusual Pattern,17th Lok Sabha
17th Lok Sabha,5,Lok Sabha,2,Andhra Pradesh,19,NARASARAOPET,3018945,Lavu Sri Krishna Devarayalu,8.0,7.9871,7.9871,4.0171,5.46,0.0,111.0,111.0,36.0,68.25,100.0,32.432432432432435,False,1,Normal,0.052742234300667545,No unusual pattern detected,Normal,Normal,Normal,No Unusual Pattern,17th Lok Sabha
17th Lok Sabha,5,Lok Sabha,2,Andhra Pradesh,20,VISAKHAPATNAM,3018344,MVVV Satyanarayana,12.23,9.6039,9.6039,0.5462,5.14,0.0,55.0,55.0,16.0,42.02780049059689,100.0,29.09090909090909,False,-1,Potential Anomaly,-0.00910761077138278,Unusual combination of financial and implementation indicators,Normal,Normal,Normal,ML Multivariate,17th Lok Sabha
17th Lok Sabha,5,Lok Sabha,2,Andhra Pradesh,21,KADAPA,3018943,Y S Avinash Reddy,10.08,9.5344,9.3944,6.0069,7.73,0.0,134.0,132.0,84.0,76.68650793650794,98.53163282429938,63.63636363636363,False,1,Normal,0.05407167306147087,No unusual pattern detected,Normal,Normal,Normal,No Unusual Pattern,17th Lok Sabha
17th Lok Sabha,5,Lok Sabha,2,Andhra Pradesh,22,MACHILIPATNAM,3018342,Balashowry Vallabbhaneni,9.81,7.9208,7.7223,3.6171,5.79,0.0,97.0,94.0,69.0,59.02140672782874,97.49394000605999,73.40425531914893,False,-1,Potential Anomaly,-0.006768176752874222,Unusual combination of financial and implementation indicators,Normal,Normal,Normal,ML Multivariate,17th Lok Sabha
17th Lok Sabha,5,Lok Sabha,2,Andhra Pradesh,23,KURNOOL,3017375,Dr Sanjeev Kumar Singari (17th Lok Sabha),11.47,11.4656,10.4933,8.8801,10.08,0.0,377.0,361.0,349.0,87.88142981691368,91.51985068378453,96.67590027700831,False,-1,Potential Anomaly,-0.055497129648496735,Unusual combination of financial and implementation indicators,Normal,Normal,Normal,ML Multivariate,17th Lok Sabha
17th Lok Sabha,5,Lok Sabha,2,Andhra Pradesh,24,VIZIANAGARAM,3018938,Chandra Sekhar Bellana,11.24,8.9039,8.9039,5.3475,5.91,0.0,259.0,259.0,158.0,52.58007117437723,100.0,61.003861003861005,False,1,Normal,0.011697265362058895,No unusual pattern detected,Normal,Normal,Normal,No Unusual Pattern,17th Lok Sabha
17th Lok Sabha,5,Lok Sabha,2,Andhra Pradesh,25,CHITTOOR,3017376,Shri N Reddeppa (17th Lok Sabha),9.81,9.6887,9.6887,0.3429,7.92,0.0,163.0,163.0,6.0,80.73394495412843,100.0,3.6809815950920246,False,1,Normal,0.02365195069638376,No unusual pattern detected,Normal,Normal,Normal,No Unusual Pattern,17th Lok Sabha
17th Lok Sabha,5,Lok Sabha,2,Andhra Pradesh,26,RAJAMPET,3018941,Midhun Reddy,9.92,9.6759,9.6029,3.8238,6.73,0.0,273.0,268.0,123.0,67.84274193548387,99.24554821773684,45.8955223880597,False,1,Normal,0.047549422488968984,No unusual pattern detected,Normal,Normal,Normal,No Unusual Pattern,17th Lok Sabha
17th Lok Sabha,5,Lok Sabha,2,Andhra Pradesh,27,KAKINADA,3021881,Vanga Geetha Viswanath (17th Lok Sabha),12.23,6.9919,6.9919,6.7419,6.89,0.0,129.0,129.0,125.0,56.33687653311529,100.0,96.89922480620154,False,-1,Potential Anomaly,-0.027090133069117672,Unusual combination of financial and implementation indicators,Normal,Normal,Normal,ML Multivariate,17th Lok Sabha
17th Lok Sabha,5,Lok Sabha,3,Arunachal Pradesh,28,ARUNACHAL WEST,3018950,Kiren Rijiju,9.81,9.7942,9.6742,5.5942,9.53,0.0,205.0,202.0,119.0,97.14576962283384,98.77478507688224,58.91089108910891,False,1,Normal,0.027687912682444693,No unusual pattern detected,Normal,Normal,Normal,No Unusual Pattern,17th Lok Sabha
17th Lok Sabha,5,Lok Sabha,3,Arunachal Pradesh,29,ARUNACHAL EAST,3017378,Shri Tapir Gao (17th Lok Sabha),9.81,9.7794,9.7794,5.4544,9.73,0.0,133.0,133.0,67.0,99.18450560652396,100.0,50.37593984962406,False,1,Normal,0.04265289896529245,No unusual pattern detected,Normal,Normal,Normal,No Unusual Pattern,17th Lok Sabha
17th Lok Sabha,5,Lok Sabha,5,Assam,30,BARPETA,3017379,Shri Abdul Khaleque (17th Lok Sabha),9.81,9.62,9.225,3.785,8.27,0.0,218.0,208.0,80.0,84.30173292558612,95.8939708939709,38.46153846153847,False,1,Normal,0.04659883366049078,No unusual pattern detected,Normal,Normal,Normal,No Unusual Pattern,17th Lok Sabha
17th Lok Sabha,5,Lok Sabha,5,Assam,31,Darrang-Udalguri,3018955,Dilip Saikia,7.36,6.91,6.675,1.24,5.27,0.0,272.0,262.0,47.0,71.6032608695652,96.59913169319826,17.938931297709924,False,1,Normal,0.020285508956783382,No unusual pattern detected,Normal,Normal,Normal,No Unusual Pattern,17th Lok Sabha
17th Lok Sabha,5,Lok Sabha,5,Assam,32,LAKHIMPUR,3018347,Pradan Baruah,5.44,5.1317,4.9867,0.7242,4.23,0.0,117.0,112.0,15.0,77.75735294117648,97.17442562893388,13.392857142857142,False,1,Normal,0.021153678134674114,No unusual pattern detected,Normal,Normal,Normal,No Unusual Pattern,17th Lok Sabha
17th Lok Sabha,5,Lok Sabha,5,Assam,33,DIBRUGARH,3018952,Sh Teli Rameswar,9.81,9.31,7.735,0.0,6.36,0.0,138.0,118.0,0.0,64.83180428134557,83.0827067669173,0.0,False,-1,Potential Anomaly,-0.05111343572886318,Low sanction rate (83.08%),Normal,Low,Normal,ML + Indicator Outlier,17th Lok Sabha
17th Lok Sabha,5,Lok Sabha,5,Assam,34,JORHAT,3018348,Topon Kumar Gogoi,9.81,9.7305,9.7055,1.2155,8.69,0.0,186.0,185.0,28.0,88.58307849133537,99.74307589538051,15.135135135135137,False,1,Normal,0.024583262272233064,No unusual pattern detected,Normal,Normal,Normal,No Unusual Pattern,17th Lok Sabha
17th Lok Sabha,5,Lok Sabha,5,Assam,35,Diphu (ST),3018956,Horen Sing Bey,9.81,9.8,9.6,0.55,8.74,0.0,39.0,38.0,2.0,89.09276248725789,97.95918367346937,5.263157894736842,False,1,Normal,0.006353714268384603,No unusual pattern detected,Normal,Normal,Normal,No Unusual Pattern,17th Lok Sabha
17th Lok Sabha,5,Lok Sabha,5,Assam,36,KARIMGANJ (SC),3018957,Kripanath Mallah,9.81,9.7938,9.7938,0.0,9.68,0.0,70.0,70.0,0.0,98.67482161060141,100.0,0.0,False,1,Normal,0.0037462696223851677,No unusual pattern detected,Normal,Normal,Normal,No Unusual Pattern,17th Lok Sabha
17th Lok Sabha,5,Lok Sabha,5,Assam,37,DHUBRI,3018951,Maulana Ajmal Badruddin,4.91,4.8412,4.8412,3.1723,4.19,0.0,93.0,93.0,62.0,85.33604887983707,100.0,66.66666666666666,False,1,Normal,0.07632359415274359,No unusual pattern detected,Normal,Normal,Normal,No Unusual Pattern,17th Lok Sabha
17th Lok Sabha,5,Lok Sabha,5,Assam,38,NOWGONG,3018958,Pradyut Bordoloi,4.91,4.6898,4.3748,0.2399,3.83,0.0,138.0,127.0,7.0,78.00407331975559,93.28329566292804,5.511811023622047,False,1,Normal,0.006365744207064816,No unusual pattern detected,Normal,Normal,Normal,No Unusual Pattern,17th Lok Sabha
17th Lok Sabha,5,Lok Sabha,5,Assam,39,SILCHAR,3018346,Rajdeep Roy,4.78,4.7705,4.7705,4.3705,4.75,0.0,110.0,107.0,102.0,99.3723849372385,100.0,95.32710280373831,False,1,Normal,0.06963767719753572,No unusual pattern detected,Normal,Normal,Normal,No Unusual Pattern,17th Lok Sabha
17th Lok Sabha,5,Lok Sabha,5,Assam,40,Kaziranga,3018953,Gaurav Gogoi,4.91,4.9,4.485,0.215,3.5,0.0,213.0,195.0,10.0,71.28309572301426,91.53061224489795,5.128205128205128,False,-1,Potential Anomaly,-0.008177028378602458,Unusual combination of financial and implementation indicators,Normal,Normal,Normal,ML Multivariate,17th Lok Sabha
17th Lok Sabha,5,Lok Sabha,5,Assam,41,KOKRAJHAR (ST),3017380,Shri Naba (Hira) Kumar Sarania (17th Lok Sabha),7.36,7.2549,7.1599,1.7419,6.23,0.0,75.0,72.0,20.0,84.6467391304348,98.69054018663249,27.77777777777778,False,1,Normal,0.04919301631338019,No unusual pattern detected,Normal,Normal,Normal,No Unusual Pattern,17th Lok Sabha
17th Lok Sabha,5,Lok Sabha,5,Assam,42,Sonitpur,3018954,Pallab Lochan Das,7.36,7.2995,7.2995,2.6229,6.82,0.0,128.0,128.0,45.0,92.66304347826086,100.0,35.15625,False,1,Normal,0.05504904571198249,No unusual pattern detected,Normal,Normal,Normal,No Unusual Pattern,17th Lok Sabha
17th Lok Sabha,5,Lok Sabha,5,Assam,43,GUWAHATI,3018349,Queen Oja,7.36,7.3499,6.6999,0.8999,6.35,0.0,28.0,25.0,4.0,86.27717391304347,91.15634226316006,16.0,False,-1,Potential Anomaly,-0.018700268671198006,Unusual combination of financial and implementation indicators,Normal,Normal,Normal,ML Multivariate,17th Lok Sabha
17th Lok Sabha,5,Lok Sabha,6,Bihar,44,ARARIA,3018355,Pradeep Kumar Singh,9.81,9.7568,9.7568,9.7568,9.76,0.0,21.0,20.0,20.0,99.49031600407746,100.0,100.0,False,1,Normal,0.08388008197912183,No unusual pattern detected,Normal,Normal,Normal,No Unusual Pattern,17th Lok Sabha
17th Lok Sabha,5,Lok Sabha,6,Bihar,45,KATIHAR,3017383,Shri Dulal Chandra Goswami (17th Lok Sabha),4.91,4.7673,4.7173,4.7173,4.72,0.0,59.0,58.0,58.0,96.13034623217922,98.95118830365197,100.0,False,1,Normal,0.02824351810204745,No unusual pattern detected,Normal,Normal,Normal,No Unusual Pattern,17th Lok Sabha
17th Lok Sabha,5,Lok Sabha,6,Bihar,46,MUZAFFARPUR,3018352,Ajay Nishad,4.91,4.7471,4.7471,4.603,4.74,0.0,73.0,73.0,72.0,96.5376782077393,100.0,98.63013698630137,False,1,Normal,0.10022643419159205,No unusual pattern detected,Normal,Normal,Normal,No Unusual Pattern,17th Lok Sabha
17th Lok Sabha,5,Lok Sabha,6,Bihar,47,VAISHALI,3017382,Smt Veena Devi (17th Lok Sabha),11.77,11.2626,11.2626,11.2626,11.26,0.0,76.0,76.0,76.0,95.66694987255735,100.0,100.0,False,1,Normal,0.09785176517420252,No unusual pattern detected,Normal,Normal,Normal,No Unusual Pattern,17th Lok Sabha
17th Lok Sabha,5,Lok Sabha,6,Bihar,48,PATALIPUTRA,3018970,Ram Kripal Yadav,11.77,10.2414,10.2414,10.0786,10.08,0.0,325.0,325.0,318.0,85.64146134239593,100.0,97.84615384615385,False,1,Normal,0.07320287267328834,No unusual pattern detected,Normal,Normal,Normal,No Unusual Pattern,17th Lok Sabha
17th Lok Sabha,5,Lok Sabha,6,Bihar,49,PATNA SAHIB,3018979,Ravi Shankar Prasad,11.77,10.3604,10.3604,10.104,10.28,0.0,202.0,202.0,198.0,87.34069668649109,100.0,98.01980198019803,False,1,Normal,0.07416017266210584,No unusual pattern detected,Normal,Normal,Normal,No Unusual Pattern,17th Lok Sabha
17th Lok Sabha,5,Lok Sabha,6,Bihar,50,KARAKAT,3017172,Mahabali Singh,7.36,7.2804,7.2804,7.2804,7.28,0.0,106.0,106.0,106.0,98.91304347826086,100.0,100.0,False,1,Normal,0.09144793368743243,No unusual pattern detected,Normal,Normal,Normal,No Unusual Pattern,17th Lok Sabha
17th Lok Sabha,5,Lok Sabha,6,Bihar,51,SIWAN,3018980,Smt Kavita Singh,9.81,9.6657,9.6657,9.6657,9.67,0.0,109.0,109.0,109.0,98.57288481141691,100.0,100.0,False,1,Normal,0.09139773515451077,No unusual pattern detected,Normal,Normal,Normal,No Unusual Pattern,17th Lok Sabha
17th Lok Sabha,5,Lok Sabha,6,Bihar,52,ARRAH,3018978,Raj Kumar Singh,14.22,12.4875,12.4875,11.5543,11.69,0.0,98.0,98.0,90.0,82.20815752461321,100.0,91.83673469387756,False,1,Normal,0.06771459421155246,No unusual pattern detected,Normal,Normal,Normal,No Unusual Pattern,17th Lok Sabha
17th Lok Sabha,5,Lok Sabha,6,Bihar,53,KISHANGANJ,3017384,Dr Mohammad Jawed (17th Lok Sabha),9.64,9.6395,9.6395,9.6395,9.64,0.0,124.0,124.0,124.0,100.0,100.0,100.0,False,1,Normal,0.06555804507488894,No unusual pattern detected,Normal,Normal,Normal,No Unusual Pattern,17th Lok Sabha
17th Lok Sabha,5,Lok Sabha,6,Bihar,54,JAMUI(SC),3018965,Chirag Paswan,5.95,5.9346,5.9346,5.3946,5.39,0.0,233.0,233.0,222.0,90.58823529411764,100.0,95.27896995708154,False,1,Normal,0.08516380371641052,No unusual pattern detected,Normal,Normal,Normal,No Unusual Pattern,17th Lok Sabha
17th Lok Sabha,5,Lok Sabha,6,Bihar,55,PURVI CHAMPARAN,3018969,Radha Mohan Singh,9.81,8.6158,8.6158,8.6158,8.62,0.0,63.0,63.0,63.0,87.86952089704381,100.0,100.0,False,1,Normal,0.061327037491637426,No unusual pattern detected,Normal,Normal,Normal,No Unusual Pattern,17th Lok Sabha
17th Lok Sabha,5,Lok Sabha,6,Bihar,56,SHEOHAR,3018981,Smt Rama Devi,7.36,7.3027,7.3027,7.3027,7.3,0.0,88.0,88.0,88.0,99.18478260869564,100.0,100.0,False,1,Normal,0.08892308922174152,No unusual pattern detected,Normal,Normal,Normal,No Unusual Pattern,17th Lok Sabha
17th Lok Sabha,5,Lok Sabha,6,Bihar,57,PURNEA,3017173,Santosh Kumar,9.81,9.7294,9.7294,9.7294,9.73,0.0,100.0,100.0,100.0,99.18450560652396,100.0,100.0,False,1,Normal,0.08906213020824566,No unusual pattern detected,Normal,Normal,Normal,No Unusual Pattern,17th Lok Sabha
17th Lok Sabha,5,Lok Sabha,6,Bihar,58,SASARAM(SC),3018964,Chhedi Paswan,4.91,4.7694,4.7694,4.7475,4.75,0.0,86.0,86.0,84.0,96.74134419551935,100.0,97.67441860465115,False,1,Normal,0.10115435492507063,No unusual pattern detected,Normal,Normal,Normal,No Unusual Pattern,17th Lok Sabha
17th Lok Sabha,5,Lok Sabha,6,Bihar,59,HAJIPUR(SC),3018976,Pashupati Kumar Paras,7.36,6.9701,6.9701,6.9701,6.97,0.0,78.0,78.0,78.0,94.70108695652173,100.0,100.0,False,1,Normal,0.08989761951281289,No unusual pattern detected,Normal,Normal,Normal,No Unusual Pattern,17th Lok Sabha
17th Lok Sabha,5,Lok Sabha,6,Bihar,60,BHAGALPUR,3018351,Ajay Kumar Mandal,9.81,9.5852,9.5852,9.0052,9.01,0.0,93.0,93.0,88.0,91.84505606523955,100.0,94.6236559139785,False,1,Normal,0.0920923807753038,No unusual pattern detected,Normal,Normal,Normal,No Unusual Pattern,17th Lok Sabha
17th Lok Sabha,5,Lok Sabha,6,Bihar,61,JAHANABAD,3018974,Chandeshwar Prasad,9.81,9.5274,9.5274,9.3294,9.5,0.0,244.0,244.0,239.0,96.83995922528032,100.0,97.95081967213115,False,1,Normal,0.10194266392987678,No unusual pattern detected,Normal,Normal,Normal,No Unusual Pattern,17th Lok Sabha
17th Lok Sabha,5,Lok Sabha,6,Bihar,62,JHANJHARPUR,3018360,Ramprit Mandal,4.91,4.8847,4.8847,4.8847,4.88,0.0,61.0,61.0,61.0,99.38900203665987,100.0,100.0,False,1,Normal,0.08613416699410087,No unusual pattern detected,Normal,Normal,Normal,No Unusual Pattern,17th Lok Sabha
17th Lok Sabha,5,Lok Sabha,6,Bihar,63,MADHUBANI,3018353,Ashok Kumar Yadav,7.36,7.0921,7.0921,7.0921,7.09,0.0,84.0,84.0,84.0,96.33152173913044,100.0,100.0,False,1,Normal,0.09857746698791614,No unusual pattern detected,Normal,Normal,Normal,No Unusual Pattern,17th Lok Sabha
17th Lok Sabha,5,Lok Sabha,6,Bihar,64,NALANDA,3018354,Kaushalendra Kumar,9.81,8.2963,8.2963,8.2063,8.21,0.0,292.0,288.0,286.0,83.69011213047911,100.0,99.30555555555556,False,1,Normal,0.05705880478799186,No unusual pattern detected,Normal,Normal,Normal,No Unusual Pattern,17th Lok Sabha
17th Lok Sabha,5,Lok Sabha,6,Bihar,65,MADHEPURA,3018975,Dinesh Chandra Yadav,11.46,11.4168,11.4168,10.9783,11.2,0.0,128.0,128.0,124.0,97.73123909249563,100.0,96.875,False,1,Normal,0.09271411617593223,No unusual pattern detected,Normal,Normal,Normal,No Unusual Pattern,17th Lok Sabha
17th Lok Sabha,5,Lok Sabha,6,Bihar,66,MUNGER,3018357,Rajiv Ranjan (Lalan) Singh,14.3,13.012,13.012,10.0976,10.26,0.0,342.0,342.0,276.0,71.74825174825175,100.0,80.7017543859649,False,1,Normal,0.06775773683592262,No unusual pattern detected,Normal,Normal,Normal,No Unusual Pattern,17th Lok Sabha
17th Lok Sabha,5,Lok Sabha,6,Bihar,67,UJJARPUR,3021513,Nityanand Rai (17th Lok Sabha),9.81,9.5813,9.5813,9.5813,9.58,0.0,320.0,320.0,320.0,97.65545361875637,100.0,100.0,False,1,Normal,0.09563970155765283,No unusual pattern detected,Normal,Normal,Normal,No Unusual Pattern,17th Lok Sabha
17th Lok Sabha,5,Lok Sabha,6,Bihar,68,SAMASTIPUR(SC),3017385,Shri  Prince Raj (17th Lok Sabha),7.36,7.2704,7.2704,7.1904,7.25,0.0,91.0,91.0,90.0,98.50543478260869,100.0,98.9010989010989,False,1,Normal,0.08556982213167308,No unusual pattern detected,Normal,Normal,Normal,No Unusual Pattern,17th Lok Sabha
17th Lok Sabha,5,Lok Sabha,6,Bihar,69,BANKA,3018966,Giridhari Yadav,7.36,7.3087,7.3087,6.7492,7.2,0.0,85.0,85.0,75.0,97.82608695652173,100.0,88.23529411764706,False,1,Normal,0.08349244538935674,No unusual pattern detected,Normal,Normal,Normal,No Unusual Pattern,17th Lok Sabha
17th Lok Sabha,5,Lok Sabha,6,Bihar,70,AURANGABAD_BR,3018973,Sushil Kumar Singh,11.77,10.7647,10.7647,9.3022,9.67,0.0,266.0,266.0,234.0,82.15802888700085,100.0,87.96992481203007,False,1,Normal,0.08429385335405776,No unusual pattern detected,Normal,Normal,Normal,No Unusual Pattern,17th Lok Sabha
17th Lok Sabha,5,Lok Sabha,6,Bihar,71,KHAGARIA,3018959,Chaudhary Mehboob Ali Kaiser,4.91,4.7555,4.7555,4.7138,4.71,0.0,162.0,162.0,159.0,95.9266802443992,100.0,98.14814814814815,False,1,Normal,0.1003450763110828,No unusual pattern detected,Normal,Normal,Normal,No Unusual Pattern,17th Lok Sabha
17th Lok Sabha,5,Lok Sabha,6,Bihar,72,SITAMARHI,3018358,Sunil Kumar Pintu,9.81,9.6768,9.6768,9.6768,9.68,0.0,179.0,179.0,179.0,98.67482161060141,100.0,100.0,False,1,Normal,0.09139053316048629,No unusual pattern detected,Normal,Normal,Normal,No Unusual Pattern,17th Lok Sabha
17th Lok Sabha,5,Lok Sabha,6,Bihar,73,SUPAUL,3018359,Dileshwar Kamait,5.57,5.5692,5.5692,5.5692,5.57,0.0,48.0,48.0,48.0,100.0,100.0,100.0,False,1,Normal,0.06555804507488894,No unusual pattern detected,Normal,Normal,Normal,No Unusual Pattern,17th Lok Sabha
17th Lok Sabha,5,Lok Sabha,6,Bihar,74,DARBHANGA,3018961,Mr Gopal Jee Thakur,11.77,11.7055,11.7055,11.435,11.43,0.0,273.0,273.0,268.0,97.11129991503823,100.0,98.16849816849816,False,1,Normal,0.10161682008257628,No unusual pattern detected,Normal,Normal,Normal,No Unusual Pattern,17th Lok Sabha
17th Lok Sabha,5,Lok Sabha,6,Bihar,75,SARAN,3018356,Rajiv Pratap Rudy,28.92,18.9497,18.9497,3.2588,7.19,0.0,47.0,47.0,17.0,24.861687413554634,100.0,36.17021276595745,True,-1,Potential Anomaly,-0.06814409549892986,Low fund utilization (24.86%),Low,Normal,Normal,ML + Indicator Outlier,17th Lok Sabha
17th Lok Sabha,5,Lok Sabha,6,Bihar,76,MAHARAJGANJ_BR,3017381,Shri Janardan Singh Sigriwal (17th Lok Sabha),11.77,10.8987,10.8987,10.3579,10.41,0.0,102.0,102.0,97.0,88.44519966015294,100.0,95.09803921568627,False,1,Normal,0.07844505165534421,No unusual pattern detected,Normal,Normal,Normal,No Unusual Pattern,17th Lok Sabha
17th Lok Sabha,5,Lok Sabha,6,Bihar,77,BEGUSARAI,3018967,Giriraj Singh,9.81,9.436,9.436,8.4262,9.04,0.0,78.0,78.0,70.0,92.15086646279306,100.0,89.74358974358975,False,1,Normal,0.09892029512879386,No unusual pattern detected,Normal,Normal,Normal,No Unusual Pattern,17th Lok Sabha
17th Lok Sabha,5,Lok Sabha,6,Bihar,78,VALMIKI NAGAR,3018972,Sunil Kumar,7.36,7.3226,7.3226,7.07,7.07,0.0,82.0,82.0,79.0,96.05978260869566,100.0,96.34146341463415,False,1,Normal,0.10051433215095829,No unusual pattern detected,Normal,Normal,Normal,No Unusual Pattern,17th Lok Sabha
17th Lok Sabha,5,Lok Sabha,6,Bihar,79,PASCHIM CHAMPARAN,3018960,Sanjay Jaiswal,11.77,11.1684,11.1284,10.8984,10.9,0.0,240.0,239.0,234.0,92.60832625318606,99.6418466387307,97.90794979079497,False,1,Normal,0.05863272741550957,No unusual pattern detected,Normal,Normal,Normal,No Unusual Pattern,17th Lok Sabha
17th Lok Sabha,5,Lok Sabha,6,Bihar,80,BUXAR,3018962,Ashwini Kumar Choubey,7.36,5.8234,5.8234,4.9439,5.03,0.0,70.0,70.0,62.0,68.34239130434783,100.0,88.57142857142857,False,1,Normal,0.049313296054404154,No unusual pattern detected,Normal,Normal,Normal,No Unusual Pattern,17th Lok Sabha
17th Lok Sabha,5,Lok Sabha,6,Bihar,81,NAWADA,3018963,Chandan Singh,11.77,11.6314,11.5989,10.8986,11.01,0.0,339.0,334.0,318.0,93.54290569243841,99.72058393658546,95.20958083832335,False,1,Normal,0.061860734398739736,No unusual pattern detected,Normal,Normal,Normal,No Unusual Pattern,17th Lok Sabha
17th Lok Sabha,5,Lok Sabha,6,Bihar,82,GAYA (SC),3018361,vijay kumar,7.36,6.8485,6.8485,6.6735,6.75,0.0,90.0,90.0,87.0,91.71195652173913,100.0,96.66666666666667,False,1,Normal,0.0925988460564886,No unusual pattern detected,Normal,Normal,Normal,No Unusual Pattern,17th Lok Sabha
17th Lok Sabha,5,Lok Sabha,6,Bihar,83,GOPALGANJ (SC),3018350,Alok Kumar Suman,7.36,7.0372,7.0372,7.0372,7.04,0.0,104.0,104.0,104.0,95.65217391304347,100.0,100.0,False,1,Normal,0.09785176517420252,No unusual pattern detected,Normal,Normal,Normal,No Unusual Pattern,17th Lok Sabha
17th Lok Sabha,5,Lok Sabha,7,Chandigarh,84,CHANDIGARH,3018982,Smt Kirron Kher,6.75,5.2988,5.2988,4.0575,4.71,0.0,28.0,28.0,23.0,69.77777777777777,100.0,82.14285714285714,False,1,Normal,0.06265556672740141,No unusual pattern detected,Normal,Normal,Normal,No Unusual Pattern,17th Lok Sabha
17th Lok Sabha,5,Lok Sabha,8,Chhattisgarh,85,RAIGARH(ST),3018987,Smt Gomati Sai,5.38,4.1128,4.1128,3.6504,3.86,0.0,64.0,64.0,51.0,71.74721189591078,100.0,79.6875,False,1,Normal,0.0661106541428042,No unusual pattern detected,Normal,Normal,Normal,No Unusual Pattern,17th Lok Sabha
17th Lok Sabha,5,Lok Sabha,8,Chhattisgarh,86,DURG,3018986,Vijay Baghel,7.36,7.1017,7.1017,6.0067,6.91,0.0,136.0,136.0,115.0,93.88586956521739,100.0,84.55882352941177,False,1,Normal,0.10458686398339828,No unusual pattern detected,Normal,Normal,Normal,No Unusual Pattern,17th Lok Sabha
17th Lok Sabha,5,Lok Sabha,8,Chhattisgarh,87,KORBA,3018366,Jyotsna Charandas Mahant,4.8,4.7952,4.7952,3.8752,4.48,0.0,110.0,110.0,86.0,93.33333333333334,100.0,78.18181818181819,False,1,Normal,0.10062987520961325,No unusual pattern detected,Normal,Normal,Normal,No Unusual Pattern,17th Lok Sabha
17th Lok Sabha,5,Lok Sabha,8,Chhattisgarh,88,KANKER(ST),3018983,Mohan Mandavi,7.27,7.2671,7.2671,6.4021,7.14,0.0,153.0,153.0,130.0,98.21182943603851,100.0,84.9673202614379,False,1,Normal,0.08123256831784387,No unusual pattern detected,Normal,Normal,Normal,No Unusual Pattern,17th Lok Sabha
17th Lok Sabha,5,Lok Sabha,8,Chhattisgarh,89,JANJGIR CHAMPA(SC),3018362,Guharam Ajgalley,4.87,4.8688,4.8688,4.7688,4.84,0.0,148.0,148.0,147.0,99.38398357289527,100.0,99.32432432432432,False,1,Normal,0.07786503698653519,No unusual pattern detected,Normal,Normal,Normal,No Unusual Pattern,17th Lok Sabha
17th Lok Sabha,5,Lok Sabha,8,Chhattisgarh,90,MAHASAMUND,3018364,Chunni lal Sahu,4.96,4.8983,4.8983,4.3583,4.7,0.0,91.0,91.0,81.0,94.75806451612904,100.0,89.01098901098901,False,1,Normal,0.09875152711803586,No unusual pattern detected,Normal,Normal,Normal,No Unusual Pattern,17th Lok Sabha
17th Lok Sabha,5,Lok Sabha,8,Chhattisgarh,91,BILASPUR,3018363,Arun Sao,7.35,6.855,6.805,4.915,6.1,0.0,149.0,148.0,107.0,82.99319727891157,99.27060539752006,72.2972972972973,False,1,Normal,0.06479973846599762,No unusual pattern detected,Normal,Normal,Normal,No Unusual Pattern,17th Lok Sabha
17th Lok Sabha,5,Lok Sabha,8,Chhattisgarh,92,BASTAR(ST),3018984,Deepak Baij,7.36,7.2754,6.7071,4.7404,5.75,0.0,163.0,150.0,123.0,78.125,92.18874563597876,82.0,False,1,Normal,0.00381413161243771,No unusual pattern detected,Normal,Normal,Normal,No Unusual Pattern,17th Lok Sabha
17th Lok Sabha,5,Lok Sabha,8,Chhattisgarh,93,RAIPUR,3018985,Sunil Kumar Soni,9.45,9.4457,9.4457,7.4367,8.92,0.0,217.0,217.0,170.0,94.39153439153439,100.0,78.3410138248848,False,1,Normal,0.09793944313587372,No unusual pattern detected,Normal,Normal,Normal,No Unusual Pattern,17th Lok Sabha
17th Lok Sabha,5,Lok Sabha,8,Chhattisgarh,94,RAJNANDGAON,3018365,Santosh Pandey,7.36,6.8575,6.8575,6.123,6.5,0.0,166.0,166.0,150.0,88.31521739130434,100.0,90.36144578313254,False,1,Normal,0.08808160543574955,No unusual pattern detected,Normal,Normal,Normal,No Unusual Pattern,17th Lok Sabha
17th Lok Sabha,5,Lok Sabha,8,Chhattisgarh,95,SARGUJA(ST),3018988,Smt Renuka Singh Saruta,7.35,7.3222,7.1872,4.9201,6.65,0.0,200.0,191.0,85.0,90.47619047619048,98.15629182486138,44.50261780104712,False,1,Normal,0.04702183728227827,No unusual pattern detected,Normal,Normal,Normal,No Unusual Pattern,17th Lok Sabha
17th Lok Sabha,5,Lok Sabha,11,Delhi,98,NORTH WEST DELHI(SC),3019999,Hans Raj Hans (17th Lok Sabha),11.77,10.504,9.422,2.3769,8.45,0.0,95.0,83.0,40.0,71.79269328802039,89.69916222391471,48.19277108433735,False,-1,Potential Anomaly,-0.003709467129318411,Unusual combination of financial and implementation indicators,Normal,Normal,Normal,ML Multivariate,17th Lok Sabha
17th Lok Sabha,5,Lok Sabha,11,Delhi,99,CHANDINI CHOWK,3019998,Dr Harsh Vardhan (17th Lok Sabha),14.22,12.0105,10.9799,4.8415,8.92,0.0,196.0,182.0,88.0,62.72855133614627,91.4191748886391,48.35164835164835,False,1,Normal,0.006154387653905302,No unusual pattern detected,Normal,Normal,Normal,No Unusual Pattern,17th Lok Sabha
17th Lok Sabha,5,Lok Sabha,11,Delhi,100,EAST DELHI,3020008,Gautam Gambhir (17th Lok Sabha),9.81,7.6773,6.5606,2.3746,6.53,0.0,25.0,21.0,16.0,66.56472986748216,85.45452177197713,76.19047619047619,False,-1,Potential Anomaly,-0.03396491481139807,Low sanction rate (85.45%),Normal,Low,Normal,ML + Indicator Outlier,17th Lok Sabha
17th Lok Sabha,5,Lok Sabha,11,Delhi,101,NORTH EAST DELHI,3020007,Manoj Tiwari (17th Lok Sabha),9.81,6.5337,6.4887,2.3215,5.53,0.0,41.0,40.0,25.0,56.3710499490316,99.31126314339501,62.5,False,1,Normal,0.00606309408272665,No unusual pattern detected,Normal,Normal,Normal,No Unusual Pattern,17th Lok Sabha
17th Lok Sabha,5,Lok Sabha,11,Delhi,102,WEST DELHI,3020004,Parvesh Sahib Singh (17th Lok Sabha),11.77,11.2983,11.2983,2.8052,10.95,0.0,98.0,98.0,54.0,93.03313508920985,100.0,55.10204081632652,False,1,Normal,0.07491855908452227,No unusual pattern detected,Normal,Normal,Normal,No Unusual Pattern,17th Lok Sabha
17th Lok Sabha,5,Lok Sabha,11,Delhi,103,NEW DELHI,3020002,Meenakshi Lekhi (17th Lok Sabha),9.81,8.9083,4.396,3.9703,4.19,0.0,31.0,22.0,18.0,42.71151885830785,49.34723796908501,81.81818181818183,False,-1,Potential Anomaly,-0.2152037324798466,Low sanction rate (49.35%),Normal,Low,Normal,ML + Indicator Outlier,17th Lok Sabha
17th Lok Sabha,5,Lok Sabha,11,Delhi,104,SOUTH DELHI,3020003,Ramesh Bidhuri (17th Lok Sabha),9.81,8.7081,8.2081,0.8608,6.71,0.0,41.0,40.0,19.0,68.39959225280326,94.2582193589876,47.5,False,1,Normal,0.036648889544871666,No unusual pattern detected,Normal,Normal,Normal,No Unusual Pattern,17th Lok Sabha
17th Lok Sabha,5,Lok Sabha,12,Goa,105,SOUTH GOA,3018367,Francisco Cosme Sardinha,9.81,9.3396,9.3396,2.5706,7.59,0.0,75.0,75.0,39.0,77.37003058103976,100.0,52.0,False,1,Normal,0.07203627090435066,No unusual pattern detected,Normal,Normal,Normal,No Unusual Pattern,17th Lok Sabha
17th Lok Sabha,5,Lok Sabha,12,Goa,106,NORTH GOA,3018989,Shripad Yesso Naik,11.77,11.4166,5.1877,0.2698,4.43,0.0,50.0,22.0,2.0,37.63806287170773,45.43997337210728,9.090909090909092,False,-1,Potential Anomaly,-0.18787617648671406,Low sanction rate (45.44%),Normal,Low,Normal,ML + Indicator Outlier,17th Lok Sabha
17th Lok Sabha,5,Lok Sabha,27,Gujarat,107,BANASKANTHA,3018998,Parbatbhai Savabhai Patel,7.36,7.3068,7.1068,5.2408,5.97,0.0,153.0,149.0,119.0,81.11413043478261,97.26282367110089,79.86577181208054,False,1,Normal,0.05932399177813402,No unusual pattern detected,Normal,Normal,Normal,No Unusual Pattern,17th Lok Sabha
17th Lok Sabha,5,Lok Sabha,27,Gujarat,108,VADODARA,3018977,Smt Ranjanben Dhananjay Bhatt(17th Lok Sabha),7.36,6.3879,6.2849,6.2849,6.28,0.0,110.0,109.0,109.0,85.32608695652173,98.38757651184271,100.0,False,1,Normal,0.004091428607845948,No unusual pattern detected,Normal,Normal,Normal,No Unusual Pattern,17th Lok Sabha
17th Lok Sabha,5,Lok Sabha,27,Gujarat,109,PORBANDAR,3017387,Shri Rameshbhai Lavjibhai Dhaduk (17th Lok Sabha),7.36,5.6975,5.5175,4.854,5.0,0.0,179.0,175.0,161.0,67.93478260869566,96.84071961386573,92.0,False,-1,Potential Anomaly,-0.013953959077152578,Unusual combination of financial and implementation indicators,Normal,Normal,Normal,ML Multivariate,17th Lok Sabha
17th Lok Sabha,5,Lok Sabha,27,Gujarat,110,MAHESANA,3019006,Smt Shardaben Anilbhai Patel,9.81,9.1205,8.8455,7.2232,7.9,0.0,474.0,463.0,395.0,80.53007135575942,96.98481442903349,85.31317494600432,False,1,Normal,0.04631881091510792,No unusual pattern detected,Normal,Normal,Normal,No Unusual Pattern,17th Lok Sabha
17th Lok Sabha,5,Lok Sabha,27,Gujarat,111,VALSAD(ST),3017386,Dr K C Patel (17th Lok Sabha),9.81,9.6388,9.6388,9.6388,9.64,0.0,298.0,298.0,298.0,98.26707441386341,100.0,100.0,False,1,Normal,0.09273885821822098,No unusual pattern detected,Normal,Normal,Normal,No Unusual Pattern,17th Lok Sabha
17th Lok Sabha,5,Lok Sabha,27,Gujarat,112,AMRELI,3018997,Naranbhai Bhikhabhai Kachhadiya,7.36,7.0776,7.0076,5.8952,6.03,0.0,267.0,264.0,215.0,81.92934782608695,99.01096416864473,81.43939393939394,False,1,Normal,0.06851378647335421,No unusual pattern detected,Normal,Normal,Normal,No Unusual Pattern,17th Lok Sabha
17th Lok Sabha,5,Lok Sabha,27,Gujarat,113,BARDOLI(ST),3018999,Prabhubhai Nagarbhai Vasava,9.81,5.0932,5.0932,4.9432,5.07,0.0,168.0,168.0,167.0,51.681957186544345,100.0,99.40476190476191,False,-1,Potential Anomaly,-0.052254823601317724,Unusual combination of financial and implementation indicators,Normal,Normal,Normal,ML Multivariate,17th Lok Sabha
17th Lok Sabha,5,Lok Sabha,27,Gujarat,114,SURAT,3019004,Smt Darshana Vikram Jardosh,7.36,6.9078,6.9078,6.5428,6.55,0.0,63.0,63.0,61.0,88.9945652173913,100.0,96.82539682539682,False,1,Normal,0.0838783918168653,No unusual pattern detected,Normal,Normal,Normal,No Unusual Pattern,17th Lok Sabha
17th Lok Sabha,5,Lok Sabha,27,Gujarat,115,ANAND,3018996,Mitesh Rameshbhai Bakabhai Patel,7.36,7.1324,7.0899,6.3564,6.42,0.0,399.0,396.0,355.0,87.2282608695652,99.40412764286917,89.64646464646465,False,1,Normal,0.06726362301588357,No unusual pattern detected,Normal,Normal,Normal,No Unusual Pattern,17th Lok Sabha
17th Lok Sabha,5,Lok Sabha,27,Gujarat,116,DAHOD(ST),3018994,Jaswantsinh Sumanbhai Bhabhor,9.81,8.1664,8.1464,3.0319,4.15,0.0,480.0,479.0,112.0,42.303771661569826,99.75509404388715,23.382045929018787,False,-1,Potential Anomaly,-0.020692435637677087,Unusual combination of financial and implementation indicators,Normal,Normal,Normal,ML Multivariate,17th Lok Sabha
17th Lok Sabha,5,Lok Sabha,27,Gujarat,117,PATAN,3018991,Bharatsinhji Shankarji Dabhi,7.36,6.8817,6.7617,5.1818,6.03,0.0,228.0,225.0,178.0,81.92934782608695,98.25624482322681,79.11111111111111,False,1,Normal,0.0679496148413245,No unusual pattern detected,Normal,Normal,Normal,No Unusual Pattern,17th Lok Sabha
17th Lok Sabha,5,Lok Sabha,27,Gujarat,118,SURENDRANAGAR,3017391,Dr Mahendrabhai Munjapara (17th Lok Sabha),9.81,8.9721,8.8921,7.4873,8.45,0.0,267.0,264.0,232.0,86.13659531090723,99.1083469867701,87.87878787878788,False,1,Normal,0.06902504520804709,No unusual pattern detected,Normal,Normal,Normal,No Unusual Pattern,17th Lok Sabha
17th Lok Sabha,5,Lok Sabha,27,Gujarat,119,BHAVNAGAR,3018990,Bharatiben Dhirubhai Shyal,9.81,9.4443,8.6868,6.755,7.92,0.0,390.0,369.0,263.0,80.73394495412843,91.97928909500969,71.27371273712737,False,1,Normal,0.022466965799175842,No unusual pattern detected,Normal,Normal,Normal,No Unusual Pattern,17th Lok Sabha
17th Lok Sabha,5,Lok Sabha,27,Gujarat,120,JAMNAGAR,3019005,Smt Poonamben Hematbhai Maadam,12.38,10.2708,10.2708,6.8058,7.9,0.0,317.0,317.0,213.0,63.812600969305336,100.0,67.19242902208202,False,1,Normal,0.043617053327094646,No unusual pattern detected,Normal,Normal,Normal,No Unusual Pattern,17th Lok Sabha
17th Lok Sabha,5,Lok Sabha,27,Gujarat,121,NAVSARI,3018992,C R Patil,6.89,6.8252,6.8252,5.7402,5.79,0.0,162.0,162.0,139.0,84.03483309143687,100.0,85.80246913580247,False,1,Normal,0.08837547306961996,No unusual pattern detected,Normal,Normal,Normal,No Unusual Pattern,17th Lok Sabha
17th Lok Sabha,5,Lok Sabha,27,Gujarat,122,JUNAGADH,3017388,Shri Rajeshbhai Naranbhai Chudasama (17th Lok Sabha),9.81,5.8174,5.8174,5.0946,5.55,0.0,171.0,171.0,154.0,56.5749235474006,100.0,90.05847953216374,False,-1,Potential Anomaly,-0.00826133160107001,Unusual combination of financial and implementation indicators,Normal,Normal,Normal,ML Multivariate,17th Lok Sabha
17th Lok Sabha,5,Lok Sabha,27,Gujarat,123,KHEDA,3017181,Devusinh Jesingbhai Chauhan,9.81,9.1585,9.0205,6.5699,6.88,0.0,463.0,458.0,373.0,70.13251783893986,98.49320303543156,81.4410480349345,False,1,Normal,0.04423764403343028,No unusual pattern detected,Normal,Normal,Normal,No Unusual Pattern,17th Lok Sabha
17th Lok Sabha,5,Lok Sabha,27,Gujarat,124,AHMEDABAD EAST,3019002,Hasmukh Bhai Soma Bhai Patel,7.36,6.8006,6.8006,4.3584,4.81,0.0,161.0,161.0,89.0,65.3532608695652,100.0,55.27950310559007,False,1,Normal,0.06017382919236175,No unusual pattern detected,Normal,Normal,Normal,No Unusual Pattern,17th Lok Sabha
17th Lok Sabha,5,Lok Sabha,27,Gujarat,125,AHMEDABAD WEST(SC),3019240,Kirit Premjibhai Solanki(17th Lok Sabha),6.01,6.0129,6.0129,3.3694,3.47,0.0,77.0,77.0,30.0,57.73710482529118,100.0,38.961038961038966,False,1,Normal,0.038588731075593075,No unusual pattern detected,Normal,Normal,Normal,No Unusual Pattern,17th Lok Sabha
17th Lok Sabha,5,Lok Sabha,27,Gujarat,126,GANDHINAGAR,3047999,Amit Shah (Ex 17 Lok Sabha),7.35,6.0736,6.0736,3.0839,3.45,0.0,142.0,142.0,77.0,46.93877551020408,100.0,54.22535211267606,False,-1,Potential Anomaly,-0.009048216498027672,Unusual combination of financial and implementation indicators,Normal,Normal,Normal,ML Multivariate,17th Lok Sabha
17th Lok Sabha,5,Lok Sabha,27,Gujarat,127,KACHCHH(SC),3019001,Vinod Chavda(17th Lok Sabha),7.36,6.7832,6.7832,3.9482,4.82,0.0,191.0,191.0,113.0,65.48913043478261,100.0,59.16230366492147,False,1,Normal,0.06152499848878029,No unusual pattern detected,Normal,Normal,Normal,No Unusual Pattern,17th Lok Sabha
17th Lok Sabha,5,Lok Sabha,27,Gujarat,128,RAJKOT,3017390,Shri Mohanbhai Kalyanji Kundariya (17th Lok Sabha),11.77,10.008,9.983,9.4536,9.58,0.0,272.0,271.0,257.0,81.39337298215803,99.7501998401279,94.8339483394834,False,1,Normal,0.03923527865277776,No unusual pattern detected,Normal,Normal,Normal,No Unusual Pattern,17th Lok Sabha
17th Lok Sabha,5,Lok Sabha,27,Gujarat,129,SABARKANTHA,3018993,Dipsinh Shankarsinh Rathod,7.36,7.1433,7.1183,4.6864,6.43,0.0,218.0,217.0,128.0,87.36413043478261,99.65002169865468,58.986175115207374,False,1,Normal,0.05998387693636992,No unusual pattern detected,Normal,Normal,Normal,No Unusual Pattern,17th Lok Sabha
17th Lok Sabha,5,Lok Sabha,27,Gujarat,130,CHHOTA UDAIPUR(ST),3017393,Smt Gitaben Vajesingbhai Rathva (17th Lok Sabha),7.36,6.9775,6.9775,5.8647,6.2,0.0,332.0,332.0,279.0,84.23913043478261,100.0,84.03614457831326,False,1,Normal,0.09205525466300135,No unusual pattern detected,Normal,Normal,Normal,No Unusual Pattern,17th Lok Sabha
17th Lok Sabha,5,Lok Sabha,27,Gujarat,131,PANCHMAHAL,3019000,Ratansinh Magansinh Rathod,9.81,9.4314,8.9824,6.0285,7.63,0.0,492.0,475.0,299.0,77.77777777777777,95.23930699578005,62.94736842105263,False,1,Normal,0.044147456952472575,No unusual pattern detected,Normal,Normal,Normal,No Unusual Pattern,17th Lok Sabha
17th Lok Sabha,5,Lok Sabha,27,Gujarat,132,BHARUCH,3018995,Mansukhbhai Dhanjibhai Vasava,7.36,6.2742,6.2742,5.1042,5.24,0.0,226.0,226.0,214.0,71.19565217391305,100.0,94.69026548672566,False,1,Normal,0.03443593419698665,No unusual pattern detected,Normal,Normal,Normal,No Unusual Pattern,17th Lok Sabha
17th Lok Sabha,5,Lok Sabha,14,Haryana,133,SONEPAT,3019008,Ramesh Chander Kaushik,7.36,6.7443,6.5861,0.4245,4.97,0.0,134.0,129.0,4.0,67.52717391304347,97.65431549604851,3.10077519379845,False,-1,Potential Anomaly,-0.015925858607706123,Unusual combination of financial and implementation indicators,Normal,Normal,Normal,ML Multivariate,17th Lok Sabha
17th Lok Sabha,5,Lok Sabha,14,Haryana,134,KURUKSHETRA,3019010,Nayab Singh,7.36,6.499,6.399,2.2146,5.3,0.0,123.0,121.0,43.0,72.01086956521738,98.46130173872905,35.53719008264463,False,1,Normal,0.044450850846615375,No unusual pattern detected,Normal,Normal,Normal,No Unusual Pattern,17th Lok Sabha
17th Lok Sabha,5,Lok Sabha,14,Haryana,135,HISAR,3019009,Brijendra Singh,9.81,9.2067,8.9772,3.0459,7.36,0.0,334.0,327.0,158.0,75.02548419979613,97.50725015477859,48.318042813455655,False,1,Normal,0.04630225674514582,No unusual pattern detected,Normal,Normal,Normal,No Unusual Pattern,17th Lok Sabha
17th Lok Sabha,5,Lok Sabha,14,Haryana,136,KARNAL,3019012,Sanjay Bhatia,11.77,11.1124,11.1124,6.0058,9.29,0.0,140.0,140.0,76.0,78.92948173322004,100.0,54.285714285714285,False,1,Normal,0.07348593662651642,No unusual pattern detected,Normal,Normal,Normal,No Unusual Pattern,17th Lok Sabha
17th Lok Sabha,5,Lok Sabha,14,Haryana,137,SIRSA(SC),3019239,Sunita Duggal(17TH Lok Sabha),7.36,7.0107,6.9608,1.9142,5.09,0.0,198.0,197.0,65.0,69.15760869565217,99.28823084713366,32.99492385786802,False,1,Normal,0.044108234595257756,No unusual pattern detected,Normal,Normal,Normal,No Unusual Pattern,17th Lok Sabha
17th Lok Sabha,5,Lok Sabha,14,Haryana,138,GURGAON,3018368,Rao Inderjit Singh,9.81,9.1511,9.1511,3.1811,6.53,0.0,122.0,122.0,49.0,66.56472986748216,100.0,40.16393442622951,False,1,Normal,0.061449829636622044,No unusual pattern detected,Normal,Normal,Normal,No Unusual Pattern,17th Lok Sabha
17th Lok Sabha,5,Lok Sabha,14,Haryana,140,FARIDABAD,3019007,Krishan Pal Gurjar,11.77,11.6193,11.2425,3.2814,7.07,0.0,158.0,151.0,59.0,60.06796941376381,96.75711961994267,39.0728476821192,False,1,Normal,0.017623881436419575,No unusual pattern detected,Normal,Normal,Normal,No Unusual Pattern,17th Lok Sabha
17th Lok Sabha,5,Lok Sabha,14,Haryana,141,BHIWANI MAHENDRAGARH,3017394,Shri  Dharambir Singh (17th Lok Sabha),4.91,4.4194,4.4194,3.7284,4.16,0.0,111.0,111.0,96.0,84.72505091649694,100.0,86.48648648648648,False,1,Normal,0.08993751958926194,No unusual pattern detected,Normal,Normal,Normal,No Unusual Pattern,17th Lok Sabha
17th Lok Sabha,5,Lok Sabha,14,Haryana,142,ROHTAK,3019238,Arvind Kumar Sharma(17TH Lok Sabha),11.77,10.7149,10.2049,4.3049,7.79,0.0,180.0,170.0,73.0,66.18521665250637,95.24027289102092,42.94117647058823,False,1,Normal,0.03420941258548982,No unusual pattern detected,Normal,Normal,Normal,No Unusual Pattern,17th Lok Sabha
17th Lok Sabha,5,Lok Sabha,15,Himachal Pradesh,143,HAMIRPUR_HP,3018369,Anurag Singh Thakur,9.55,9.5488,9.3788,3.3576,8.5,0.0,655.0,647.0,214.0,89.00523560209423,98.21967158176945,33.07573415765069,False,1,Normal,0.04707367011566016,No unusual pattern detected,Normal,Normal,Normal,No Unusual Pattern,17th Lok Sabha
17th Lok Sabha,5,Lok Sabha,15,Himachal Pradesh,144,KANGRA,3019013,Kishan Kapoor,7.91,7.8446,7.8446,1.8088,6.05,0.0,345.0,345.0,110.0,76.48546144121366,100.0,31.88405797101449,False,1,Normal,0.056332104381582704,No unusual pattern detected,Normal,Normal,Normal,No Unusual Pattern,17th Lok Sabha
17th Lok Sabha,5,Lok Sabha,15,Himachal Pradesh,145,SHIMLA (SC),3019014,Suresh Kumar Kashyap,6.77,6.6782,6.6782,1.5152,6.15,0.0,355.0,355.0,87.0,90.84194977843428,100.0,24.507042253521128,False,1,Normal,0.04743389066682835,No unusual pattern detected,Normal,Normal,Normal,No Unusual Pattern,17th Lok Sabha
17th Lok Sabha,5,Lok Sabha,15,Himachal Pradesh,146,MANDI,3019015,Smt Pratibha Singh,7.36,6.9063,6.7863,0.8359,4.8,0.0,392.0,387.0,49.0,65.21739130434781,98.26245601841796,12.661498708010335,False,1,Normal,0.008259357991046656,No unusual pattern detected,Normal,Normal,Normal,No Unusual Pattern,17th Lok Sabha
17th Lok Sabha,5,Lok Sabha,16,Jammu And Kashmir,147,ANANTNAG,3019018,Hasnain Masoodi,9.81,8.1976,8.1526,6.1894,7.04,0.0,356.0,354.0,240.0,71.76350662589195,99.45105884649166,67.79661016949152,False,1,Normal,0.04950304040703968,No unusual pattern detected,Normal,Normal,Normal,No Unusual Pattern,17th Lok Sabha
17th Lok Sabha,5,Lok Sabha,16,Jammu And Kashmir,148,UDHAMPUR,3019016,Jitendra Singh,7.36,5.9494,5.6994,2.5146,3.5,0.0,151.0,150.0,106.0,47.55434782608695,95.79789558610953,70.66666666666667,False,-1,Potential Anomaly,-0.04127771568360361,Unusual combination of financial and implementation indicators,Normal,Normal,Normal,ML Multivariate,17th Lok Sabha
17th Lok Sabha,5,Lok Sabha,16,Jammu And Kashmir,149,BARAMULLAH,3019019,Mohammad Akbar Lone,7.36,6.6068,6.4539,3.2889,5.09,0.0,214.0,207.0,137.0,69.15760869565217,97.68571774535327,66.18357487922705,False,1,Normal,0.04473088601554104,No unusual pattern detected,Normal,Normal,Normal,No Unusual Pattern,17th Lok Sabha
17th Lok Sabha,5,Lok Sabha,16,Jammu And Kashmir,150,JAMMU,3017396,Shri Jugal Kishore Sharma (17th Lok Sabha),7.36,5.6289,5.2689,4.0444,4.37,0.0,112.0,109.0,87.0,59.375,93.60443425891383,79.81651376146789,False,-1,Potential Anomaly,-0.025500020268559354,Unusual combination of financial and implementation indicators,Normal,Normal,Normal,ML Multivariate,17th Lok Sabha
17th Lok Sabha,5,Lok Sabha,17,Jharkhand,152,HAZARIBAGH,3017398,Shri Jayant Sinha (17th Lok Sabha),7.36,7.3474,5.5974,0.0524,4.01,0.0,122.0,101.0,2.0,54.4836956521739,76.18205079347796,1.9801980198019802,False,-1,Potential Anomaly,-0.09322246905743803,Low sanction rate (76.18%),Normal,Low,Normal,ML + Indicator Outlier,17th Lok Sabha
17th Lok Sabha,5,Lok Sabha,17,Jharkhand,154,DHANBAD,3018371,Pashupati Nath Singh,7.36,7.3475,7.2957,0.085,7.23,0.0,262.0,260.0,2.0,98.2336956521739,99.29499829874106,0.7692307692307693,False,-1,Potential Anomaly,-0.027925033098954666,Unusual combination of financial and implementation indicators,Normal,Normal,Normal,ML Multivariate,17th Lok Sabha
17th Lok Sabha,5,Lok Sabha,17,Jharkhand,155,GIRIDIH,3017399,Shri Chandra Prakash Choudhary (17th Lok Sabha),9.81,9.6971,9.6571,1.4616,8.87,0.0,341.0,340.0,50.0,90.41794087665646,99.58750554289426,14.705882352941178,False,1,Normal,0.01780178071102062,No unusual pattern detected,Normal,Normal,Normal,No Unusual Pattern,17th Lok Sabha
17th Lok Sabha,5,Lok Sabha,17,Jharkhand,156,SINGHBHUM(ST),3019025,Geeta Kora(17th Lok Sabha),9.81,9.7832,9.7064,0.0,7.62,0.0,161.0,160.0,0.0,77.67584097859327,99.21498078338375,0.0,False,1,Normal,0.00946734613955974,No unusual pattern detected,Normal,Normal,Normal,No Unusual Pattern,17th Lok Sabha
17th Lok Sabha,5,Lok Sabha,17,Jharkhand,157,LOHARDAGA(ST),3019532,Sudarshan Bhagat (17th Lok Sabha),4.87,4.8742,4.8742,2.9649,4.73,0.0,51.0,51.0,28.0,97.1252566735113,100.0,54.90196078431373,False,1,Normal,0.06406157162241838,No unusual pattern detected,Normal,Normal,Normal,No Unusual Pattern,17th Lok Sabha
17th Lok Sabha,5,Lok Sabha,17,Jharkhand,158,RANCHI,3018372,Sanjay Seth,4.9,4.9,4.8355,1.9793,4.43,0.0,79.0,78.0,33.0,90.4081632653061,98.68367346938774,42.30769230769231,False,1,Normal,0.05495980408356904,No unusual pattern detected,Normal,Normal,Normal,No Unusual Pattern,17th Lok Sabha
17th Lok Sabha,5,Lok Sabha,17,Jharkhand,159,DUMKA(ST),3019026,Sunil Soren,9.77,9.77,9.645,4.96,9.0,0.0,360.0,356.0,183.0,92.11873080859775,98.72057318321393,51.40449438202247,False,1,Normal,0.05201203980343316,No unusual pattern detected,Normal,Normal,Normal,No Unusual Pattern,17th Lok Sabha
17th Lok Sabha,5,Lok Sabha,17,Jharkhand,160,CHATRA,3018373,Sunil Kumar Singh,7.36,7.3495,6.8996,0.3935,0.8575,0.0,34.0,26.0,13.0,11.650815217391305,93.87849513572353,50.0,True,-1,Potential Anomaly,-0.13267205130306226,Low fund utilization (11.65%),Low,Normal,Normal,ML + Indicator Outlier,17th Lok Sabha
17th Lok Sabha,5,Lok Sabha,17,Jharkhand,161,JAMSHEDPUR,3019022,Bidyut Baran Mahato,7.36,7.1577,7.1577,0.0,6.24,0.0,127.0,127.0,0.0,84.78260869565217,100.0,0.0,False,1,Normal,0.03149765969918805,No unusual pattern detected,Normal,Normal,Normal,No Unusual Pattern,17th Lok Sabha
17th Lok Sabha,5,Lok Sabha,17,Jharkhand,162,PALAMU(SC),3018374,Vishnu Dayal Ram,6.31,6.3145,6.0445,3.1845,5.57,0.0,196.0,186.0,96.0,88.27258320126784,95.7241270092644,51.61290322580645,False,1,Normal,0.0386928511144074,No unusual pattern detected,Normal,Normal,Normal,No Unusual Pattern,17th Lok Sabha
17th Lok Sabha,5,Lok Sabha,17,Jharkhand,163,RAJMAHAL(ST),3019023,Vijay Kumar Hansdak,12.23,12.234,11.9833,0.2213,10.85,0.0,590.0,582.0,18.0,88.71627146361406,97.95079287232303,3.0927835051546393,False,1,Normal,0.002596745225139696,No unusual pattern detected,Normal,Normal,Normal,No Unusual Pattern,17th Lok Sabha
17th Lok Sabha,5,Lok Sabha,17,Jharkhand,164,KHUNTI(ST),3017397,Shri Arjun Munda (17th Lok Sabha),7.36,6.9383,6.4815,2.3031,6.35,0.0,151.0,147.0,55.0,86.27717391304347,93.41625470216046,37.41496598639456,False,1,Normal,0.020322198704539385,No unusual pattern detected,Normal,Normal,Normal,No Unusual Pattern,17th Lok Sabha
17th Lok Sabha,5,Lok Sabha,17,Jharkhand,165,KODARMA,3018370,Annpurna Devi,8.67,8.667,7.4015,4.6015,5.9,0.0,288.0,252.0,177.0,68.05074971164937,85.39863851390331,70.23809523809523,False,-1,Potential Anomaly,-0.02851932500595955,Low sanction rate (85.40%),Normal,Low,Normal,ML + Indicator Outlier,17th Lok Sabha
17th Lok Sabha,5,Lok Sabha,18,Karnataka,166,BANGALORE RURAL,3019030,Doddaalahalli Kempegowda Suresh,9.81,9.72,9.72,0.0,9.69,0.0,81.0,81.0,0.0,98.77675840978593,100.0,0.0,False,1,Normal,0.0027126240515620847,No unusual pattern detected,Normal,Normal,Normal,No Unusual Pattern,17th Lok Sabha
17th Lok Sabha,5,Lok Sabha,18,Karnataka,167,BELLARY(ST),3019045,Y Devendrappa(17th Lok Sabha),9.81,9.45,9.45,0.0,8.12,0.0,12.0,12.0,0.0,82.77268093781855,100.0,0.0,False,1,Normal,0.03711962320355755,No unusual pattern detected,Normal,Normal,Normal,No Unusual Pattern,17th Lok Sabha
17th Lok Sabha,5,Lok Sabha,18,Karnataka,168,RAICHUR(ST),3019038,Raja Amareshwara Naik(17th Lok Sabha),9.81,9.7999,9.4999,0.0499,8.89,0.0,204.0,198.0,1.0,90.62181447502549,96.93874427290076,0.5050505050505051,False,1,Normal,0.00032680169082421884,No unusual pattern detected,Normal,Normal,Normal,No Unusual Pattern,17th Lok Sabha
17th Lok Sabha,5,Lok Sabha,18,Karnataka,169,BAGALKOT,3019034,Parvatagouda Chandanagouda Gaddigoudar(17th Lok Sabha),7.36,7.331,7.051,5.391,6.51,0.0,159.0,152.0,120.0,88.45108695652173,96.18060291911063,78.94736842105263,False,1,Normal,0.05075872871624426,No unusual pattern detected,Normal,Normal,Normal,No Unusual Pattern,17th Lok Sabha
17th Lok Sabha,5,Lok Sabha,18,Karnataka,170,KOPPAL,3019041,Sanganna Amarappa Karadi(17th Lok Sabha),9.81,9.7827,9.2502,2.3277,7.77,0.0,301.0,282.0,72.0,79.20489296636084,94.55671747063693,25.53191489361702,False,1,Normal,0.03278779262641973,No unusual pattern detected,Normal,Normal,Normal,No Unusual Pattern,17th Lok Sabha
17th Lok Sabha,5,Lok Sabha,18,Karnataka,171,CHIKBALLAPUR,3019043,Bache BN Gowda(17th Lok Sabha),7.36,7.348,7.348,0.513,6.55,0.0,159.0,159.0,8.0,88.9945652173913,100.0,5.031446540880504,False,1,Normal,0.02704429365400901,No unusual pattern detected,Normal,Normal,Normal,No Unusual Pattern,17th Lok Sabha
17th Lok Sabha,5,Lok Sabha,18,Karnataka,172,GULBARGA(SC),3017405,Dr Umesh G Jadhav (17th Lok Sabha),14.22,14.1857,13.2081,3.5359,11.48,0.0,215.0,201.0,53.0,80.73136427566807,93.10855297940883,26.368159203980102,False,1,Normal,0.024233671109843535,No unusual pattern detected,Normal,Normal,Normal,No Unusual Pattern,17th Lok Sabha
17th Lok Sabha,5,Lok Sabha,18,Karnataka,173,DAKSHINA KANNADA,3017401,Shri Nalin Kumar Kateel (17th Lok Sabha),7.36,7.3123,7.3123,6.2073,6.61,0.0,105.0,105.0,90.0,89.80978260869566,100.0,85.71428571428571,False,1,Normal,0.09816542819157065,No unusual pattern detected,Normal,Normal,Normal,No Unusual Pattern,17th Lok Sabha
17th Lok Sabha,5,Lok Sabha,18,Karnataka,174,SHIMOGA,3017402,Shri B Y Raghavendra (17th Lok Sabha),9.81,9.2135,8.805,6.373,8.18,0.0,225.0,215.0,149.0,83.38430173292558,95.56628859825256,69.30232558139535,False,1,Normal,0.05320697646245054,No unusual pattern detected,Normal,Normal,Normal,No Unusual Pattern,17th Lok Sabha
17th Lok Sabha,5,Lok Sabha,18,Karnataka,175,BELGAUM,3019046,Smt Mangal Suresh Angadi(17th Lok Sabha),9.81,9.7755,6.4705,1.0605,5.77,0.0,183.0,122.0,21.0,58.81753312945973,66.1909876732648,17.21311475409836,False,-1,Potential Anomaly,-0.11012005851465079,Low sanction rate (66.19%),Normal,Low,Normal,ML + Indicator Outlier,17th Lok Sabha
17th Lok Sabha,5,Lok Sabha,18,Karnataka,176,CHIKKODI,3019028,Annasaheb Shankar Jolle,9.81,9.7919,7.7469,0.7119,7.37,0.0,202.0,153.0,16.0,75.12742099898063,79.11539129280324,10.457516339869281,False,-1,Potential Anomaly,-0.0814763264895908,Low sanction rate (79.12%),Normal,Low,Normal,ML + Indicator Outlier,17th Lok Sabha
17th Lok Sabha,5,Lok Sabha,18,Karnataka,177,MYSORE,3019037,Prathap Simha(17th Lok Sabha),4.91,4.76,3.97,0.0,3.19,0.0,113.0,90.0,0.0,64.96945010183299,83.40336134453781,0.0,False,-1,Potential Anomaly,-0.0520734968835056,Low sanction rate (83.40%),Normal,Low,Normal,ML + Indicator Outlier,17th Lok Sabha
17th Lok Sabha,5,Lok Sabha,18,Karnataka,178,UDUPI CHIKMAGALUR,3017403,Km Shobha Karandlaje (17th Lok Sabha),9.81,9.5338,9.1813,6.3613,8.28,0.0,218.0,209.0,150.0,84.40366972477064,96.30262854265877,71.77033492822966,False,1,Normal,0.05029752792006287,No unusual pattern detected,Normal,Normal,Normal,No Unusual Pattern,17th Lok Sabha
17th Lok Sabha,5,Lok Sabha,18,Karnataka,179,HASSAN,3019035,Prajwal Revanna(17th Lok Sabha),9.81,8.5962,8.1362,5.0637,7.16,0.0,260.0,246.0,149.0,72.98674821610601,94.64879830622834,60.56910569105691,False,1,Normal,0.040702945896153475,No unusual pattern detected,Normal,Normal,Normal,No Unusual Pattern,17th Lok Sabha
17th Lok Sabha,5,Lok Sabha,18,Karnataka,180,HAVERI,3019042,Shivkumar Chanabasappa Udasi(17th Lok Sabha),9.81,9.3854,8.8054,6.1304,8.11,0.0,204.0,191.0,135.0,82.67074413863403,93.82018880388688,70.68062827225131,False,1,Normal,0.0348757997495312,No unusual pattern detected,Normal,Normal,Normal,No Unusual Pattern,17th Lok Sabha
17th Lok Sabha,5,Lok Sabha,18,Karnataka,181,BANGALORE NORTH,3017400,Shri DV Sadananda Gowda (17th Lok Sabha),9.81,9.637,9.637,7.172,9.49,0.0,219.0,219.0,156.0,96.73802242609581,100.0,71.23287671232876,False,1,Normal,0.07306348849569355,No unusual pattern detected,Normal,Normal,Normal,No Unusual Pattern,17th Lok Sabha
17th Lok Sabha,5,Lok Sabha,18,Karnataka,182,BANGALORE SOUTH,3017406,Shri LS Tejasvi Surya (17th Lok Sabha),11.77,10.5739,9.8739,4.4639,8.26,0.0,99.0,96.0,62.0,70.17841971112999,93.37992604431668,64.58333333333334,False,1,Normal,0.028556314713400976,No unusual pattern detected,Normal,Normal,Normal,No Unusual Pattern,17th Lok Sabha
17th Lok Sabha,5,Lok Sabha,18,Karnataka,183,BANGALORE CENTRAL,3019529,P C Mohan (17thLok Sabha),8.51,8.5068,7.9068,4.0998,6.66,0.0,56.0,55.0,38.0,78.26086956521739,92.94681901537592,69.0909090909091,False,1,Normal,0.02750168009837456,No unusual pattern detected,Normal,Normal,Normal,No Unusual Pattern,17th Lok Sabha
17th Lok Sabha,5,Lok Sabha,18,Karnataka,184,BIDAR,3019029,Bhagwanth Khuba,7.36,7.2563,5.5894,1.1004,4.24,0.0,254.0,205.0,70.0,57.608695652173914,77.02823753152434,34.146341463414636,False,-1,Potential Anomaly,-0.05901939194652439,Low sanction rate (77.03%),Normal,Low,Normal,ML + Indicator Outlier,17th Lok Sabha
17th Lok Sabha,5,Lok Sabha,18,Karnataka,185,KOLAR(SC),3019040,S Muniswamy(17th Lok Sabha),9.8,9.7998,9.1311,0.4995,8.56,0.0,211.0,197.0,7.0,87.34693877551021,93.17639135492561,3.5532994923857872,False,-1,Potential Anomaly,-0.01166288287129591,Unusual combination of financial and implementation indicators,Normal,Normal,Normal,ML Multivariate,17th Lok Sabha
17th Lok Sabha,5,Lok Sabha,18,Karnataka,186,DAVANAGERE,3019031,Gowdar Mallikarjunappa Siddeshwara,5.13,4.6756,4.6756,4.0206,4.52,0.0,72.0,72.0,62.0,88.10916179337231,100.0,86.11111111111111,False,1,Normal,0.09488123189196429,No unusual pattern detected,Normal,Normal,Normal,No Unusual Pattern,17th Lok Sabha
17th Lok Sabha,5,Lok Sabha,18,Karnataka,187,DHARWAD,3019036,Pralhad Venkatesh Joshi(17th Lok Sabha),9.81,9.0102,8.5602,4.4802,5.71,0.0,155.0,149.0,94.0,58.205912334352696,95.00566025171473,63.08724832214765,False,1,Normal,0.0004402570969477826,No unusual pattern detected,Normal,Normal,Normal,No Unusual Pattern,17th Lok Sabha
17th Lok Sabha,5,Lok Sabha,18,Karnataka,188,MANDYA,3019047,Smt Sumalatha Ambareesh(17th Lok Sabha),7.36,7.3495,6.9995,0.6995,6.51,0.0,143.0,136.0,11.0,88.45108695652173,95.23777127695762,8.088235294117647,False,1,Normal,0.0031474909425153186,No unusual pattern detected,Normal,Normal,Normal,No Unusual Pattern,17th Lok Sabha
17th Lok Sabha,5,Lok Sabha,18,Karnataka,189,TUMKUR,3017404,Shri Gangasandra Siddappa Basavaraj (17th Lok Sabha),9.81,9.7991,9.2191,0.5291,8.08,0.0,217.0,203.0,13.0,82.36493374108052,94.08108907960934,6.403940886699508,False,1,Normal,0.010308442761906955,No unusual pattern detected,Normal,Normal,Normal,No Unusual Pattern,17th Lok Sabha
17th Lok Sabha,5,Lok Sabha,18,Karnataka,190,CHAMARAJANAGAR(SC),3019044,V Srinivas Prasad(17th Lok Sabha),7.36,7.3,6.4,0.0,5.77,0.0,122.0,107.0,0.0,78.39673913043478,87.67123287671234,0.0,False,-1,Potential Anomaly,-0.03728699369251898,Low sanction rate (87.67%),Normal,Low,Normal,ML + Indicator Outlier,17th Lok Sabha
17th Lok Sabha,5,Lok Sabha,18,Karnataka,191,BIJAPUR(SC),3019039,Ramesh Chandappa Jigajinagi(17th Lok Sabha),11.77,11.196,8.2565,0.0,6.83,0.0,418.0,303.0,0.0,58.028887000849615,73.74508753126118,0.0,False,-1,Potential Anomaly,-0.08574250991953936,Low sanction rate (73.75%),Normal,Low,Normal,ML + Indicator Outlier,17th Lok Sabha
17th Lok Sabha,5,Lok Sabha,18,Karnataka,192,CHITRADURGA(SC),3019033,Narayana Swamy Abbaiah(17th Lok Sabha),9.81,6.8246,5.8346,0.5146,4.08,0.0,129.0,111.0,5.0,41.59021406727829,85.49365530580546,4.504504504504505,False,-1,Potential Anomaly,-0.08664328184897574,Low sanction rate (85.49%),Normal,Low,Normal,ML + Indicator Outlier,17th Lok Sabha
17th Lok Sabha,5,Lok Sabha,18,Karnataka,193,UTTARA KANNADA,3019027,Anantkumar Hegde,5.23,4.8981,4.8481,0.4481,4.12,0.0,104.0,103.0,9.0,78.77629063097514,98.97919601478122,8.737864077669903,False,1,Normal,0.010987910073603502,No unusual pattern detected,Normal,Normal,Normal,No Unusual Pattern,17th Lok Sabha
17th Lok Sabha,5,Lok Sabha,36,Kerala,194,KANNUR,3017416,Shri Kumbakudi Sudhakaran (17th Lok Sabha),9.81,8.1819,7.0438,5.0736,5.39,0.0,162.0,137.0,93.0,54.94393476044852,86.090027988609,67.88321167883211,False,-1,Potential Anomaly,-0.052245344709740404,Low sanction rate (86.09%),Normal,Low,Normal,ML + Indicator Outlier,17th Lok Sabha
17th Lok Sabha,5,Lok Sabha,36,Kerala,195,THIRUVANANTHAPURAM,3017408,Dr Shashi Tharoor (17th Lok Sabha),9.81,9.0351,9.0351,7.7781,8.19,0.0,169.0,169.0,145.0,83.48623853211008,100.0,85.79881656804734,False,1,Normal,0.08960646560643609,No unusual pattern detected,Normal,Normal,Normal,No Unusual Pattern,17th Lok Sabha
17th Lok Sabha,5,Lok Sabha,36,Kerala,196,ATTINGAL,3017411,Adv Adoor Prakash (17th Lok Sabha),9.81,9.3933,9.3933,8.9027,9.07,0.0,300.0,300.0,289.0,92.45667686034659,100.0,96.33333333333334,False,1,Normal,0.09234473487597955,No unusual pattern detected,Normal,Normal,Normal,No Unusual Pattern,17th Lok Sabha
17th Lok Sabha,5,Lok Sabha,36,Kerala,197,WAYANAD,3021488,Rahul Gandhi (17th Lok Sabha),9.81,9.0964,9.0964,6.5274,8.57,0.0,71.0,71.0,59.0,87.3598369011213,100.0,83.09859154929578,False,1,Normal,0.09446277788257007,No unusual pattern detected,Normal,Normal,Normal,No Unusual Pattern,17th Lok Sabha
17th Lok Sabha,5,Lok Sabha,36,Kerala,198,PATHANAMTHITTA,3019048,Anto Antony(17th Lok Sabha),9.81,8.6577,8.6577,6.7865,7.23,0.0,167.0,167.0,148.0,73.70030581039757,100.0,88.62275449101796,False,1,Normal,0.06747330410879604,No unusual pattern detected,Normal,Normal,Normal,No Unusual Pattern,17th Lok Sabha
17th Lok Sabha,5,Lok Sabha,36,Kerala,199,ERNAKULAM,3017417,Shri Hibi Eden (17th Lok Sabha),9.81,8.3053,7.5553,5.1152,6.58,0.0,41.0,38.0,33.0,67.07441386340469,90.9696218077613,86.8421052631579,False,-1,Potential Anomaly,-0.03096358756931694,Unusual combination of financial and implementation indicators,Normal,Normal,Normal,ML Multivariate,17th Lok Sabha
17th Lok Sabha,5,Lok Sabha,36,Kerala,200,CHALAKUDY,3017413,Shri Benny Behanan (17th Lok Sabha),9.81,8.7229,8.0778,3.4773,5.23,0.0,72.0,67.0,44.0,53.312945973496426,92.604523724908,65.67164179104478,False,-1,Potential Anomaly,-0.028578135788617565,Unusual combination of financial and implementation indicators,Normal,Normal,Normal,ML Multivariate,17th Lok Sabha
17th Lok Sabha,5,Lok Sabha,36,Kerala,201,KASARAGOD,3017415,Shri Rajmohan Unnithan (17th Lok Sabha),11.49,11.4885,11.4585,10.7342,11.11,0.0,286.0,285.0,279.0,96.69277632724106,99.73886930408669,97.89473684210527,False,1,Normal,0.05817823372920833,No unusual pattern detected,Normal,Normal,Normal,No Unusual Pattern,17th Lok Sabha
17th Lok Sabha,5,Lok Sabha,36,Kerala,202,KOTTAYAM,3017407,Shri Thomas Chazhikadan (17th Lok Sabha),9.29,9.2873,8.5913,6.7663,7.49,0.0,209.0,193.0,134.0,80.62432723358451,92.50589514713641,69.43005181347151,False,1,Normal,0.026037432788591885,No unusual pattern detected,Normal,Normal,Normal,No Unusual Pattern,17th Lok Sabha
17th Lok Sabha,5,Lok Sabha,36,Kerala,203,MALAPPURAM,3018375,M P Abdussamad Samadani,9.77,8.5366,8.5366,6.2248,7.57,0.0,179.0,179.0,153.0,77.482088024565,100.0,85.47486033519553,False,1,Normal,0.07455053454934973,No unusual pattern detected,Normal,Normal,Normal,No Unusual Pattern,17th Lok Sabha
17th Lok Sabha,5,Lok Sabha,36,Kerala,204,PONNANI,3019302,E T Mohammed Basheer(17th Lok Sabha),9.97,8.9365,8.9365,4.975,6.68,0.0,121.0,121.0,98.0,67.00100300902707,100.0,80.99173553719008,False,1,Normal,0.052113803884488774,No unusual pattern detected,Normal,Normal,Normal,No Unusual Pattern,17th Lok Sabha
17th Lok Sabha,5,Lok Sabha,36,Kerala,205,VADAKARA,3017414,Shri K Muraleedharan (17th Lok Sabha),9.81,8.854,8.6292,3.196,5.92,0.0,51.0,45.0,21.0,60.34658511722731,97.46103456065057,46.666666666666664,False,1,Normal,0.015847953027599393,No unusual pattern detected,Normal,Normal,Normal,No Unusual Pattern,17th Lok Sabha
17th Lok Sabha,5,Lok Sabha,36,Kerala,206,KOZHIKODE,3017409,Shri M K Raghavan (17th Lok Sabha),9.81,7.665,7.6073,6.9433,7.03,0.0,223.0,221.0,206.0,71.66156982670744,99.24722765818656,93.21266968325791,False,1,Normal,0.018081129081475966,No unusual pattern detected,Normal,Normal,Normal,No Unusual Pattern,17th Lok Sabha
17th Lok Sabha,5,Lok Sabha,36,Kerala,207,ALAPPUZHA,3018376,Abdul Majeed Ariff,9.81,8.0827,5.9176,2.2815,3.87,0.0,72.0,54.0,32.0,39.449541284403665,73.21315896915634,59.25925925925925,False,-1,Potential Anomaly,-0.13249331418295618,Low sanction rate (73.21%),Normal,Low,Normal,ML + Indicator Outlier,17th Lok Sabha
17th Lok Sabha,5,Lok Sabha,36,Kerala,208,MAVELIKKARA(SC),3017412,Shri Suresh Kodikunnil (17th Lok Sabha),8.23,7.9263,7.8913,4.6521,5.78,0.0,96.0,95.0,67.0,70.23086269744836,99.55843205530954,70.52631578947368,False,1,Normal,0.04972124609454298,No unusual pattern detected,Normal,Normal,Normal,No Unusual Pattern,17th Lok Sabha
17th Lok Sabha,5,Lok Sabha,36,Kerala,209,KOLLAM,3017410,Shri NK Premachandran (17th Lok Sabha),4.99,4.6048,4.6048,2.6098,3.43,0.0,60.0,60.0,40.0,68.7374749498998,100.0,66.66666666666666,False,1,Normal,0.06209170241549716,No unusual pattern detected,Normal,Normal,Normal,No Unusual Pattern,17th Lok Sabha
17th Lok Sabha,5,Lok Sabha,36,Kerala,210,THRISSUR,3019050,T N Prathapan(17th Lok Sabha),9.81,8.892,8.892,6.3307,7.42,0.0,93.0,93.0,84.0,75.63710499490315,100.0,90.32258064516128,False,1,Normal,0.06077773724048258,No unusual pattern detected,Normal,Normal,Normal,No Unusual Pattern,17th Lok Sabha
17th Lok Sabha,5,Lok Sabha,36,Kerala,211,ALATHUR(SC),3017419,Smt Ramya Haridas (17th Lok Sabha),9.81,8.6126,8.6126,8.5448,8.54,0.0,419.0,419.0,416.0,87.05402650356777,100.0,99.28400954653938,False,1,Normal,0.06818904725839692,No unusual pattern detected,Normal,Normal,Normal,No Unusual Pattern,17th Lok Sabha
17th Lok Sabha,5,Lok Sabha,36,Kerala,212,PALAKKAD,3018377,Vellalath Kochukrishnan Nair Sreekandan,9.81,8.6555,8.6555,4.7755,6.35,0.0,151.0,151.0,137.0,64.72986748216105,100.0,90.72847682119205,False,1,Normal,0.02165383379736413,No unusual pattern detected,Normal,Normal,Normal,No Unusual Pattern,17th Lok Sabha
17th Lok Sabha,5,Lok Sabha,36,Kerala,213,IDUKKI,3017418,Adv Dean Kuriakose (17th Lok Sabha),9.81,8.7996,8.7996,6.992,8.08,0.0,154.0,154.0,144.0,82.36493374108052,100.0,93.5064935064935,False,1,Normal,0.06849461984561728,No unusual pattern detected,Normal,Normal,Normal,No Unusual Pattern,17th Lok Sabha
17th Lok Sabha,5,Lok Sabha,130,Ladakh,214,LADAKH,3017420,Shri Jamyang Tsering Namgyal (17th Lok Sabha),11.04,9.196,3.6999,0.0,0.0729,0.0,170.0,112.0,0.0,0.6603260869565218,40.233797303175294,0.0,True,-1,Potential Anomaly,-0.2528961624434012,Low fund utilization (0.66%) | Low sanction rate (40.23%),Low,Low,Normal,ML + Indicator Outlier,17th Lok Sabha
17th Lok Sabha,5,Lok Sabha,19,Lakshadweep,215,LAKSHADWEEP(ST),3019436,Faizal PP Mohammed(17th Lok Sabha),19.98,19.9842,19.9842,7.444,19.31,0.0,45.0,45.0,24.0,96.64664664664664,100.0,53.333333333333336,False,1,Normal,0.06308163068233619,No unusual pattern detected,Normal,Normal,Normal,No Unusual Pattern,17th Lok Sabha
17th Lok Sabha,5,Lok Sabha,20,Madhya Pradesh,216,BETUL(ST),3018381,Durga Das Uikey,6.33,6.0998,4.6639,2.3211,3.51,0.0,268.0,162.0,88.0,55.45023696682464,76.45988393062068,54.32098765432099,False,-1,Potential Anomaly,-0.0823543472591749,Low sanction rate (76.46%),Normal,Low,Normal,ML + Indicator Outlier,17th Lok Sabha
17th Lok Sabha,5,Lok Sabha,20,Madhya Pradesh,217,MORENA,3019060,Narendra Singh Tomar(17th Lok Sabha),10.52,10.5191,9.504,0.012,7.08,0.0,193.0,163.0,1.0,67.30038022813687,90.34993488036048,0.6134969325153374,False,-1,Potential Anomaly,-0.03513792764060675,Unusual combination of financial and implementation indicators,Normal,Normal,Normal,ML Multivariate,17th Lok Sabha
17th Lok Sabha,5,Lok Sabha,20,Madhya Pradesh,218,BHOPAL,3017424,Sadhvi Pragya Singh Thakur (17th Lok Sabha),7.56,7.5272,7.3932,4.7204,6.91,0.0,214.0,206.0,172.0,91.4021164021164,98.2197895631842,83.49514563106796,False,1,Normal,0.06569746406230997,No unusual pattern detected,Normal,Normal,Normal,No Unusual Pattern,17th Lok Sabha
17th Lok Sabha,5,Lok Sabha,20,Madhya Pradesh,219,TIKAMGARH(SC),3019053,Virendra Kumar(17th Lok Sabha),8.22,7.9929,7.5262,1.6778,6.19,0.0,267.0,241.0,45.0,75.30413625304136,94.16106794780367,18.672199170124482,False,1,Normal,0.023609778762684497,No unusual pattern detected,Normal,Normal,Normal,No Unusual Pattern,17th Lok Sabha
17th Lok Sabha,5,Lok Sabha,20,Madhya Pradesh,220,GUNA,3019052,Krishna Pal Singh Yadav(17th Lok Sabha),9.84,9.8366,9.8188,3.6243,9.77,0.0,22.0,21.0,9.0,99.28861788617886,99.81904316532135,42.857142857142854,False,1,Normal,0.021274227200530293,No unusual pattern detected,Normal,Normal,Normal,No Unusual Pattern,17th Lok Sabha
17th Lok Sabha,5,Lok Sabha,20,Madhya Pradesh,221,SHAHDOL (ST),3019069,Smt Himadri Singh(17th Lok Sabha),7.7,7.3267,7.2767,6.3243,7.22,0.0,318.0,317.0,265.0,93.76623376623377,99.31756452427423,83.59621451104101,False,1,Normal,0.07912772990642208,No unusual pattern detected,Normal,Normal,Normal,No Unusual Pattern,17th Lok Sabha
17th Lok Sabha,5,Lok Sabha,20,Madhya Pradesh,222,KHANDWA,3019058,Gyaneshwar Patil(17th Lok Sabha),6.98,6.9353,6.8453,5.7467,6.46,0.0,170.0,166.0,135.0,92.55014326647564,98.7022911770219,81.32530120481928,False,1,Normal,0.0700657429318961,No unusual pattern detected,Normal,Normal,Normal,No Unusual Pattern,17th Lok Sabha
17th Lok Sabha,5,Lok Sabha,20,Madhya Pradesh,223,DHAR(ST),3019054,Chhatar Singh Darbar(17th Lok Sabha),7.56,7.3562,7.3562,7.3062,7.31,0.0,399.0,399.0,398.0,96.6931216931217,100.0,99.74937343358395,False,1,Normal,0.09646412179272557,No unusual pattern detected,Normal,Normal,Normal,No Unusual Pattern,17th Lok Sabha
17th Lok Sabha,5,Lok Sabha,20,Madhya Pradesh,224,BHIND(SC),3019070,Smt Sandhya Ray(17th Lok Sabha),8.55,6.9095,6.7645,4.453,6.49,0.0,220.0,215.0,141.0,75.90643274853801,97.90144004631304,65.58139534883722,False,1,Normal,0.05098389633107475,No unusual pattern detected,Normal,Normal,Normal,No Unusual Pattern,17th Lok Sabha
17th Lok Sabha,5,Lok Sabha,20,Madhya Pradesh,225,INDORE,3019065,Shankar Lalwani(17th Lok Sabha),7.36,7.1471,7.1471,7.1171,7.15,0.0,202.0,202.0,201.0,97.14673913043478,100.0,99.5049504950495,False,1,Normal,0.09589192142597774,No unusual pattern detected,Normal,Normal,Normal,No Unusual Pattern,17th Lok Sabha
17th Lok Sabha,5,Lok Sabha,20,Madhya Pradesh,226,JABALPUR,3019063,Rakesh Singh(17th Lok Sabha),14.89,7.1542,6.7375,3.4854,5.41,0.0,362.0,291.0,133.0,36.333109469442576,94.17544938637444,45.70446735395189,True,-1,Potential Anomaly,-0.05444136133887212,Low fund utilization (36.33%),Low,Normal,Normal,ML + Indicator Outlier,17th Lok Sabha
17th Lok Sabha,5,Lok Sabha,20,Madhya Pradesh,227,VIDISHA,3019064,Ramakant Bhargava(17th Lok Sabha),10.4,10.1997,9.7052,2.4908,8.65,0.0,326.0,305.0,82.0,83.17307692307693,95.15181819073109,26.885245901639344,False,1,Normal,0.03572776607407396,No unusual pattern detected,Normal,Normal,Normal,No Unusual Pattern,17th Lok Sabha
17th Lok Sabha,5,Lok Sabha,20,Madhya Pradesh,228,SAGAR,3019062,Rajbahadur Singh(17th Lok Sabha),10.52,10.1238,9.8642,7.8842,9.64,0.0,215.0,201.0,146.0,91.63498098859316,97.43574547106819,72.636815920398,False,1,Normal,0.04164278607265082,No unusual pattern detected,Normal,Normal,Normal,No Unusual Pattern,17th Lok Sabha
17th Lok Sabha,5,Lok Sabha,20,Madhya Pradesh,229,REWA,3019059,Janardan Mishra(17th Lok Sabha),7.36,7.35,7.35,0.0,7.03,0.0,121.0,121.0,0.0,95.5163043478261,100.0,0.0,False,1,Normal,0.029029571529431197,No unusual pattern detected,Normal,Normal,Normal,No Unusual Pattern,17th Lok Sabha
17th Lok Sabha,5,Lok Sabha,20,Madhya Pradesh,230,RATLAM(ST),3018382,Guman Singh Damor,7.72,7.3345,6.9078,5.4118,6.46,0.0,102.0,90.0,61.0,83.67875647668393,94.18228918126661,67.77777777777779,False,1,Normal,0.04016189026786465,No unusual pattern detected,Normal,Normal,Normal,No Unusual Pattern,17th Lok Sabha
17th Lok Sabha,5,Lok Sabha,20,Madhya Pradesh,231,CHHINDWARA,3018379,Nakul K Nath,7.36,7.3095,7.195,3.3482,6.14,0.0,726.0,714.0,362.0,83.42391304347825,98.43354538614133,50.700280112044815,False,1,Normal,0.06532262650147291,No unusual pattern detected,Normal,Normal,Normal,No Unusual Pattern,17th Lok Sabha
17th Lok Sabha,5,Lok Sabha,20,Madhya Pradesh,232,MANDLA(ST),3019055,Faggan Singh Kulaste(17th Lok Sabha),7.17,7.1659,6.7121,1.4194,5.36,0.0,210.0,187.0,29.0,74.75592747559276,93.66722951757632,15.508021390374333,False,1,Normal,0.012134404370066854,No unusual pattern detected,Normal,Normal,Normal,No Unusual Pattern,17th Lok Sabha
17th Lok Sabha,5,Lok Sabha,20,Madhya Pradesh,233,MANDSOUR,3017421,Shri Sudheer Gupta (17th Lok Sabha),10.12,10.1033,9.7187,6.8287,9.29,0.0,740.0,708.0,536.0,91.79841897233202,96.19332297368186,75.70621468926554,False,1,Normal,0.03408436810717669,No unusual pattern detected,Normal,Normal,Normal,No Unusual Pattern,17th Lok Sabha
17th Lok Sabha,5,Lok Sabha,20,Madhya Pradesh,234,UJJAIN(SC),3017425,Shri Anil Firojiya (17th Lok Sabha),7.36,7.1982,7.1682,2.273,6.62,0.0,263.0,262.0,135.0,89.94565217391303,99.58322914061849,51.526717557251914,False,1,Normal,0.05940734019569721,No unusual pattern detected,Normal,Normal,Normal,No Unusual Pattern,17th Lok Sabha
17th Lok Sabha,5,Lok Sabha,20,Madhya Pradesh,235,DAMOH,3019061,Prahlad Singh Patel(17th Lok Sabha),7.02,6.9492,6.8452,2.2525,5.94,0.0,225.0,220.0,81.0,84.61538461538463,98.50342485465953,36.81818181818181,False,1,Normal,0.055891043214502056,No unusual pattern detected,Normal,Normal,Normal,No Unusual Pattern,17th Lok Sabha
17th Lok Sabha,5,Lok Sabha,20,Madhya Pradesh,236,DEWAS(SC),3019068,Mahendra Singh Solanky(17th Lok Sabha),8.24,7.6704,6.8155,2.6419,5.86,0.0,166.0,138.0,56.0,71.11650485436894,88.85455778055903,40.57971014492754,False,-1,Potential Anomaly,-0.006783296086453672,Low sanction rate (88.85%),Normal,Low,Normal,ML + Indicator Outlier,17th Lok Sabha
17th Lok Sabha,5,Lok Sabha,20,Madhya Pradesh,237,GWALIOR,3019067,Vivek Narayan Shejwalkar(17th Lok Sabha),8.07,8.0671,7.8966,0.7556,6.69,0.0,133.0,128.0,25.0,82.8996282527881,97.88647717271387,19.53125,False,1,Normal,0.028890885490711393,No unusual pattern detected,Normal,Normal,Normal,No Unusual Pattern,17th Lok Sabha
17th Lok Sabha,5,Lok Sabha,20,Madhya Pradesh,238,HOSHANGABAD,3019066,Uday Pratap Singh(17th Lok Sabha),7.77,5.9251,5.566,1.566,4.52,0.0,366.0,320.0,102.0,58.17245817245818,93.93934279590218,31.874999999999996,False,1,Normal,0.009417848041586241,No unusual pattern detected,Normal,Normal,Normal,No Unusual Pattern,17th Lok Sabha
17th Lok Sabha,5,Lok Sabha,20,Madhya Pradesh,239,KHARGONE(ST),3019056,Gajendra Singh Patel(17th Lok Sabha),10.48,10.0792,9.5845,0.9355,8.2,0.0,302.0,281.0,30.0,78.2442748091603,95.09187237082308,10.676156583629894,False,1,Normal,0.015457696842916202,No unusual pattern detected,Normal,Normal,Normal,No Unusual Pattern,17th Lok Sabha
17th Lok Sabha,5,Lok Sabha,20,Madhya Pradesh,240,SIDHI,3017423,Smt Riti Pathak (17th Lok Sabha),0.223,0.223,0.223,0.0663,0.223,0.0,30.0,30.0,10.0,100.0,100.0,33.33333333333333,False,1,Normal,0.006058441110393831,No unusual pattern detected,Normal,Normal,Normal,No Unusual Pattern,17th Lok Sabha
17th Lok Sabha,5,Lok Sabha,20,Madhya Pradesh,241,RAJGARH,3018380,Rodmal Nagar,7.46,7.379,7.379,1.0652,7.22,0.0,410.0,410.0,115.0,96.7828418230563,100.0,28.04878048780488,False,1,Normal,0.04134387506135334,No unusual pattern detected,Normal,Normal,Normal,No Unusual Pattern,17th Lok Sabha
17th Lok Sabha,5,Lok Sabha,20,Madhya Pradesh,242,BALAGHAT,3018378,Dhal Singh Bisen,4.9,4.8992,4.8992,4.7559,4.89,0.0,305.0,305.0,301.0,99.79591836734693,100.0,98.68852459016394,False,1,Normal,0.06623156657057577,No unusual pattern detected,Normal,Normal,Normal,No Unusual Pattern,17th Lok Sabha
17th Lok Sabha,5,Lok Sabha,20,Madhya Pradesh,243,KHAJURAHO,3018383,Vishnu Dutt Sharma,10.55,10.0116,9.8866,6.8571,8.81,0.0,137.0,135.0,97.0,83.50710900473933,98.75144831994886,71.85185185185186,False,1,Normal,0.06529184996882215,No unusual pattern detected,Normal,Normal,Normal,No Unusual Pattern,17th Lok Sabha
17th Lok Sabha,5,Lok Sabha,20,Madhya Pradesh,244,SATNA,3019057,Ganesh Singh(17th Lok Sabha),7.36,7.3489,7.0321,0.7085,6.29,0.0,283.0,272.0,12.0,85.46195652173913,95.68915075725619,4.411764705882353,False,1,Normal,0.013445419812355697,No unusual pattern detected,Normal,Normal,Normal,No Unusual Pattern,17th Lok Sabha
17th Lok Sabha,5,Lok Sabha,21,Maharashtra,245,RAVER,3019105,Smt Raksha Nikhil Khadse(17th Lok Sabha),9.33,9.0144,8.9438,7.7046,8.02,0.0,96.0,94.0,74.0,85.95927116827437,99.21680866169683,78.72340425531915,False,1,Normal,0.07418918016358728,No unusual pattern detected,Normal,Normal,Normal,No Unusual Pattern,17th Lok Sabha
17th Lok Sabha,5,Lok Sabha,21,Maharashtra,246,JALGAON,3019102,Unmesh Bhaiyyasaheb Patil(17th Lok Sabha),9.7,9.5614,9.5314,5.9781,9.49,0.0,181.0,180.0,135.0,97.83505154639175,99.68623841696821,75.0,False,1,Normal,0.04004781498237414,No unusual pattern detected,Normal,Normal,Normal,No Unusual Pattern,17th Lok Sabha
17th Lok Sabha,5,Lok Sabha,21,Maharashtra,247,RATNAGIRI-SINDHUDURG,3019103,Vinayak Bhaurao Raut(17th Lok Sabha),7.36,7.2035,6.9735,5.7522,6.58,0.0,109.0,107.0,88.0,89.40217391304347,96.80710765600054,82.2429906542056,False,1,Normal,0.0546994873891562,No unusual pattern detected,Normal,Normal,Normal,No Unusual Pattern,17th Lok Sabha
17th Lok Sabha,5,Lok Sabha,21,Maharashtra,248,DHULE,3018385,Subhash Ramrao Bhamre,7.36,6.9961,5.5571,3.9825,5.01,0.0,98.0,79.0,60.0,68.07065217391303,79.4313974928889,75.9493670886076,False,-1,Potential Anomaly,-0.0870644555229464,Low sanction rate (79.43%),Normal,Low,Normal,ML + Indicator Outlier,17th Lok Sabha
17th Lok Sabha,5,Lok Sabha,21,Maharashtra,249,LATUR(SC),3019100,Sudhakar Tukaram Shrangre(17th Lok Sabha),7.36,7.0235,6.9535,6.1867,6.8,0.0,107.0,106.0,95.0,92.39130434782608,99.00334591015874,89.62264150943396,False,1,Normal,0.06311202728118115,No unusual pattern detected,Normal,Normal,Normal,No Unusual Pattern,17th Lok Sabha
17th Lok Sabha,5,Lok Sabha,21,Maharashtra,250,NAGPUR,3019087,Nitin Jairam Gadkari(17th Lok Sabha),9.81,7.6869,7.6869,0.0,4.97,0.0,40.0,40.0,0.0,50.66258919469928,100.0,0.0,False,-1,Potential Anomaly,-0.03237062231221366,Unusual combination of financial and implementation indicators,Normal,Normal,Normal,ML Multivariate,17th Lok Sabha
17th Lok Sabha,5,Lok Sabha,21,Maharashtra,251,RAMTEK(SC),3019086,Krupal Balaji Tumane(17th Lok Sabha),9.81,9.5756,9.0808,0.0,7.43,0.0,176.0,167.0,0.0,75.73904179408765,94.83269977860395,0.0,False,1,Normal,0.0009146506219423478,No unusual pattern detected,Normal,Normal,Normal,No Unusual Pattern,17th Lok Sabha
17th Lok Sabha,5,Lok Sabha,21,Maharashtra,252,BARAMATI,3019106,Smt Supriya Sadanand Sule(17th Lok Sabha),7.36,7.3233,4.5136,0.8509,4.26,0.0,112.0,70.0,12.0,57.88043478260869,61.6334166291153,17.142857142857142,False,-1,Potential Anomaly,-0.12477056871272041,Low sanction rate (61.63%),Normal,Low,Normal,ML + Indicator Outlier,17th Lok Sabha
17th Lok Sabha,5,Lok Sabha,21,Maharashtra,253,MAVAL,3019099,Shrirang Appa Barne(17th Lok Sabha),9.81,9.0803,7.7012,5.7321,7.43,0.0,110.0,92.0,67.0,75.73904179408765,84.8121758091693,72.82608695652173,False,-1,Potential Anomaly,-0.03965557239418971,Low sanction rate (84.81%),Normal,Low,Normal,ML + Indicator Outlier,17th Lok Sabha
17th Lok Sabha,5,Lok Sabha,21,Maharashtra,254,SHIRUR,3019076,Amol Ramsing Kolhe(17th Lok Sabha),9.81,8.6646,6.5348,4.3192,5.99,0.0,100.0,82.0,52.0,61.060142711518864,75.41952311705099,63.41463414634146,False,-1,Potential Anomaly,-0.08740584754513958,Low sanction rate (75.42%),Normal,Low,Normal,ML + Indicator Outlier,17th Lok Sabha
17th Lok Sabha,5,Lok Sabha,21,Maharashtra,255,PUNE,3035703,Girish Bhalchandra Bapat (Ex 17 Lok Sabha),4.94,2.8721,1.6825,0.0,1.51,0.0,35.0,22.0,0.0,30.5668016194332,58.58082935830925,0.0,True,-1,Potential Anomaly,-0.16523143245081817,Low fund utilization (30.57%) | Low sanction rate (58.58%),Low,Low,Normal,ML + Indicator Outlier,17th Lok Sabha
17th Lok Sabha,5,Lok Sabha,21,Maharashtra,256,YAVATMAL-WASHIM,3019078,Ms Bhavana Gawali (Patil)(17th Lok Sabha),11.77,11.6135,10.5712,9.026,10.22,0.0,135.0,122.0,105.0,86.83092608326254,91.02510009902268,86.0655737704918,False,-1,Potential Anomaly,-0.01949421754792413,Unusual combination of financial and implementation indicators,Normal,Normal,Normal,ML Multivariate,17th Lok Sabha
17th Lok Sabha,5,Lok Sabha,21,Maharashtra,257,WARDHA,3019093,Ramdas Chandrabhanji Tadas(17th Lok Sabha),7.36,7.2858,7.2858,0.4035,7.04,0.0,215.0,215.0,11.0,95.65217391304347,100.0,5.116279069767442,False,1,Normal,0.016528625943747377,No unusual pattern detected,Normal,Normal,Normal,No Unusual Pattern,17th Lok Sabha
17th Lok Sabha,5,Lok Sabha,21,Maharashtra,258,AURANGABAD_MH,3019071,Syed Imtiaz Jaleel(17th Lok Sabha),7.36,7.0196,5.7197,1.028,5.55,0.0,89.0,65.0,13.0,75.40760869565217,81.48185081771041,20.0,False,-1,Potential Anomaly,-0.054937236537911716,Low sanction rate (81.48%),Normal,Low,Normal,ML + Indicator Outlier,17th Lok Sabha
17th Lok Sabha,5,Lok Sabha,21,Maharashtra,259,CHANDRAPUR,3059947,Shri Balubhau Narayanrao (Alias Suresh) Dhanorkar (17LS),2.45,1.5479,1.037,0.0,0.6698,0.0,16.0,11.0,0.0,27.338775510204076,66.99399185993926,0.0,True,-1,Potential Anomaly,-0.14876926777264066,Low fund utilization (27.34%) | Low sanction rate (66.99%),Low,Low,Normal,ML + Indicator Outlier,17th Lok Sabha
17th Lok Sabha,5,Lok Sabha,21,Maharashtra,260,JALNA,3019094,Raosaheb Patil Danve,11.77,11.5936,10.1196,4.6337,9.76,0.0,119.0,103.0,43.0,82.92268479184366,87.28608887662158,41.74757281553398,False,-1,Potential Anomaly,-0.018344777256257605,Low sanction rate (87.29%),Normal,Low,Normal,ML + Indicator Outlier,17th Lok Sabha
17th Lok Sabha,5,Lok Sabha,21,Maharashtra,261,PARBHANI,3019095,Sanjay Haribhau Jadhav(17th Lok Sabha),9.81,9.6533,9.4145,7.3089,9.24,0.0,136.0,133.0,108.0,94.18960244648318,97.5262345519149,81.203007518797,False,1,Normal,0.04951981227598834,No unusual pattern detected,Normal,Normal,Normal,No Unusual Pattern,17th Lok Sabha
17th Lok Sabha,5,Lok Sabha,21,Maharashtra,262,AMRAVATI(SC),3019104,Smt Navneet Ravi Rana(17th Lok Sabha),7.36,7.3296,7.3139,0.0998,6.45,0.0,82.0,81.0,1.0,87.63586956521739,99.7858000436586,1.2345679012345678,False,1,Normal,0.008262452964008127,No unusual pattern detected,Normal,Normal,Normal,No Unusual Pattern,17th Lok Sabha
17th Lok Sabha,5,Lok Sabha,21,Maharashtra,263,BEED,3019074,Pritam Gopinath Munde(17th Lok Sabha),11.56,11.557,11.1284,1.5537,10.84,0.0,153.0,147.0,19.0,93.77162629757785,96.29142511032273,12.925170068027212,False,-1,Potential Anomaly,-0.006632909351381944,Unusual combination of financial and implementation indicators,Normal,Normal,Normal,ML Multivariate,17th Lok Sabha
17th Lok Sabha,5,Lok Sabha,21,Maharashtra,264,RAIGAD,3019101,Sunil Dattatray Tatkare(17th Lok Sabha),9.81,9.7028,9.5228,6.8606,8.27,0.0,106.0,104.0,77.0,84.30173292558612,98.14486539967845,74.03846153846155,False,1,Normal,0.05832968529454474,No unusual pattern detected,Normal,Normal,Normal,No Unusual Pattern,17th Lok Sabha
17th Lok Sabha,5,Lok Sabha,21,Maharashtra,265,MUMBAI SOUTH,3019079,Arvind Ganpat Sawant(17th Lok Sabha),9.81,8.3652,6.0952,4.8952,6.09,0.0,46.0,34.0,28.0,62.07951070336391,72.8637689475446,82.35294117647058,False,-1,Potential Anomaly,-0.12959547749613665,Low sanction rate (72.86%),Normal,Low,Normal,ML + Indicator Outlier,17th Lok Sabha
17th Lok Sabha,5,Lok Sabha,21,Maharashtra,266,AKOLA,3019097,Sanjay Shamrao Dhotre(17th Lok Sabha),7.36,7.0644,6.8794,6.1306,6.82,0.0,103.0,99.0,89.0,92.66304347826086,97.38123549062907,89.8989898989899,False,1,Normal,0.034610268613147255,No unusual pattern detected,Normal,Normal,Normal,No Unusual Pattern,17th Lok Sabha
17th Lok Sabha,5,Lok Sabha,21,Maharashtra,267,MUMBAI NORTH,3017429,Shri Gopal Chinayya Shetty (17th Lok Sabha),7.36,7.007,6.707,0.0,6.7,0.0,34.0,32.0,0.0,91.03260869565217,95.71856714713857,0.0,False,-1,Potential Anomaly,-0.0009918372971219336,Unusual combination of financial and implementation indicators,Normal,Normal,Normal,ML Multivariate,17th Lok Sabha
17th Lok Sabha,5,Lok Sabha,21,Maharashtra,268,MUMBAI NORTH-CENTRAL,3017427,Smt Poonam Mahajan (17th Lok Sabha),7.36,7.1423,6.6779,0.0,6.62,0.0,48.0,45.0,0.0,89.94565217391303,93.49789283564118,0.0,False,-1,Potential Anomaly,-0.013015418015720037,Unusual combination of financial and implementation indicators,Normal,Normal,Normal,ML Multivariate,17th Lok Sabha
17th Lok Sabha,5,Lok Sabha,21,Maharashtra,269,MUMBAI NORTH EAST,3017428,Shri Manoj Kotak Kishorbhai (17th Lok Sabha),9.81,9.726,9.166,0.0,8.94,0.0,38.0,36.0,0.0,91.131498470948,94.2422373020769,0.0,False,-1,Potential Anomaly,-0.013341480853912624,Unusual combination of financial and implementation indicators,Normal,Normal,Normal,ML Multivariate,17th Lok Sabha
17th Lok Sabha,5,Lok Sabha,21,Maharashtra,270,MUMBAI NORTH WEST,3017430,Shri Gajanan Chandrakant Kirtikar (17th Lok Sabha),7.36,5.6,4.1,0.0,1.75,0.0,18.0,14.0,0.0,23.777173913043477,73.21428571428571,0.0,True,-1,Potential Anomaly,-0.1434055148167196,Low fund utilization (23.78%) | Low sanction rate (73.21%),Low,Low,Normal,ML + Indicator Outlier,17th Lok Sabha
17th Lok Sabha,5,Lok Sabha,21,Maharashtra,271,MUMBAI SOUTH CENTRAL,3019642,Rahul Ramesh Shewale (17th Lok Sabha),9.81,9.1842,4.1242,3.2442,4.12,0.0,29.0,17.0,13.0,41.99796126401631,44.90538098037934,76.47058823529412,False,-1,Potential Anomaly,-0.21693535671156383,Low sanction rate (44.91%),Normal,Low,Normal,ML + Indicator Outlier,17th Lok Sabha
17th Lok Sabha,5,Lok Sabha,21,Maharashtra,272,BULDHANA,3019090,Prataprao Jadhav(17th Lok Sabha),12.25,11.585,11.585,8.2968,9.13,0.0,175.0,175.0,125.0,74.53061224489797,100.0,71.42857142857143,False,1,Normal,0.0685507432219587,No unusual pattern detected,Normal,Normal,Normal,No Unusual Pattern,17th Lok Sabha
17th Lok Sabha,5,Lok Sabha,21,Maharashtra,273,GADCHIROLI-CHIMUR(ST),3019080,Ashok Mahadeorao Nete,7.36,7.2554,6.8862,1.8392,6.41,0.0,91.0,87.0,22.0,87.09239130434783,94.91137635416379,25.287356321839084,False,1,Normal,0.020145354078708266,No unusual pattern detected,Normal,Normal,Normal,No Unusual Pattern,17th Lok Sabha
17th Lok Sabha,5,Lok Sabha,21,Maharashtra,274,NANDED,3019089,Prataprao Govindrao Patil Chikhalikar(17th Lok Sabha),9.81,9.7589,8.0299,4.786,7.77,0.0,149.0,119.0,77.0,79.20489296636084,82.28283925442416,64.70588235294117,False,-1,Potential Anomaly,-0.059164015009230075,Low sanction rate (82.28%),Normal,Low,Normal,ML + Indicator Outlier,17th Lok Sabha
17th Lok Sabha,5,Lok Sabha,21,Maharashtra,275,AHMEDNAGAR,3019075,Sujay Radhakrishna Vikhepatil(17th Lok Sabha),7.36,6.5052,5.5759,1.6286,5.1,0.0,74.0,63.0,21.0,69.29347826086956,85.71450531882185,33.33333333333333,False,-1,Potential Anomaly,-0.02197843295412183,Low sanction rate (85.71%),Normal,Low,Normal,ML + Indicator Outlier,17th Lok Sabha
17th Lok Sabha,5,Lok Sabha,21,Maharashtra,276,SHIRDI(SC),3018388,Sadashiv Kisan Lokhande,7.36,7.2744,5.7703,0.6015,5.43,0.0,125.0,94.0,13.0,73.77717391304347,79.32338062245682,13.829787234042554,False,-1,Potential Anomaly,-0.07258090971296027,Low sanction rate (79.32%),Normal,Low,Normal,ML + Indicator Outlier,17th Lok Sabha
17th Lok Sabha,5,Lok Sabha,21,Maharashtra,277,DINDORI(ST),3019072,Bharti Pravin Pawar(17th Lok Sabha),9.81,9.3678,9.2936,6.9438,9.04,0.0,165.0,163.0,126.0,92.15086646279306,99.20792501974849,77.30061349693251,False,1,Normal,0.0695746774593255,No unusual pattern detected,Normal,Normal,Normal,No Unusual Pattern,17th Lok Sabha
17th Lok Sabha,5,Lok Sabha,21,Maharashtra,278,NASHIK,3019084,Hemant Tukaram Godse(17th Lok Sabha),9.22,9.1847,8.5523,5.3295,7.53,0.0,119.0,107.0,70.0,81.6702819956616,93.11463629732056,65.42056074766354,False,1,Normal,0.03489633015315291,No unusual pattern detected,Normal,Normal,Normal,No Unusual Pattern,17th Lok Sabha
17th Lok Sabha,5,Lok Sabha,21,Maharashtra,279,OSMANABAD,3019088,Omprakash Bhupalsinh Alias Pawan Rajenimbalkar(17th Lok Sabha),14.06,13.9911,13.3966,12.3647,13.15,0.0,255.0,240.0,221.0,93.52773826458038,95.7508701960532,92.08333333333333,False,1,Normal,0.007124248419869306,No unusual pattern detected,Normal,Normal,Normal,No Unusual Pattern,17th Lok Sabha
17th Lok Sabha,5,Lok Sabha,21,Maharashtra,280,MADHA,3018387,Ranjeetsinha Hindurao Naik Nimbalkar,8.01,7.9709,7.1384,2.3231,6.22,0.0,480.0,468.0,107.0,77.65293383270911,89.55575907363033,22.863247863247864,False,-1,Potential Anomaly,-0.004291754748056431,Unusual combination of financial and implementation indicators,Normal,Normal,Normal,ML Multivariate,17th Lok Sabha
17th Lok Sabha,5,Lok Sabha,21,Maharashtra,281,SATARA,3019303,Shriniwas Dadasaheb Patil(17th Lok Sabha),11.77,11.6632,11.6632,6.1894,9.9,0.0,235.0,235.0,126.0,84.11214953271029,100.0,53.61702127659574,False,1,Normal,0.07236967577609343,No unusual pattern detected,Normal,Normal,Normal,No Unusual Pattern,17th Lok Sabha
17th Lok Sabha,5,Lok Sabha,21,Maharashtra,282,BHANDARA-GONDIYA,3017426,Shri Sunil Baburao Mendhe (17th Lok Sabha),12.02,11.3054,9.3958,6.9058,7.94,0.0,213.0,139.0,128.0,66.05657237936772,83.10895678171492,92.08633093525181,False,-1,Potential Anomaly,-0.09361374537840794,Low sanction rate (83.11%),Normal,Low,Normal,ML + Indicator Outlier,17th Lok Sabha
17th Lok Sabha,5,Lok Sabha,21,Maharashtra,283,HINGOLI,3018386,Hemant Shriram Patil,9.81,9.6351,8.2501,7.277,7.97,0.0,113.0,97.0,86.0,81.24362895005096,85.62547352907598,88.65979381443299,False,-1,Potential Anomaly,-0.06484176068086811,Low sanction rate (85.63%),Normal,Low,Normal,ML + Indicator Outlier,17th Lok Sabha
17th Lok Sabha,5,Lok Sabha,21,Maharashtra,284,KOLHAPUR,3019096,Sanjay Sadashivrao Mandlik(17th Lok Sabha),9.81,9.7332,8.4787,7.7587,8.46,0.0,105.0,93.0,83.0,86.23853211009175,87.1111248099289,89.24731182795699,False,-1,Potential Anomaly,-0.06672014838255158,Low sanction rate (87.11%),Normal,Low,Normal,ML + Indicator Outlier,17th Lok Sabha
17th Lok Sabha,5,Lok Sabha,21,Maharashtra,285,HATKANANGLE,3019082,Dhairyasheel Sambhajirao Mane(17th Lok Sabha),10.73,10.6252,10.2253,8.7262,9.76,0.0,160.0,156.0,98.0,90.95992544268405,96.23630614011974,62.82051282051282,False,1,Normal,0.032834545372941004,No unusual pattern detected,Normal,Normal,Normal,No Unusual Pattern,17th Lok Sabha
17th Lok Sabha,5,Lok Sabha,21,Maharashtra,286,SOLAPUR(SC),3018384,Jaisidheshwar Shivachary Mahaswamiji,11.77,11.4398,10.3852,7.3839,10.34,0.0,301.0,265.0,194.0,87.85046728971963,90.78130736551337,73.20754716981132,False,-1,Potential Anomaly,-0.017475352761242458,Unusual combination of financial and implementation indicators,Normal,Normal,Normal,ML Multivariate,17th Lok Sabha
17th Lok Sabha,5,Lok Sabha,21,Maharashtra,287,NANDURBAR(ST),3019073,Heena Vijaykumar Gavit(17th Lok Sabha),9.72,9.7137,8.0637,5.3664,6.1,0.0,55.0,49.0,35.0,62.757201646090536,83.01368170727942,71.42857142857143,False,-1,Potential Anomaly,-0.05169768075715686,Low sanction rate (83.01%),Normal,Low,Normal,ML + Indicator Outlier,17th Lok Sabha
17th Lok Sabha,5,Lok Sabha,21,Maharashtra,288,SANGLI,3019098,Sanjay(Kaka) Ramchandra Patil(17th Lok Sabha),12.06,11.3327,11.3327,9.0957,10.34,0.0,161.0,161.0,130.0,85.7379767827529,100.0,80.74534161490683,False,1,Normal,0.09273924854016635,No unusual pattern detected,Normal,Normal,Normal,No Unusual Pattern,17th Lok Sabha
17th Lok Sabha,5,Lok Sabha,21,Maharashtra,289,BHIWANDI,3019085,Kapil Moreshwar Patil(17th Lok Sabha),7.36,7.1106,6.6106,0.1959,6.12,0.0,58.0,57.0,2.0,83.15217391304348,92.96824459258009,3.508771929824561,False,1,Normal,0.001978558124009544,No unusual pattern detected,Normal,Normal,Normal,No Unusual Pattern,17th Lok Sabha
17th Lok Sabha,5,Lok Sabha,21,Maharashtra,290,KALYAN,3019077,Shrikant Eknath Shinde(17th Lok Sabha),7.36,7.1275,6.9277,0.0,3.48,0.0,34.0,31.0,0.0,47.28260869565217,97.19677306208348,0.0,False,-1,Potential Anomaly,-0.05522073519250825,Unusual combination of financial and implementation indicators,Normal,Normal,Normal,ML Multivariate,17th Lok Sabha
17th Lok Sabha,5,Lok Sabha,21,Maharashtra,291,THANE,3019091,Rajan Baburao Vichare(17th Lok Sabha),9.81,9.7265,9.7265,0.0,4.5,0.0,41.0,41.0,0.0,45.87155963302752,100.0,0.0,False,-1,Potential Anomaly,-0.04251756661952033,Unusual combination of financial and implementation indicators,Normal,Normal,Normal,ML Multivariate,17th Lok Sabha
17th Lok Sabha,5,Lok Sabha,21,Maharashtra,292,PALGHAR(ST),3019092,Rajendra Dhedya Gavit(17th Lok Sabha),10.49,9.632,8.3723,5.6458,8.17,0.0,90.0,77.0,50.0,77.8836987607245,86.92171926910298,64.93506493506493,False,-1,Potential Anomaly,-0.01683344258544084,Low sanction rate (86.92%),Normal,Low,Normal,ML + Indicator Outlier,17th Lok Sabha
17th Lok Sabha,5,Lok Sabha,22,Manipur,293,OUTER MANIPUR(ST),3017432,Shri Lorho S Pfoze (17th Lok Sabha),7.41,7.398,7.398,7.273,7.36,0.0,75.0,75.0,72.0,99.32523616734143,100.0,96.0,False,1,Normal,0.0761912732375073,No unusual pattern detected,Normal,Normal,Normal,No Unusual Pattern,17th Lok Sabha
17th Lok Sabha,5,Lok Sabha,22,Manipur,294,INNER MANIPUR,3019107,Ranjan Singh Rajkumar(17th Lok Sabha),9.81,9.8,9.8,0.25,9.77,0.0,37.0,37.0,1.0,99.59225280326197,100.0,2.7027027027027026,False,-1,Potential Anomaly,-0.02305076415474905,Unusual combination of financial and implementation indicators,Normal,Normal,Normal,ML Multivariate,17th Lok Sabha
17th Lok Sabha,5,Lok Sabha,23,Meghalaya,295,TURA,3019108,Kum Agatha K Sangma(17th Lok Sabha),9.81,8.89,8.89,8.17,8.88,0.0,338.0,338.0,314.0,90.51987767584099,100.0,92.89940828402366,False,1,Normal,0.08744086358958941,No unusual pattern detected,Normal,Normal,Normal,No Unusual Pattern,17th Lok Sabha
17th Lok Sabha,5,Lok Sabha,23,Meghalaya,296,SHILLONG,3019109,Vincent H Pala(17th Lok Sabha),8.07,7.3585,6.8255,3.5905,5.84,0.0,211.0,189.0,116.0,72.36679058240397,92.75667595297953,61.37566137566137,False,1,Normal,0.02628997408268019,No unusual pattern detected,Normal,Normal,Normal,No Unusual Pattern,17th Lok Sabha
17th Lok Sabha,5,Lok Sabha,13,Mizoram,297,MIZORAM (ST),3019110,C Lalrosanga(17th Lok Sabha),7.36,7.35,7.35,1.62,7.29,0.0,71.0,71.0,16.0,99.04891304347827,100.0,22.535211267605636,False,1,Normal,0.01629689166868603,No unusual pattern detected,Normal,Normal,Normal,No Unusual Pattern,17th Lok Sabha
17th Lok Sabha,5,Lok Sabha,24,Nagaland,298,NAGALAND,3017433,Shri  Tokheho (17th Lok Sabha),4.91,4.9,4.9,4.9,4.9,0.0,15.0,15.0,15.0,99.79633401221997,100.0,100.0,False,1,Normal,0.07913069823218405,No unusual pattern detected,Normal,Normal,Normal,No Unusual Pattern,17th Lok Sabha
17th Lok Sabha,5,Lok Sabha,25,Odisha,299,CUTTACK,3017437,Shri Bhartruhari Mahtab (17th Lok Sabha),7.36,6.8334,6.7434,3.1925,4.02,0.0,264.0,261.0,118.0,54.6195652173913,98.68293967863728,45.21072796934866,False,1,Normal,0.01207699653829375,No unusual pattern detected,Normal,Normal,Normal,No Unusual Pattern,17th Lok Sabha
17th Lok Sabha,5,Lok Sabha,25,Odisha,300,JAGATSINGHPUR(SC),3017434,Smt Rajashree Mallick (17th Lok Sabha),9.81,9.5074,7.8774,2.3674,5.02,0.0,327.0,277.0,122.0,51.17227319062181,82.85545995750677,44.04332129963899,False,-1,Potential Anomaly,-0.050274735424600814,Low sanction rate (82.86%),Normal,Low,Normal,ML + Indicator Outlier,17th Lok Sabha
17th Lok Sabha,5,Lok Sabha,25,Odisha,301,ASKA,3017436,Smt Pramila Bisoyi (17th Lok Sabha),7.36,7.0806,7.0806,2.1616,2.42,0.0,238.0,238.0,68.0,32.88043478260869,100.0,28.57142857142857,True,-1,Potential Anomaly,-0.05054527648404927,Low fund utilization (32.88%),Low,Normal,Normal,ML + Indicator Outlier,17th Lok Sabha
17th Lok Sabha,5,Lok Sabha,25,Odisha,302,BERHAMPUR,3017439,Shri Chandra Sekhar Sahu (17th Lok Sabha),7.36,7.2798,7.2798,2.1413,3.12,0.0,225.0,225.0,72.0,42.391304347826086,100.0,32.0,False,-1,Potential Anomaly,-0.0059713617184522505,Unusual combination of financial and implementation indicators,Normal,Normal,Normal,ML Multivariate,17th Lok Sabha
17th Lok Sabha,5,Lok Sabha,25,Odisha,303,BOLANGIR,3017438,Smt Sangeeta Kumari Singh Deo (17th Lok Sabha),11.77,11.7571,11.7571,3.0321,8.17,0.0,528.0,528.0,141.0,69.41376380628718,100.0,26.704545454545453,False,1,Normal,0.04618921608656262,No unusual pattern detected,Normal,Normal,Normal,No Unusual Pattern,17th Lok Sabha
17th Lok Sabha,5,Lok Sabha,25,Odisha,304,BALASORE,3018389,Pratap Chandra Sarangi,9.8,9.8,7.4365,1.4498,6.08,0.0,501.0,427.0,97.0,62.04081632653061,75.88265306122449,22.716627634660423,False,-1,Potential Anomaly,-0.06378857453414244,Low sanction rate (75.88%),Normal,Low,Normal,ML + Indicator Outlier,17th Lok Sabha
17th Lok Sabha,5,Lok Sabha,25,Odisha,305,NABARANGPUR(ST),3019117,Ramesh Chandra Majhi(17th Lok Sabha),7.31,7.18,7.16,2.87,3.88,0.0,284.0,283.0,112.0,53.077975376196996,99.72144846796658,39.57597173144876,False,1,Normal,0.02648526718916211,No unusual pattern detected,Normal,Normal,Normal,No Unusual Pattern,17th Lok Sabha
17th Lok Sabha,5,Lok Sabha,25,Odisha,306,KEONJHAR(ST),3019111,Ms Chandrani Murmu(17th Lok Sabha),9.81,9.7912,9.7912,5.1187,8.2,0.0,246.0,246.0,120.0,83.5881753312946,100.0,48.78048780487805,False,1,Normal,0.07108782325753227,No unusual pattern detected,Normal,Normal,Normal,No Unusual Pattern,17th Lok Sabha
17th Lok Sabha,5,Lok Sabha,25,Odisha,307,KALAHANDI,3019114,Basanta Kumar Panda(17th Lok Sabha),9.81,9.5845,9.5045,6.0045,7.0,0.0,341.0,339.0,215.0,71.35575942915392,99.16531900464291,63.421828908554566,False,1,Normal,0.05781183361381492,No unusual pattern detected,Normal,Normal,Normal,No Unusual Pattern,17th Lok Sabha
17th Lok Sabha,5,Lok Sabha,25,Odisha,308,PURI,3019116,Pinaki Misra(17th Lok Sabha),9.81,9.6016,9.5366,3.4636,5.69,0.0,307.0,305.0,133.0,58.002038735983696,99.32302949508416,43.606557377049185,False,1,Normal,0.022552444063851207,No unusual pattern detected,Normal,Normal,Normal,No Unusual Pattern,17th Lok Sabha
17th Lok Sabha,5,Lok Sabha,25,Odisha,309,SAMBALPUR,3019115,Nitesh Ganga Deb(17th Lok Sabha),14.71,14.6983,14.6983,11.3433,11.81,0.0,223.0,223.0,169.0,80.28552005438478,100.0,75.7847533632287,False,1,Normal,0.07936363401935809,No unusual pattern detected,Normal,Normal,Normal,No Unusual Pattern,17th Lok Sabha
17th Lok Sabha,5,Lok Sabha,25,Odisha,310,JAJPUR(SC),3019121,Smt Sarmistha Sethi(17th Lok Sabha),7.35,7.3499,7.2499,0.535,4.52,0.0,206.0,205.0,9.0,61.49659863945578,98.63943727125539,4.390243902439024,False,-1,Potential Anomaly,-0.024454112622519286,Unusual combination of financial and implementation indicators,Normal,Normal,Normal,ML Multivariate,17th Lok Sabha
17th Lok Sabha,5,Lok Sabha,25,Odisha,311,SUNDARGARH (ST),3017435,Shri Jual Oram (17th Lok Sabha),7.25,7.253,7.253,1.07,6.25,0.0,141.0,141.0,22.0,86.20689655172413,100.0,15.602836879432624,False,1,Normal,0.026397427730496525,No unusual pattern detected,Normal,Normal,Normal,No Unusual Pattern,17th Lok Sabha
17th Lok Sabha,5,Lok Sabha,25,Odisha,312,BHADRAK(SC),3019120,Smt Manjulata Mandal(17th Lok Sabha),5.0,4.8958,4.8808,2.3658,3.72,0.0,168.0,167.0,76.0,74.4,99.69361493525061,45.50898203592814,False,1,Normal,0.056617650258996066,No unusual pattern detected,Normal,Normal,Normal,No Unusual Pattern,17th Lok Sabha
17th Lok Sabha,5,Lok Sabha,25,Odisha,313,KENDRAPARA,3019113,Anubhav Mohanty(17th Lok Sabha),9.81,9.5331,9.5331,8.0081,9.39,0.0,158.0,158.0,117.0,95.71865443425077,100.0,74.0506329113924,False,1,Normal,0.08057036102601828,No unusual pattern detected,Normal,Normal,Normal,No Unusual Pattern,17th Lok Sabha
17th Lok Sabha,5,Lok Sabha,25,Odisha,314,MAYURBHANJ (ST),3019119,Bishweswar Tudu(17th Lok Sabha),7.3,7.2995,6.754,1.0295,5.19,0.0,203.0,183.0,25.0,71.0958904109589,92.52688540310979,13.661202185792352,False,1,Normal,0.008049046487014044,No unusual pattern detected,Normal,Normal,Normal,No Unusual Pattern,17th Lok Sabha
17th Lok Sabha,5,Lok Sabha,25,Odisha,315,BARGARH,3019118,Suresh Pujari(17th Lok Sabha),7.36,7.3412,7.3412,4.2762,5.91,0.0,262.0,262.0,156.0,80.29891304347827,100.0,59.541984732824424,False,1,Normal,0.07965317768956126,No unusual pattern detected,Normal,Normal,Normal,No Unusual Pattern,17th Lok Sabha
17th Lok Sabha,5,Lok Sabha,25,Odisha,316,KANDHAMAL,3019112,Achyutananda Samanta(17th Lok Sabha),2.99,2.8852,2.8352,0.2752,0.6452,0.0,92.0,91.0,8.0,21.578595317725753,98.26701788437543,8.791208791208792,True,-1,Potential Anomaly,-0.11277475313767915,Low fund utilization (21.58%),Low,Normal,Normal,ML + Indicator Outlier,17th Lok Sabha
17th Lok Sabha,5,Lok Sabha,25,Odisha,317,BHUBANESWAR,3017373,Smt Aparajita  Sarangi,7.32,7.32,6.165,0.745,3.51,0.0,539.0,483.0,55.0,47.950819672131146,84.22131147540983,11.387163561076605,False,-1,Potential Anomaly,-0.06788824707903962,Low sanction rate (84.22%),Normal,Low,Normal,ML + Indicator Outlier,17th Lok Sabha
17th Lok Sabha,5,Lok Sabha,25,Odisha,318,DHENKANAL,3017440,Shri Mahesh Sahoo (17th Lok Sabha),6.56,6.341,6.311,0.29,3.42,0.0,165.0,164.0,7.0,52.13414634146341,99.52688850339064,4.2682926829268295,False,-1,Potential Anomaly,-0.036064037531805204,Unusual combination of financial and implementation indicators,Normal,Normal,Normal,ML Multivariate,17th Lok Sabha
17th Lok Sabha,5,Lok Sabha,25,Odisha,319,KORAPUT(ST),3018390,Saptagiri Sankar Ulaka,7.36,7.3417,7.1117,4.0017,5.66,0.0,226.0,224.0,142.0,76.90217391304348,96.86721059155235,63.39285714285714,False,1,Normal,0.0531685371531328,No unusual pattern detected,Normal,Normal,Normal,No Unusual Pattern,17th Lok Sabha
17th Lok Sabha,5,Lok Sabha,26,Puducherry,547,Puducherry,3019122,Vaithilingam Ve(17th Lok Sabha),7.89,7.8857,7.1182,2.1991,6.26,0.0,65.0,58.0,20.0,79.34093789607097,90.26719251302991,34.48275862068966,False,1,Normal,0.0015690929833410139,No unusual pattern detected,Normal,Normal,Normal,No Unusual Pattern,17th Lok Sabha
17th Lok Sabha,5,Lok Sabha,1,Punjab,321,BHATINDA,3019127,Smt Harsimrat Kaur Badal(17th Lok Sabha),8.71,8.6367,8.6367,8.1177,8.48,0.0,226.0,226.0,212.0,97.35935706084959,100.0,93.80530973451327,False,1,Normal,0.09224085089372375,No unusual pattern detected,Normal,Normal,Normal,No Unusual Pattern,17th Lok Sabha
17th Lok Sabha,5,Lok Sabha,1,Punjab,322,GURDASPUR,3017441,Shri Sunny Deol (17th Lok Sabha),9.81,9.0512,9.0512,6.4503,7.63,0.0,182.0,182.0,159.0,77.77777777777777,100.0,87.36263736263736,False,1,Normal,0.0755939230789216,No unusual pattern detected,Normal,Normal,Normal,No Unusual Pattern,17th Lok Sabha
17th Lok Sabha,5,Lok Sabha,1,Punjab,323,AMRITSAR,3017446,Shri Gurjeet Singh Aujla (17th Lok Sabha),5.07,4.8308,4.8308,3.9858,4.82,0.0,131.0,131.0,107.0,95.06903353057199,100.0,81.67938931297711,False,1,Normal,0.09734324652105542,No unusual pattern detected,Normal,Normal,Normal,No Unusual Pattern,17th Lok Sabha
17th Lok Sabha,5,Lok Sabha,1,Punjab,324,HOSHIARPUR(SC),3017443,Shri Som Prakash (17th Lok Sabha),9.81,9.1968,9.0518,6.4609,8.18,0.0,458.0,447.0,342.0,83.38430173292558,98.42336464857343,76.51006711409396,False,1,Normal,0.06599331874185205,No unusual pattern detected,Normal,Normal,Normal,No Unusual Pattern,17th Lok Sabha
17th Lok Sabha,5,Lok Sabha,1,Punjab,325,FIROZPUR,3019125,Sukhbir Singh Badal(17th Lok Sabha),7.51,7.0614,7.0614,7.0614,7.06,0.0,246.0,246.0,246.0,94.00798934753661,100.0,100.0,False,1,Normal,0.08762408979259156,No unusual pattern detected,Normal,Normal,Normal,No Unusual Pattern,17th Lok Sabha
17th Lok Sabha,5,Lok Sabha,1,Punjab,326,FATEHGARH SAHIB(SC),3017445,Shri Amar Singh (17th Lok Sabha),7.36,7.0216,7.0216,5.9066,6.56,0.0,344.0,344.0,299.0,89.13043478260869,100.0,86.9186046511628,False,1,Normal,0.09924001439335634,No unusual pattern detected,Normal,Normal,Normal,No Unusual Pattern,17th Lok Sabha
17th Lok Sabha,5,Lok Sabha,1,Punjab,327,SANGRUR,3017447,Sardar Simranjit Singh Mann (17th Lok Sabha),7.41,7.1971,7.1971,7.1451,7.17,0.0,513.0,513.0,508.0,96.76113360323886,100.0,99.02534113060429,False,1,Normal,0.10035794546242371,No unusual pattern detected,Normal,Normal,Normal,No Unusual Pattern,17th Lok Sabha
17th Lok Sabha,5,Lok Sabha,1,Punjab,328,PATIALA,3017444,Smt Preneet Kaur (17th Lok Sabha),9.87,9.4792,9.4792,6.4354,8.61,0.0,220.0,220.0,151.0,87.2340425531915,100.0,68.63636363636364,False,1,Normal,0.08132986509030543,No unusual pattern detected,Normal,Normal,Normal,No Unusual Pattern,17th Lok Sabha
17th Lok Sabha,5,Lok Sabha,1,Punjab,329,ANANDPUR SAHIB,3019123,Manish Tewari(17th Lok Sabha),7.36,6.9666,6.9666,5.3076,6.26,0.0,253.0,253.0,196.0,85.05434782608695,100.0,77.4703557312253,False,1,Normal,0.08698451008548086,No unusual pattern detected,Normal,Normal,Normal,No Unusual Pattern,17th Lok Sabha
17th Lok Sabha,5,Lok Sabha,1,Punjab,330,FARIDKOT(SC),3019126,Mohammad Sadique(17th Lok Sabha),7.06,7.0617,7.0617,7.0617,7.06,0.0,222.0,222.0,222.0,100.0,100.0,100.0,False,1,Normal,0.06555804507488894,No unusual pattern detected,Normal,Normal,Normal,No Unusual Pattern,17th Lok Sabha
17th Lok Sabha,5,Lok Sabha,1,Punjab,331,JALANDHAR(SC),3023122,Sushil Kumar Rinku (17th Lok Sabha),4.91,4.6376,4.6376,3.5931,4.35,0.0,109.0,109.0,87.0,88.5947046843177,100.0,79.81651376146789,False,1,Normal,0.0972205849333575,No unusual pattern detected,Normal,Normal,Normal,No Unusual Pattern,17th Lok Sabha
17th Lok Sabha,5,Lok Sabha,1,Punjab,332,LUDHIANA,3019124,Ravneet Singh(17th Lok Sabha),9.81,9.1054,9.1054,8.7994,8.94,0.0,319.0,319.0,313.0,91.131498470948,100.0,98.11912225705329,False,1,Normal,0.08686106397688009,No unusual pattern detected,Normal,Normal,Normal,No Unusual Pattern,17th Lok Sabha
17th Lok Sabha,5,Lok Sabha,1,Punjab,333,KHADOOR SAHIB,3017442,Shri Jasbir Singh (17th Lok Sabha),7.84,6.8691,6.8691,4.9804,5.67,0.0,149.0,149.0,113.0,72.32142857142857,100.0,75.83892617449665,False,1,Normal,0.06650340767726948,No unusual pattern detected,Normal,Normal,Normal,No Unusual Pattern,17th Lok Sabha
17th Lok Sabha,5,Lok Sabha,28,Rajasthan,334,AJMER,3019130,Bhagirath Chaudhary(17th Lok Sabha),9.81,8.5098,8.4698,3.648,5.12,0.0,200.0,199.0,103.0,52.19164118246687,99.52995370043948,51.75879396984925,False,1,Normal,0.003191908539247168,No unusual pattern detected,Normal,Normal,Normal,No Unusual Pattern,17th Lok Sabha
17th Lok Sabha,5,Lok Sabha,28,Rajasthan,335,BARMER,3019144,Kailash Choudhary(17th Lok Sabha),7.36,6.4572,6.4572,3.6137,5.69,0.0,74.0,74.0,42.0,77.30978260869566,100.0,56.75675675675676,False,1,Normal,0.07482736913285648,No unusual pattern detected,Normal,Normal,Normal,No Unusual Pattern,17th Lok Sabha
17th Lok Sabha,5,Lok Sabha,28,Rajasthan,336,JHALAWAR-BARAN,3019133,Dushyant Singh(17th Lok Sabha),13.4,11.8135,11.7974,9.7422,10.71,0.0,312.0,311.0,252.0,79.92537313432835,99.8637152410378,81.02893890675242,False,1,Normal,0.07116292719125689,No unusual pattern detected,Normal,Normal,Normal,No Unusual Pattern,17th Lok Sabha
17th Lok Sabha,5,Lok Sabha,28,Rajasthan,337,KOTA,3019138,Om Birla(17th Lok Sabha),17.86,15.9766,15.8616,6.8516,12.55,0.0,318.0,312.0,159.0,70.26875699888019,99.28019728853448,50.96153846153846,False,1,Normal,0.052352842960582624,No unusual pattern detected,Normal,Normal,Normal,No Unusual Pattern,17th Lok Sabha
17th Lok Sabha,5,Lok Sabha,28,Rajasthan,338,NAGAUR,3017451,Shri Hanuman Beniwal (17th Lok Sabha),9.8,9.3132,9.2882,7.67,8.87,0.0,181.0,180.0,153.0,90.51020408163264,99.73156380191556,85.0,False,1,Normal,0.08426063994063254,No unusual pattern detected,Normal,Normal,Normal,No Unusual Pattern,17th Lok Sabha
17th Lok Sabha,5,Lok Sabha,28,Rajasthan,339,UDAIPUR(ST),3019129,Arjunlal Meena(17th Lok Sabha),9.81,8.4848,8.4848,2.5123,8.02,0.0,119.0,119.0,51.0,81.75331294597349,100.0,42.857142857142854,False,1,Normal,0.07389395501141655,No unusual pattern detected,Normal,Normal,Normal,No Unusual Pattern,17th Lok Sabha
17th Lok Sabha,5,Lok Sabha,28,Rajasthan,340,DAUSA(ST),3017452,Smt Jaskaur Meena (17th Lok Sabha),9.81,8.6139,8.5589,5.7878,7.1,0.0,205.0,204.0,143.0,72.37512742099898,99.36149711512788,70.09803921568627,False,1,Normal,0.048068700232327954,No unusual pattern detected,Normal,Normal,Normal,No Unusual Pattern,17th Lok Sabha
17th Lok Sabha,5,Lok Sabha,28,Rajasthan,341,CHITTORGARH,3019131,Chandra Prakash Joshi(17th Lok Sabha),9.81,5.2376,5.2376,3.6076,4.68,0.0,222.0,222.0,176.0,47.70642201834862,100.0,79.27927927927928,False,-1,Potential Anomaly,-0.02914158204063244,Unusual combination of financial and implementation indicators,Normal,Normal,Normal,ML Multivariate,17th Lok Sabha
17th Lok Sabha,5,Lok Sabha,28,Rajasthan,342,CHURU,3019139,Rahul Kaswan(17th Lok Sabha),11.25,9.8743,9.8743,3.618,8.82,0.0,162.0,162.0,65.0,78.4,100.0,40.123456790123456,False,1,Normal,0.06795269775728974,No unusual pattern detected,Normal,Normal,Normal,No Unusual Pattern,17th Lok Sabha
17th Lok Sabha,5,Lok Sabha,28,Rajasthan,343,TONK-SAWAI MADHOPUR,3019142,Sukhbir Singh Jaunapuria(17th Lok Sabha),9.81,7.2659,6.9259,2.1444,4.52,0.0,156.0,148.0,48.0,46.07543323139653,95.32060722002781,32.432432432432435,False,-1,Potential Anomaly,-0.013569870416256458,Unusual combination of financial and implementation indicators,Normal,Normal,Normal,ML Multivariate,17th Lok Sabha
17th Lok Sabha,5,Lok Sabha,28,Rajasthan,344,BIKANER(SC),3059984,Shri Arjun Ram Meghwal (17LS)EX,7.35,2.3423,2.3384,0.4813,0.6639,0.0,47.0,46.0,11.0,9.03265306122449,99.8334969901379,23.91304347826087,True,-1,Potential Anomaly,-0.13035510239086323,Low fund utilization (9.03%),Low,Normal,Normal,ML + Indicator Outlier,17th Lok Sabha
17th Lok Sabha,5,Lok Sabha,28,Rajasthan,345,JALORE,3019132,Devji Mansingram Patel(17th Lok Sabha),7.36,5.5958,5.5958,2.7619,4.8,0.0,96.0,96.0,48.0,65.21739130434781,100.0,50.0,False,1,Normal,0.06039912717559015,No unusual pattern detected,Normal,Normal,Normal,No Unusual Pattern,17th Lok Sabha
17th Lok Sabha,5,Lok Sabha,28,Rajasthan,346,SIKAR,3019143,Sumedhanand Saraswati(17th Lok Sabha),5.49,5.487,5.487,4.7065,5.26,0.0,75.0,75.0,61.0,95.81056466302367,100.0,81.33333333333333,False,1,Normal,0.09664221561632758,No unusual pattern detected,Normal,Normal,Normal,No Unusual Pattern,17th Lok Sabha
17th Lok Sabha,5,Lok Sabha,28,Rajasthan,347,JODHPUR,3019134,Gajendra Singh Shekhawat(17th Lok Sabha),14.71,13.1452,13.1452,7.5602,11.15,0.0,223.0,223.0,137.0,75.79877634262407,100.0,61.43497757847533,False,1,Normal,0.0755653496473132,No unusual pattern detected,Normal,Normal,Normal,No Unusual Pattern,17th Lok Sabha
17th Lok Sabha,5,Lok Sabha,28,Rajasthan,348,BHARATPUR(SC),3019145,Smt Ranjeeta Koli(17th Lok Sabha),9.81,9.5766,9.5466,2.3102,7.34,0.0,210.0,209.0,64.0,74.82161060142711,99.68673642002382,30.62200956937799,False,1,Normal,0.04879328665885768,No unusual pattern detected,Normal,Normal,Normal,No Unusual Pattern,17th Lok Sabha
17th Lok Sabha,5,Lok Sabha,28,Rajasthan,349,RAJSAMAND,3017448,Smt Kumari Diya (17th Lok Sabha),9.8,5.2711,5.2711,2.4912,4.47,0.0,80.0,80.0,36.0,45.61224489795917,100.0,45.0,False,-1,Potential Anomaly,-2.3652700364418244e-05,Unusual combination of financial and implementation indicators,Normal,Normal,Normal,ML Multivariate,17th Lok Sabha
17th Lok Sabha,5,Lok Sabha,28,Rajasthan,350,KARAULI-DHOLPUR(SC),3019128,Manoj Rajoria(17th Lok Sabha),14.22,13.924,13.924,6.3682,10.84,0.0,404.0,404.0,179.0,76.23066104078762,100.0,44.306930693069305,False,1,Normal,0.0702719610469193,No unusual pattern detected,Normal,Normal,Normal,No Unusual Pattern,17th Lok Sabha
17th Lok Sabha,5,Lok Sabha,28,Rajasthan,351,ALWAR,3018391,Mahant Balak Nath Yogi,4.9,3.8274,3.8274,3.1232,3.72,0.0,75.0,75.0,62.0,75.91836734693878,100.0,82.66666666666667,False,1,Normal,0.07644171841984188,No unusual pattern detected,Normal,Normal,Normal,No Unusual Pattern,17th Lok Sabha
17th Lok Sabha,5,Lok Sabha,28,Rajasthan,352,BANSWARA(ST),3019135,Kanakmal Katara(17th Lok Sabha),7.36,7.2433,7.1933,4.6998,6.66,0.0,133.0,131.0,86.0,90.48913043478261,99.3097069015504,65.64885496183206,False,1,Normal,0.06125097914809924,No unusual pattern detected,Normal,Normal,Normal,No Unusual Pattern,17th Lok Sabha
17th Lok Sabha,5,Lok Sabha,28,Rajasthan,353,BHILWARA,3017450,Shri Subhash Chandra Baheria (17th Lok Sabha),11.77,9.7432,9.7132,3.3223,7.2,0.0,243.0,242.0,86.0,61.17247238742566,99.69209294687577,35.53719008264463,False,1,Normal,0.03446352483473164,No unusual pattern detected,Normal,Normal,Normal,No Unusual Pattern,17th Lok Sabha
17th Lok Sabha,5,Lok Sabha,28,Rajasthan,354,JHUNJHUNU,3019136,Narendra Kumar(17th Lok Sabha),7.36,5.1907,5.1907,3.2326,4.03,0.0,105.0,105.0,44.0,54.75543478260869,100.0,41.904761904761905,False,1,Normal,0.03607273138202477,No unusual pattern detected,Normal,Normal,Normal,No Unusual Pattern,17th Lok Sabha
17th Lok Sabha,5,Lok Sabha,28,Rajasthan,355,GANGANAGAR(SC),3019137,Nihal Chand Chauhan(17th Lok Sabha),10.21,8.166,8.166,5.9672,7.77,0.0,105.0,105.0,73.0,76.101860920666,100.0,69.52380952380952,False,1,Normal,0.07122313517013013,No unusual pattern detected,Normal,Normal,Normal,No Unusual Pattern,17th Lok Sabha
17th Lok Sabha,5,Lok Sabha,28,Rajasthan,356,JAIPUR RURAL,3019140,Rajyavardhan Singh Rathore(17th Lok Sabha),11.76,9.4573,9.4573,5.8358,7.83,0.0,144.0,144.0,91.0,66.58163265306123,100.0,63.19444444444444,False,1,Normal,0.0602830929432564,No unusual pattern detected,Normal,Normal,Normal,No Unusual Pattern,17th Lok Sabha
17th Lok Sabha,5,Lok Sabha,28,Rajasthan,357,JAIPUR,3019141,Ramcharan Bohra(17th Lok Sabha),9.81,7.7981,7.7981,0.8001,3.5,0.0,70.0,70.0,8.0,35.67787971457696,100.0,11.428571428571429,True,-1,Potential Anomaly,-0.05782250523123278,Low fund utilization (35.68%),Low,Normal,Normal,ML + Indicator Outlier,17th Lok Sabha
17th Lok Sabha,5,Lok Sabha,28,Rajasthan,358,PALI,3017454,Shri PP Chaudhary (17th Lok Sabha),10.0,9.2795,9.2792,6.5651,8.2,0.0,183.0,180.0,124.0,82.0,99.9967670671911,68.88888888888889,False,1,Normal,0.08015093187940464,No unusual pattern detected,Normal,Normal,Normal,No Unusual Pattern,17th Lok Sabha
17th Lok Sabha,5,Lok Sabha,29,Sikkim,359,SIKKIM,3017174,Indra Hang Subba,9.31,9.2982,9.2182,5.8482,9.18,0.0,55.0,54.0,32.0,98.60365198711062,99.13961842076961,59.25925925925925,False,1,Normal,0.021411257137976814,No unusual pattern detected,Normal,Normal,Normal,No Unusual Pattern,17th Lok Sabha
17th Lok Sabha,5,Lok Sabha,30,Tamil Nadu,360,TIRUNELVELI,3019161,S Gnanathiraviam(17th Lok Sabha),9.76,9.7294,9.2867,2.5847,8.89,0.0,100.0,95.0,31.0,91.0860655737705,95.44987357904905,32.631578947368425,False,1,Normal,0.02399725252533569,No unusual pattern detected,Normal,Normal,Normal,No Unusual Pattern,17th Lok Sabha
17th Lok Sabha,5,Lok Sabha,30,Tamil Nadu,361,KANCHEEPURAM(SC),3019154,Ganesan Selvam(17th Lok Sabha),7.04,6.9737,6.1537,2.653,6.01,0.0,218.0,209.0,79.0,85.36931818181817,88.24153605689949,37.79904306220095,False,-1,Potential Anomaly,-0.025504506097275614,Low sanction rate (88.24%),Normal,Low,Normal,ML + Indicator Outlier,17th Lok Sabha
17th Lok Sabha,5,Lok Sabha,30,Tamil Nadu,362,SRIPERUMBUDUR,3019166,Thalikkottai Rajuthevar Baalu(17th Lok Sabha),9.23,9.2246,8.018,3.218,7.81,0.0,99.0,89.0,24.0,84.6153846153846,86.91975803828893,26.96629213483146,False,-1,Potential Anomaly,-0.03696283061692296,Low sanction rate (86.92%),Normal,Low,Normal,ML + Indicator Outlier,17th Lok Sabha
17th Lok Sabha,5,Lok Sabha,30,Tamil Nadu,363,MADURAI,3019162,S Venkatesan(17th Lok Sabha),11.77,11.4334,11.3934,10.0804,11.29,0.0,167.0,166.0,149.0,95.92183517417162,99.65014781254919,89.7590361445783,False,1,Normal,0.06833570304916525,No unusual pattern detected,Normal,Normal,Normal,No Unusual Pattern,17th Lok Sabha
17th Lok Sabha,5,Lok Sabha,30,Tamil Nadu,364,ARAKKONAM,3017175,S. Jagathrakshakan,9.43,9.4311,8.2641,1.737,6.99,0.0,88.0,71.0,16.0,74.12513255567339,87.6260457422782,22.535211267605636,False,-1,Potential Anomaly,-0.013292906941863691,Low sanction rate (87.63%),Normal,Low,Normal,ML + Indicator Outlier,17th Lok Sabha
17th Lok Sabha,5,Lok Sabha,30,Tamil Nadu,365,VELLORE,3019994,D M Kathir Anand (17th Lok Sabha),6.99,6.9693,6.8593,1.7293,6.13,0.0,58.0,57.0,16.0,87.6967095851216,98.42164923306503,28.07017543859649,False,1,Normal,0.03904585357925999,No unusual pattern detected,Normal,Normal,Normal,No Unusual Pattern,17th Lok Sabha
17th Lok Sabha,5,Lok Sabha,30,Tamil Nadu,366,TIRUPPUR,3019156,K Subbarayan(17th Lok Sabha),9.81,9.4066,8.8342,8.3713,8.77,0.0,85.0,72.0,63.0,89.39857288481141,93.9149108073055,87.5,False,1,Normal,0.015113236390966622,No unusual pattern detected,Normal,Normal,Normal,No Unusual Pattern,17th Lok Sabha
17th Lok Sabha,5,Lok Sabha,30,Tamil Nadu,367,CHIDAMBARAM(SC),3019167,Thirumaa Valavan Thol(17th Lok Sabha),7.36,7.2813,7.2263,3.7835,7.02,0.0,85.0,84.0,47.0,95.38043478260867,99.2446403801519,55.952380952380956,False,1,Normal,0.04814400393136614,No unusual pattern detected,Normal,Normal,Normal,No Unusual Pattern,17th Lok Sabha
17th Lok Sabha,5,Lok Sabha,30,Tamil Nadu,368,TENKASI(SC),3019152,Dhanush M Kumar(17th Lok Sabha),11.27,11.2376,11.1126,9.0853,11.09,0.0,214.0,211.0,175.0,98.40283939662822,98.88766284615932,82.93838862559242,False,1,Normal,0.031852762229579834,No unusual pattern detected,Normal,Normal,Normal,No Unusual Pattern,17th Lok Sabha
17th Lok Sabha,5,Lok Sabha,30,Tamil Nadu,369,SALEM,3019163,SR Parthiban(17th Lok Sabha),7.36,6.9848,6.7348,4.3678,6.57,0.0,62.0,61.0,21.0,89.2663043478261,96.4207994502348,34.42622950819672,False,1,Normal,0.0341552378821568,No unusual pattern detected,Normal,Normal,Normal,No Unusual Pattern,17th Lok Sabha
17th Lok Sabha,5,Lok Sabha,30,Tamil Nadu,370,NAMAKKAL,3019150,AKP Chinraj(17th Lok Sabha),9.09,9.0868,8.8352,8.4119,8.84,0.0,98.0,93.0,87.0,97.24972497249725,97.23114847911256,93.54838709677419,False,-1,Potential Anomaly,-0.002397998569257598,Unusual combination of financial and implementation indicators,Normal,Normal,Normal,ML Multivariate,17th Lok Sabha
17th Lok Sabha,5,Lok Sabha,30,Tamil Nadu,371,CUDDALORE,3019165,TRVS Ramesh(17th Lok Sabha),7.36,7.1558,7.0358,6.0998,6.43,0.0,124.0,123.0,107.0,87.36413043478261,98.32303865395903,86.99186991869918,False,1,Normal,0.06656347469542462,No unusual pattern detected,Normal,Normal,Normal,No Unusual Pattern,17th Lok Sabha
17th Lok Sabha,5,Lok Sabha,30,Tamil Nadu,372,TIRUCHIRAPPALLI,3019164,Su Thirunavukkarasar(17th Lok Sabha),7.36,7.0055,7.0055,6.732,6.83,0.0,154.0,154.0,148.0,92.79891304347827,100.0,96.1038961038961,False,1,Normal,0.09275882384032696,No unusual pattern detected,Normal,Normal,Normal,No Unusual Pattern,17th Lok Sabha
17th Lok Sabha,5,Lok Sabha,30,Tamil Nadu,373,VILUPPURAM(SC),3018394,D Ravikumar,7.36,7.2418,7.2418,7.2418,7.24,0.0,192.0,192.0,192.0,98.36956521739131,100.0,100.0,False,1,Normal,0.09274425813152642,No unusual pattern detected,Normal,Normal,Normal,No Unusual Pattern,17th Lok Sabha
17th Lok Sabha,5,Lok Sabha,30,Tamil Nadu,374,KALLAKURICHI,3017456,Shri Gautham Sigamani Pon (17th Lok Sabha),9.81,9.7404,9.0334,6.9646,8.74,0.0,102.0,99.0,78.0,89.09276248725789,92.74157118804158,78.78787878787878,False,1,Normal,0.008941714535849465,No unusual pattern detected,Normal,Normal,Normal,No Unusual Pattern,17th Lok Sabha
17th Lok Sabha,5,Lok Sabha,30,Tamil Nadu,375,KRISHNAGIRI,3018392,A Chellakumar,9.81,9.6225,8.9661,2.1315,8.53,0.0,115.0,108.0,23.0,86.95208970438327,93.17848791894,21.296296296296298,False,1,Normal,0.008404771491828611,No unusual pattern detected,Normal,Normal,Normal,No Unusual Pattern,17th Lok Sabha
17th Lok Sabha,5,Lok Sabha,30,Tamil Nadu,376,VIRUDHUNAGAR,3019158,Manickam Tagore B(17th Lok Sabha),9.81,9.7747,9.6947,3.2097,8.55,0.0,125.0,124.0,40.0,87.1559633027523,99.18156055940337,32.25806451612903,False,1,Normal,0.04958178124453533,No unusual pattern detected,Normal,Normal,Normal,No Unusual Pattern,17th Lok Sabha
17th Lok Sabha,5,Lok Sabha,30,Tamil Nadu,377,THENI,3019159,P Raveendranath Kumar(17th Lok Sabha),9.81,9.749,8.5755,0.422,8.37,0.0,88.0,78.0,3.0,85.32110091743118,87.96286798646015,3.8461538461538463,False,-1,Potential Anomaly,-0.043296179729287676,Low sanction rate (87.96%),Normal,Low,Normal,ML + Indicator Outlier,17th Lok Sabha
17th Lok Sabha,5,Lok Sabha,30,Tamil Nadu,378,CHENNAI CENTRAL,3017455,Thiru Dayanidhi Maran (17th Lok Sabha),9.81,9.6488,9.0488,1.7988,8.98,0.0,10.0,9.0,4.0,91.53924566768603,93.78161014841224,44.44444444444444,False,-1,Potential Anomaly,-0.00011670101698046942,Unusual combination of financial and implementation indicators,Normal,Normal,Normal,ML Multivariate,17th Lok Sabha
17th Lok Sabha,5,Lok Sabha,30,Tamil Nadu,379,CHENNAI NORTH,3019643,Kalanidhi Veeraswamy (17th Lok Sabha),11.77,11.6733,11.6733,3.1349,11.56,0.0,32.0,32.0,13.0,98.21580288870008,100.0,40.625,False,1,Normal,0.04201197078415447,No unusual pattern detected,Normal,Normal,Normal,No Unusual Pattern,17th Lok Sabha
17th Lok Sabha,5,Lok Sabha,30,Tamil Nadu,380,CHENNAI SOUTH,3018396,T Sumathy (A) Thamizhachi Thangapandian,14.71,14.6169,14.4169,1.4161,11.89,0.0,42.0,39.0,14.0,80.82936777702243,98.63172081631537,35.8974358974359,False,1,Normal,0.05355124221259533,No unusual pattern detected,Normal,Normal,Normal,No Unusual Pattern,17th Lok Sabha
17th Lok Sabha,5,Lok Sabha,30,Tamil Nadu,381,MAYILADUTHURAI,3018393,S Ramalingam,11.74,11.7402,10.7229,3.6494,10.26,0.0,126.0,115.0,58.0,87.39352640545145,91.3349005979455,50.43478260869565,False,1,Normal,0.0009153471918671441,No unusual pattern detected,Normal,Normal,Normal,No Unusual Pattern,17th Lok Sabha
17th Lok Sabha,5,Lok Sabha,30,Tamil Nadu,382,THANJAVUR,3021882,S.S. Palanimanickam (17th Lok Sabha),9.81,9.7312,9.7312,7.3921,9.48,0.0,37.0,37.0,30.0,96.63608562691131,100.0,81.08108108108108,False,1,Normal,0.09173210525929298,No unusual pattern detected,Normal,Normal,Normal,No Unusual Pattern,17th Lok Sabha
17th Lok Sabha,5,Lok Sabha,30,Tamil Nadu,383,ARANI,3019148,MK Vishnu Prasad(17th Lok Sabha),4.9,4.893,4.893,4.33,4.76,0.0,103.0,103.0,94.0,97.14285714285712,100.0,91.2621359223301,False,1,Normal,0.09126870167178136,No unusual pattern detected,Normal,Normal,Normal,No Unusual Pattern,17th Lok Sabha
17th Lok Sabha,5,Lok Sabha,30,Tamil Nadu,384,TIRUVANNAMALAI,3019242,CN Annadurai(17TH Lok Sabha),4.82,4.7959,4.7959,3.0524,4.64,0.0,127.0,127.0,105.0,96.26556016597509,100.0,82.67716535433071,False,1,Normal,0.09431153228101607,No unusual pattern detected,Normal,Normal,Normal,No Unusual Pattern,17th Lok Sabha
17th Lok Sabha,5,Lok Sabha,30,Tamil Nadu,385,KARUR,3019169,Smt S Jothimani(17th Lok Sabha),7.36,7.2086,7.2041,4.1763,7.09,0.0,178.0,169.0,104.0,96.33152173913044,99.93757456371557,61.53846153846154,False,1,Normal,0.05700690574440509,No unusual pattern detected,Normal,Normal,Normal,No Unusual Pattern,17th Lok Sabha
17th Lok Sabha,5,Lok Sabha,30,Tamil Nadu,386,DINDIGUL,3019160,P Velusamy(17th Lok Sabha),9.81,9.7716,9.392,1.8253,9.22,0.0,129.0,125.0,18.0,93.98572884811416,96.11527283147079,14.399999999999999,False,-1,Potential Anomaly,-0.013086224186857787,Unusual combination of financial and implementation indicators,Normal,Normal,Normal,ML Multivariate,17th Lok Sabha
17th Lok Sabha,5,Lok Sabha,30,Tamil Nadu,387,KANNIYAKUMARI,3017458,vijayakumar Vasanth,9.81,9.8,8.9412,0.0,8.81,0.0,82.0,73.0,0.0,89.80632008154944,91.23673469387755,0.0,False,-1,Potential Anomaly,-0.035722991136934445,Unusual combination of financial and implementation indicators,Normal,Normal,Normal,ML Multivariate,17th Lok Sabha
17th Lok Sabha,5,Lok Sabha,30,Tamil Nadu,388,ERODE,3019149,A Ganeshamurthi(17th Lok Sabha),9.81,9.6396,9.4646,8.3122,9.43,0.0,104.0,102.0,89.0,96.12640163098878,98.18457197394083,87.25490196078431,False,1,Normal,0.04099621892252525,No unusual pattern detected,Normal,Normal,Normal,No Unusual Pattern,17th Lok Sabha
17th Lok Sabha,5,Lok Sabha,30,Tamil Nadu,389,DHARAMAPURI,3019153,Dnv Senthilkumar S(17th Lok Sabha),9.68,9.5237,9.3237,5.4542,9.23,0.0,127.0,124.0,66.0,95.35123966942149,97.89997584972228,53.2258064516129,False,1,Normal,0.022781862613067583,No unusual pattern detected,Normal,Normal,Normal,No Unusual Pattern,17th Lok Sabha
17th Lok Sabha,5,Lok Sabha,30,Tamil Nadu,390,COIMBATORE,3019243,PR Natarajan(17TH Lok Sabha),9.77,9.7693,9.728,1.8613,9.49,0.0,62.0,57.0,15.0,97.13408393039919,99.57724709037495,26.31578947368421,False,1,Normal,0.019485154799329718,No unusual pattern detected,Normal,Normal,Normal,No Unusual Pattern,17th Lok Sabha
17th Lok Sabha,5,Lok Sabha,30,Tamil Nadu,391,POLLACHI,3019155,K Shanmuga Sundaram(17th Lok Sabha),9.79,9.774,9.6586,1.9625,9.35,0.0,143.0,141.0,26.0,95.50561797752809,98.81931655412319,18.439716312056735,False,1,Normal,0.006844834765286634,No unusual pattern detected,Normal,Normal,Normal,No Unusual Pattern,17th Lok Sabha
17th Lok Sabha,5,Lok Sabha,30,Tamil Nadu,392,TIRUVALLUR(SC),3019146,K Jayakumar(17th Lok Sabha),11.77,11.7504,11.5084,10.9314,11.45,0.0,171.0,166.0,161.0,97.28122344944775,97.94049564270152,96.98795180722891,False,1,Normal,0.0028969841251915707,No unusual pattern detected,Normal,Normal,Normal,No Unusual Pattern,17th Lok Sabha
17th Lok Sabha,5,Lok Sabha,30,Tamil Nadu,393,THOOTHUKKUDI,3018395,Kanimozhi Karunanidhi,9.81,9.7977,9.4977,0.3577,9.21,0.0,65.0,62.0,4.0,93.88379204892968,96.93805689090296,6.451612903225806,False,-1,Potential Anomaly,-0.012931534604003203,Unusual combination of financial and implementation indicators,Normal,Normal,Normal,ML Multivariate,17th Lok Sabha
17th Lok Sabha,5,Lok Sabha,30,Tamil Nadu,394,SIVAGANGA,3017457,Shri Karti P Chidambaram (17th Lok Sabha),8.6,8.5259,8.5259,5.7894,8.34,0.0,165.0,165.0,110.0,96.97674418604652,100.0,66.66666666666666,False,1,Normal,0.06562366424380833,No unusual pattern detected,Normal,Normal,Normal,No Unusual Pattern,17th Lok Sabha
17th Lok Sabha,5,Lok Sabha,30,Tamil Nadu,395,RAMANATHAPURAM,3019157,Kani K Navas(17th Lok Sabha),11.77,11.7167,11.6737,4.1818,11.54,0.0,185.0,184.0,72.0,98.04587935429056,99.63300246656482,39.130434782608695,False,1,Normal,0.01823583693298736,No unusual pattern detected,Normal,Normal,Normal,No Unusual Pattern,17th Lok Sabha
17th Lok Sabha,5,Lok Sabha,30,Tamil Nadu,396,NILGIRIS(SC),3019151,Andimuthu Raja(17th Lok Sabha),9.81,9.7252,8.8452,5.4468,8.65,0.0,127.0,115.0,76.0,88.17533129459734,90.95134290297374,66.08695652173913,False,-1,Potential Anomaly,-0.009344741078335939,Unusual combination of financial and implementation indicators,Normal,Normal,Normal,ML Multivariate,17th Lok Sabha
17th Lok Sabha,5,Lok Sabha,30,Tamil Nadu,397,NAGAPATTINAM(SC),3019168,M Selvaraj(17th Lok Sabha),7.36,7.3298,7.2623,4.0818,7.26,0.0,78.0,76.0,33.0,98.64130434782608,99.07910174902453,43.42105263157895,False,1,Normal,0.010526281007656457,No unusual pattern detected,Normal,Normal,Normal,No Unusual Pattern,17th Lok Sabha
17th Lok Sabha,5,Lok Sabha,30,Tamil Nadu,398,PERAMBALUR,3019147,T R Paarivendhar(17th Lok Sabha),9.81,9.5173,8.1601,5.6394,7.76,0.0,51.0,43.0,30.0,79.10295616717634,85.73965305286163,69.76744186046511,False,-1,Potential Anomaly,-0.028762319389794566,Low sanction rate (85.74%),Normal,Low,Normal,ML + Indicator Outlier,17th Lok Sabha
17th Lok Sabha,5,Lok Sabha,129,Telangana,399,ADILABAD(ST),3018399,Soyam Babu Rao,13.03,12.4753,11.2635,0.1099,10.2,0.0,378.0,320.0,2.0,78.2808902532617,90.28640593813375,0.625,False,-1,Potential Anomaly,-0.027081723384906664,Unusual combination of financial and implementation indicators,Normal,Normal,Normal,ML Multivariate,17th Lok Sabha
17th Lok Sabha,5,Lok Sabha,129,Telangana,400,HYDERABAD,3019173,Asaduddin Owaisi(17th Lok Sabha),15.51,14.8636,13.6642,6.647,10.29,0.0,69.0,57.0,29.0,66.34429400386847,91.93062246023842,50.877192982456144,False,1,Normal,0.014739655961296783,No unusual pattern detected,Normal,Normal,Normal,No Unusual Pattern,17th Lok Sabha
17th Lok Sabha,5,Lok Sabha,129,Telangana,401,SECUNDERABAD,3019176,Kishan Reddy Gangapuram(17th Lok Sabha),12.78,10.973,10.2594,3.6252,6.56,0.0,91.0,80.0,29.0,51.330203442879494,93.49676478629362,36.25,False,1,Normal,0.001304237878883896,No unusual pattern detected,Normal,Normal,Normal,No Unusual Pattern,17th Lok Sabha
17th Lok Sabha,5,Lok Sabha,129,Telangana,402,KARIMNAGAR,3019181,Sanjay Kumar Bandi(17th Lok Sabha),15.46,15.388,13.265,0.6769,8.41,0.0,534.0,456.0,31.0,54.39844760672704,86.2035352222511,6.798245614035088,False,-1,Potential Anomaly,-0.0623120845039592,Low sanction rate (86.20%),Normal,Low,Normal,ML + Indicator Outlier,17th Lok Sabha
17th Lok Sabha,5,Lok Sabha,129,Telangana,403,KHAMMAM,3019179,Nama Nageswara Rao(17th Lok Sabha),12.39,11.4021,10.8051,5.2691,8.48,0.0,256.0,242.0,131.0,68.44229217110573,94.76412239850552,54.132231404958674,False,1,Normal,0.035161266053296225,No unusual pattern detected,Normal,Normal,Normal,No Unusual Pattern,17th Lok Sabha
17th Lok Sabha,5,Lok Sabha,129,Telangana,404,MAHABUBNAGAR,3017459,Shri Manne Srinivas Reddy (17th Lok Sabha),2.06,1.751,1.0392,0.1742,0.6916,0.0,41.0,24.0,5.0,33.57281553398058,59.3489434608795,20.833333333333336,True,-1,Potential Anomaly,-0.15412591087123184,Low fund utilization (33.57%) | Low sanction rate (59.35%),Low,Low,Normal,ML + Indicator Outlier,17th Lok Sabha
17th Lok Sabha,5,Lok Sabha,129,Telangana,404,MAHABUBNAGAR,3019178,Manne Srinivas Reddy(17th Lok Sabha),12.26,12.2015,11.3915,0.5671,8.75,0.0,267.0,246.0,15.0,71.37030995106036,93.36147195017007,6.097560975609756,False,1,Normal,0.0012009280254176025,No unusual pattern detected,Normal,Normal,Normal,No Unusual Pattern,17th Lok Sabha
17th Lok Sabha,5,Lok Sabha,129,Telangana,405,MEDAK,3019177,Kotha Prabhakar Reddy(Ex 17th Lok Sabha),9.9,9.1916,5.1362,1.8788,4.99,0.0,187.0,106.0,42.0,50.40404040404041,55.87928108272771,39.62264150943396,False,-1,Potential Anomaly,-0.15016490308680264,Low sanction rate (55.88%),Normal,Low,Normal,ML + Indicator Outlier,17th Lok Sabha
17th Lok Sabha,5,Lok Sabha,129,Telangana,407,CHELVELLA,3019170,Gaddam Ranjith Reddy(17th Lok Sabha),10.72,10.6863,10.3932,6.299,8.53,0.0,208.0,201.0,134.0,79.57089552238806,97.25723590017125,66.66666666666666,False,1,Normal,0.05747547239054379,No unusual pattern detected,Normal,Normal,Normal,No Unusual Pattern,17th Lok Sabha
17th Lok Sabha,5,Lok Sabha,129,Telangana,408,WARANGEL(SC),3019175,Dayakar Pasunoori(17th Lok Sabha),10.69,10.31,9.4324,5.9383,9.35,0.0,294.0,274.0,188.0,87.46492048643593,91.48787584869058,68.61313868613139,False,1,Normal,0.0005786285679690306,No unusual pattern detected,Normal,Normal,Normal,No Unusual Pattern,17th Lok Sabha
17th Lok Sabha,5,Lok Sabha,129,Telangana,409,MAHABUBABAD,3019183,Smt Kavitha Malothu(17th Lok Sabha),9.81,9.7809,8.9574,0.83,7.77,0.0,199.0,181.0,18.0,79.20489296636084,91.58052939913503,9.94475138121547,False,-1,Potential Anomaly,-0.0013574813975559819,Unusual combination of financial and implementation indicators,Normal,Normal,Normal,ML Multivariate,17th Lok Sabha
17th Lok Sabha,5,Lok Sabha,129,Telangana,410,NAGARKURNOOL(SC),3019180,Ramulu Pothuganti(17th Lok Sabha),7.7,7.6594,7.5594,5.7316,6.13,0.0,193.0,191.0,149.0,79.6103896103896,98.69441470611275,78.01047120418848,False,1,Normal,0.06135824138660023,No unusual pattern detected,Normal,Normal,Normal,No Unusual Pattern,17th Lok Sabha
17th Lok Sabha,5,Lok Sabha,129,Telangana,411,MALKAJGIRI,3019171,Anumula Revanth Reddy(17th Lok Sabha),3.13,2.4822,1.9722,1.1105,1.63,0.0,41.0,34.0,14.0,52.07667731629393,79.45371041817741,41.17647058823529,False,-1,Potential Anomaly,-0.0573558331559858,Low sanction rate (79.45%),Normal,Low,Normal,ML + Indicator Outlier,17th Lok Sabha
17th Lok Sabha,5,Lok Sabha,129,Telangana,412,ZAHIRABAD,3018397,Bheemrao Baswanthrao Patil,12.32,11.5542,7.9734,2.6554,6.99,0.0,573.0,455.0,173.0,56.73701298701299,69.00867217115854,38.02197802197802,False,-1,Potential Anomaly,-0.10086785307863577,Low sanction rate (69.01%),Normal,Low,Normal,ML + Indicator Outlier,17th Lok Sabha
17th Lok Sabha,5,Lok Sabha,129,Telangana,413,PEDDAPALLE,3018398,Venkatesh Netha Borlakunta,10.85,10.7767,10.5107,0.9826,7.98,0.0,342.0,335.0,23.0,73.5483870967742,97.53171193408001,6.865671641791045,False,1,Normal,0.005402014837828928,No unusual pattern detected,Normal,Normal,Normal,No Unusual Pattern,17th Lok Sabha
17th Lok Sabha,5,Lok Sabha,129,Telangana,414,NALGONDA,3019182,Uttam Kumar Nalamada Reddy(17th Lok Sabha),10.96,10.9484,10.9384,9.7339,10.51,0.0,287.0,286.0,251.0,95.8941605839416,99.90866245296117,87.76223776223776,False,1,Normal,0.08373597106412067,No unusual pattern detected,Normal,Normal,Normal,No Unusual Pattern,17th Lok Sabha
17th Lok Sabha,5,Lok Sabha,129,Telangana,415,BHONGIR,3017460,Shri Komati Reddy Venkat Reddy (17th Lok Sabha),9.8,8.7479,8.637,3.656,8.5,0.0,374.0,359.0,155.0,86.73469387755102,98.73226717269289,43.17548746518106,False,1,Normal,0.05971883613902507,No unusual pattern detected,Normal,Normal,Normal,No Unusual Pattern,17th Lok Sabha
17th Lok Sabha,5,Lok Sabha,31,Tripura,416,TRIPURA WEST,3019184,Ms Pratima Bhoumik(17th Lok Sabha),11.77,11.6155,11.5855,3.8529,10.44,0.0,198.0,197.0,112.0,88.7000849617672,99.74172441995609,56.852791878172596,False,1,Normal,0.06153168388948693,No unusual pattern detected,Normal,Normal,Normal,No Unusual Pattern,17th Lok Sabha
17th Lok Sabha,5,Lok Sabha,31,Tripura,417,TRIPURA EAST(ST),3018400,Rebati Tripura,9.81,9.7996,9.7996,0.0,9.59,0.0,19.0,19.0,0.0,97.75739041794087,100.0,0.0,False,1,Normal,0.010513572758158451,No unusual pattern detected,Normal,Normal,Normal,No Unusual Pattern,17th Lok Sabha
17th Lok Sabha,5,Lok Sabha,33,Uttar Pradesh,418,ALIGARH,3017466,Shri Satish Kumar Gautam (17th Lok Sabha),4.91,4.7044,4.7044,4.7044,4.7,0.0,67.0,67.0,67.0,95.72301425661914,100.0,100.0,False,1,Normal,0.09845310204347574,No unusual pattern detected,Normal,Normal,Normal,No Unusual Pattern,17th Lok Sabha
17th Lok Sabha,5,Lok Sabha,33,Uttar Pradesh,419,BARABANKI(SC),3019219,Upendra Singh Rawat(17th Lok Sabha),7.24,7.2365,7.2335,6.4742,7.03,0.0,1341.0,1339.0,1255.0,97.09944751381215,99.95854349478338,93.72666168782673,False,1,Normal,0.08003388183981602,No unusual pattern detected,Normal,Normal,Normal,No Unusual Pattern,17th Lok Sabha
17th Lok Sabha,5,Lok Sabha,33,Uttar Pradesh,420,ETAWAH(SC),3019190,Prof Ram Shankar Katheria(17th Lok Sabha),7.36,7.0757,7.0757,6.3805,6.85,0.0,295.0,295.0,263.0,93.07065217391303,100.0,89.15254237288136,False,1,Normal,0.09929852961769481,No unusual pattern detected,Normal,Normal,Normal,No Unusual Pattern,17th Lok Sabha
17th Lok Sabha,5,Lok Sabha,33,Uttar Pradesh,421,FATEHPUR,3019224,Niranjan Jyoti(17th Lok Sabha),7.83,7.5278,7.2023,5.84,6.68,0.0,66.0,62.0,50.0,85.31289910600255,95.676027524642,80.64516129032258,False,1,Normal,0.04734105060536781,No unusual pattern detected,Normal,Normal,Normal,No Unusual Pattern,17th Lok Sabha
17th Lok Sabha,5,Lok Sabha,33,Uttar Pradesh,422,FIROZABAD,3017476,Dr Chandra Sen Jadon (17th Lok Sabha),4.91,4.6773,4.6773,0.0,4.38,0.0,33.0,33.0,0.0,89.20570264765783,100.0,0.0,False,1,Normal,0.03584838061597595,No unusual pattern detected,Normal,Normal,Normal,No Unusual Pattern,17th Lok Sabha
17th Lok Sabha,5,Lok Sabha,33,Uttar Pradesh,423,BANSGAON(SC),3019202,Kamlesh Paswan(17th Lok Sabha),7.75,7.6674,7.6674,6.9986,7.49,0.0,173.0,173.0,152.0,96.64516129032258,100.0,87.86127167630057,False,1,Normal,0.09412747646961572,No unusual pattern detected,Normal,Normal,Normal,No Unusual Pattern,17th Lok Sabha
17th Lok Sabha,5,Lok Sabha,33,Uttar Pradesh,424,GORAKHPUR,3019214,Ravindra Shyamnarayan Alias Ravi Kishan Shukla(17th Lok Sabha),7.98,7.408,7.408,2.2493,6.3,0.0,135.0,135.0,35.0,78.94736842105262,100.0,25.925925925925924,False,1,Normal,0.05107525172247396,No unusual pattern detected,Normal,Normal,Normal,No Unusual Pattern,17th Lok Sabha
17th Lok Sabha,5,Lok Sabha,33,Uttar Pradesh,425,HARDOI (SC),3019201,Jai Prakash(17th Lok Sabha),7.36,7.3307,7.3307,0.0,6.08,0.0,29.0,29.0,0.0,82.6086956521739,100.0,0.0,False,1,Normal,0.036879288322045733,No unusual pattern detected,Normal,Normal,Normal,No Unusual Pattern,17th Lok Sabha
17th Lok Sabha,5,Lok Sabha,33,Uttar Pradesh,426,MISRIKH(SC),3019244,Ashok Kumar Rawat(17TH Lok Sabha),7.36,7.3318,7.2018,3.5543,6.27,0.0,14.0,10.0,4.0,85.19021739130433,98.22690198859762,40.0,False,1,Normal,0.058331232436519664,No unusual pattern detected,Normal,Normal,Normal,No Unusual Pattern,17th Lok Sabha
17th Lok Sabha,5,Lok Sabha,33,Uttar Pradesh,427,UNNAO,3018402,Swami Sachchidanandhari Sakshi ji Maharaj,10.23,9.3016,9.2958,8.6843,9.27,0.0,83.0,82.0,66.0,90.6158357771261,99.93764513632063,80.48780487804879,False,1,Normal,0.09124713561964748,No unusual pattern detected,Normal,Normal,Normal,No Unusual Pattern,17th Lok Sabha
17th Lok Sabha,5,Lok Sabha,33,Uttar Pradesh,428,JAUNPUR,3019640,Shyam Singh Yadav (17th Lok Sabha),9.91,9.4349,9.4349,9.2036,9.4,0.0,221.0,221.0,219.0,94.85368314833502,100.0,99.09502262443439,False,1,Normal,0.09201164589624872,No unusual pattern detected,Normal,Normal,Normal,No Unusual Pattern,17th Lok Sabha
17th Lok Sabha,5,Lok Sabha,33,Uttar Pradesh,429,MACHHLISHAHR(SC),3018406,BP Saroj Bholanath,4.96,4.846,4.846,4.6718,4.83,0.0,752.0,752.0,743.0,97.37903225806451,100.0,98.8031914893617,False,1,Normal,0.09565124794220209,No unusual pattern detected,Normal,Normal,Normal,No Unusual Pattern,17th Lok Sabha
17th Lok Sabha,5,Lok Sabha,33,Uttar Pradesh,430,MEERUT,3017465,Shri Rajendra Agrawal (17th Lok Sabha),7.36,7.2098,7.2098,2.1738,7.07,0.0,87.0,87.0,37.0,96.05978260869566,100.0,42.5287356321839,False,1,Normal,0.06409372808644109,No unusual pattern detected,Normal,Normal,Normal,No Unusual Pattern,17th Lok Sabha
17th Lok Sabha,5,Lok Sabha,33,Uttar Pradesh,431,ROBERTSGANJ(SC),3019206,Pakauri Lal(17th Lok Sabha),5.26,4.9142,4.8804,0.7385,4.74,0.0,102.0,99.0,12.0,90.11406844106465,99.31219730576696,12.121212121212121,False,1,Normal,0.024185572925252752,No unusual pattern detected,Normal,Normal,Normal,No Unusual Pattern,17th Lok Sabha
17th Lok Sabha,5,Lok Sabha,33,Uttar Pradesh,432,AMROHA,3017472,Shri Kunwar Danish Ali (17th Lok Sabha),7.36,7.3273,7.3273,7.1523,7.16,0.0,328.0,328.0,325.0,97.28260869565217,100.0,99.08536585365853,False,1,Normal,0.09637328433289477,No unusual pattern detected,Normal,Normal,Normal,No Unusual Pattern,17th Lok Sabha
17th Lok Sabha,5,Lok Sabha,33,Uttar Pradesh,433,GHOSI,3019193,Atul Kumar Singh(17th Lok Sabha),9.81,9.7451,9.7451,6.5826,9.11,0.0,151.0,151.0,120.0,92.86442405708459,100.0,79.47019867549669,False,1,Normal,0.0998856094736631,No unusual pattern detected,Normal,Normal,Normal,No Unusual Pattern,17th Lok Sabha
17th Lok Sabha,5,Lok Sabha,33,Uttar Pradesh,434,SANT KABIR NAGAR,3019209,Praveen Kumar Nishad(17th Lok Sabha),9.81,9.5568,9.5568,6.8794,9.14,0.0,145.0,145.0,107.0,93.17023445463812,100.0,73.79310344827587,False,1,Normal,0.08588461464934005,No unusual pattern detected,Normal,Normal,Normal,No Unusual Pattern,17th Lok Sabha
17th Lok Sabha,5,Lok Sabha,33,Uttar Pradesh,435,BAGHPAT,3019241,Satya Pal Singh(17TH Lok Sabha),9.81,9.7931,9.766,1.0837,9.36,0.0,87.0,86.0,13.0,95.41284403669724,99.72327455044878,15.11627906976744,False,1,Normal,0.011385360915717735,No unusual pattern detected,Normal,Normal,Normal,No Unusual Pattern,17th Lok Sabha
17th Lok Sabha,5,Lok Sabha,33,Uttar Pradesh,436,CHANDAULI,3019186,Mahendra Nath Pandey(17th Lok Sabha),7.5,7.2638,7.2638,6.1222,7.2,0.0,268.0,268.0,209.0,96.00000000000001,100.0,77.98507462686567,False,1,Normal,0.09151472240853659,No unusual pattern detected,Normal,Normal,Normal,No Unusual Pattern,17th Lok Sabha
17th Lok Sabha,5,Lok Sabha,33,Uttar Pradesh,437,BADAUN,3019188,Sanghamitra Maurya(17th Lok Sabha),7.36,7.2658,7.0939,4.6996,6.96,0.0,121.0,66.0,39.0,94.56521739130434,97.63412150072945,59.09090909090909,False,1,Normal,0.03234974584329142,No unusual pattern detected,Normal,Normal,Normal,No Unusual Pattern,17th Lok Sabha
17th Lok Sabha,5,Lok Sabha,33,Uttar Pradesh,438,GONDA,3019203,Kirti Vardhan Singh(17th Lok Sabha),9.81,9.4469,9.4469,8.7069,9.44,0.0,135.0,135.0,126.0,96.2283384301733,100.0,93.33333333333333,False,1,Normal,0.0935362192567446,No unusual pattern detected,Normal,Normal,Normal,No Unusual Pattern,17th Lok Sabha
17th Lok Sabha,5,Lok Sabha,33,Uttar Pradesh,439,KAISERGANJ,3019195,Brijbhushan Sharan Singh(17th Lok Sabha),7.36,7.3389,7.3389,6.2179,7.2,0.0,50.0,50.0,40.0,97.82608695652173,100.0,80.0,False,1,Normal,0.0801124947206634,No unusual pattern detected,Normal,Normal,Normal,No Unusual Pattern,17th Lok Sabha
17th Lok Sabha,5,Lok Sabha,33,Uttar Pradesh,440,KANNAUJ,3019218,Subrata Pathak(17th Lok Sabha),7.4,7.0804,6.8304,3.756,6.29,0.0,119.0,114.0,60.0,85.0,96.46912603807695,52.63157894736842,False,1,Normal,0.050219284178521784,No unusual pattern detected,Normal,Normal,Normal,No Unusual Pattern,17th Lok Sabha
17th Lok Sabha,5,Lok Sabha,33,Uttar Pradesh,441,MUZAFFARNAGAR,3019189,Sanjeev Kumar Balyan(17th Lok Sabha),4.91,4.8475,4.8475,1.0688,4.37,0.0,66.0,66.0,17.0,89.0020366598778,100.0,25.757575757575758,False,1,Normal,0.054768571411315414,No unusual pattern detected,Normal,Normal,Normal,No Unusual Pattern,17th Lok Sabha
17th Lok Sabha,5,Lok Sabha,33,Uttar Pradesh,442,AGRA(SC),3017473,Prof SP Singh Baghel (17th Lok Sabha),4.91,4.8949,4.8949,4.8949,4.89,0.0,36.0,36.0,36.0,99.59266802443992,100.0,100.0,False,1,Normal,0.08363777831588359,No unusual pattern detected,Normal,Normal,Normal,No Unusual Pattern,17th Lok Sabha
17th Lok Sabha,5,Lok Sabha,33,Uttar Pradesh,443,FATEHPUR SIKRI,3019530,Rajkumar Chahar (17th Lok Sabha),4.91,4.8512,4.8512,4.8512,4.85,0.0,46.0,46.0,46.0,98.77800407331975,100.0,100.0,False,1,Normal,0.09233454387599221,No unusual pattern detected,Normal,Normal,Normal,No Unusual Pattern,17th Lok Sabha
17th Lok Sabha,5,Lok Sabha,33,Uttar Pradesh,444,ALLAHABAD,3019191,Prof Rita Bahuguna Joshi(17th Lok Sabha),7.7,7.5859,7.1695,1.1272,5.57,0.0,829.0,822.0,83.0,72.33766233766235,94.51086884878525,10.097323600973237,False,1,Normal,0.012169938652629775,No unusual pattern detected,Normal,Normal,Normal,No Unusual Pattern,17th Lok Sabha
17th Lok Sabha,5,Lok Sabha,33,Uttar Pradesh,445,PHULPUR,3019228,Smt Keshari Devi Patel(17th Lok Sabha),9.76,9.7622,9.7222,4.6132,8.87,0.0,444.0,443.0,239.0,90.88114754098359,99.59025629468769,53.95033860045147,False,1,Normal,0.05543947294582441,No unusual pattern detected,Normal,Normal,Normal,No Unusual Pattern,17th Lok Sabha
17th Lok Sabha,5,Lok Sabha,33,Uttar Pradesh,446,BAHRAICH(SC),3018404,Akshaibar Lal,9.81,9.6924,9.6924,7.4296,9.67,0.0,63.0,63.0,48.0,98.57288481141691,100.0,76.19047619047619,False,1,Normal,0.07089014951230455,No unusual pattern detected,Normal,Normal,Normal,No Unusual Pattern,17th Lok Sabha
17th Lok Sabha,5,Lok Sabha,33,Uttar Pradesh,447,BALLIA,3019221,Virendra Singh(17th Lok Sabha),9.49,9.4918,9.3418,4.2318,8.61,0.0,56.0,54.0,23.0,90.72708113804003,98.41968857329483,42.592592592592595,False,1,Normal,0.054046182531495957,No unusual pattern detected,Normal,Normal,Normal,No Unusual Pattern,17th Lok Sabha
17th Lok Sabha,5,Lok Sabha,33,Uttar Pradesh,448,SALEMPUR,3019213,Ravindra Kushawaha(17th Lok Sabha),9.7,9.6733,9.6233,2.9633,9.38,0.0,107.0,106.0,31.0,96.70103092783506,99.48311331189977,29.245283018867923,False,1,Normal,0.021436019500975623,No unusual pattern detected,Normal,Normal,Normal,No Unusual Pattern,17th Lok Sabha
17th Lok Sabha,5,Lok Sabha,33,Uttar Pradesh,449,FARRUKHABAD,3019205,Mukesh Rajput(17th Lok Sabha),7.36,7.1079,7.1079,6.9979,7.11,0.0,347.0,347.0,346.0,96.60326086956522,100.0,99.71181556195965,False,1,Normal,0.09700172355438441,No unusual pattern detected,Normal,Normal,Normal,No Unusual Pattern,17th Lok Sabha
17th Lok Sabha,5,Lok Sabha,33,Uttar Pradesh,450,GHAZIABAD,3017464,Dr. Vijay Kumar Singh  (Retd) General,7.36,6.2789,6.2789,6.2789,6.28,0.0,32.0,32.0,32.0,85.32608695652173,100.0,100.0,False,1,Normal,0.05623274440533027,No unusual pattern detected,Normal,Normal,Normal,No Unusual Pattern,17th Lok Sabha
17th Lok Sabha,5,Lok Sabha,33,Uttar Pradesh,451,AKBARPUR,3019196,Devendra Alias Bhole Singh(17th Lok Sabha),7.65,7.1985,7.1985,7.1985,7.2,0.0,87.0,87.0,87.0,94.11764705882352,100.0,100.0,False,1,Normal,0.08867239542978816,No unusual pattern detected,Normal,Normal,Normal,No Unusual Pattern,17th Lok Sabha
17th Lok Sabha,5,Lok Sabha,33,Uttar Pradesh,452,KANPUR,3019217,Satyadev Pachauri(17th Lok Sabha),4.98,4.746,4.746,4.746,4.75,0.0,23.0,23.0,23.0,95.38152610441766,100.0,100.0,False,1,Normal,0.094302725585034,No unusual pattern detected,Normal,Normal,Normal,No Unusual Pattern,17th Lok Sabha
17th Lok Sabha,5,Lok Sabha,33,Uttar Pradesh,453,MATHURA,3019227,Smt Hema Malini(17th Lok Sabha),9.81,9.6671,9.6671,9.4161,9.64,0.0,110.0,110.0,102.0,98.26707441386341,100.0,92.72727272727272,False,1,Normal,0.08024012790792623,No unusual pattern detected,Normal,Normal,Normal,No Unusual Pattern,17th Lok Sabha
17th Lok Sabha,5,Lok Sabha,33,Uttar Pradesh,454,MIRZAPUR,3019225,Smt Anupriya Patel(17th Lok Sabha),10.27,9.5205,9.5205,6.6211,9.21,0.0,20.0,20.0,6.0,89.67867575462513,100.0,30.0,False,1,Normal,0.057236257553040126,No unusual pattern detected,Normal,Normal,Normal,No Unusual Pattern,17th Lok Sabha
17th Lok Sabha,5,Lok Sabha,33,Uttar Pradesh,455,RAMPUR,3019198,Ghanshyam Singh Lodhi(17th Lok Sabha),4.91,4.8922,4.8922,4.7271,4.73,0.0,352.0,352.0,350.0,96.33401221995928,100.0,99.43181818181817,False,1,Normal,0.09842332951937499,No unusual pattern detected,Normal,Normal,Normal,No Unusual Pattern,17th Lok Sabha
17th Lok Sabha,5,Lok Sabha,33,Uttar Pradesh,456,SITAPUR,3017166,Rajesh Verma,7.36,7.3457,7.3457,7.3457,7.35,0.0,22.0,22.0,22.0,99.8641304347826,100.0,100.0,False,1,Normal,0.07377444449268972,No unusual pattern detected,Normal,Normal,Normal,No Unusual Pattern,17th Lok Sabha
17th Lok Sabha,5,Lok Sabha,33,Uttar Pradesh,457,VARANASI,3017469,Shri Narendra Modi (17th Lok Sabha),10.77,10.7494,10.7494,10.7494,10.75,0.0,296.0,296.0,296.0,99.81429897864439,100.0,100.0,False,1,Normal,0.07798532083003157,No unusual pattern detected,Normal,Normal,Normal,No Unusual Pattern,17th Lok Sabha
17th Lok Sabha,5,Lok Sabha,33,Uttar Pradesh,458,AMETHI,3018412,Smriti Irani,9.81,8.6919,8.4219,7.6124,8.13,0.0,74.0,69.0,57.0,82.87461773700306,96.8936596141235,82.6086956521739,False,1,Normal,0.0575197898350191,No unusual pattern detected,Normal,Normal,Normal,No Unusual Pattern,17th Lok Sabha
17th Lok Sabha,5,Lok Sabha,33,Uttar Pradesh,459,KUSHI NAGAR,3019220,Vijay Kumar Dubey(17th Lok Sabha),4.72,4.7088,4.6974,0.3538,4.61,0.0,161.0,160.0,5.0,97.66949152542375,99.7579001019368,3.125,False,-1,Potential Anomaly,-0.01182257892308547,Unusual combination of financial and implementation indicators,Normal,Normal,Normal,ML Multivariate,17th Lok Sabha
17th Lok Sabha,5,Lok Sabha,33,Uttar Pradesh,460,FAIZABAD,3017461,Shri Lallu Singh (17th Lok Sabha),7.36,7.2207,7.2207,6.4682,6.94,0.0,65.0,65.0,60.0,94.29347826086956,100.0,92.3076923076923,False,1,Normal,0.09513896421998141,No unusual pattern detected,Normal,Normal,Normal,No Unusual Pattern,17th Lok Sabha
17th Lok Sabha,5,Lok Sabha,33,Uttar Pradesh,461,GHAZIPUR,3019192,Afzal Ansari(17th Lok Sabha),1.62,0.7259,0.2326,0.0,0.2326,0.0,45.0,3.0,0.0,14.358024691358024,32.04298112687698,0.0,True,-1,Potential Anomaly,-0.24482710867881408,Low fund utilization (14.36%) | Low sanction rate (32.04%),Low,Low,Normal,ML + Indicator Outlier,17th Lok Sabha
17th Lok Sabha,5,Lok Sabha,33,Uttar Pradesh,462,LUCKNOW,3019311,Rajnath Singh(17th Lok Sabha),4.13,4.1255,4.1255,4.1255,4.13,0.0,42.0,42.0,42.0,100.0,100.0,100.0,False,1,Normal,0.06555804507488894,No unusual pattern detected,Normal,Normal,Normal,No Unusual Pattern,17th Lok Sabha
17th Lok Sabha,5,Lok Sabha,33,Uttar Pradesh,463,MOHANLALGANJ(SC),3018408,Kaushal Kishore,4.91,4.6678,4.6678,3.5938,4.51,0.0,49.0,49.0,46.0,91.85336048879836,100.0,93.87755102040816,False,1,Normal,0.09330124679945379,No unusual pattern detected,Normal,Normal,Normal,No Unusual Pattern,17th Lok Sabha
17th Lok Sabha,5,Lok Sabha,33,Uttar Pradesh,464,PILIBHIT,3018407,Feroze Varun Gandhi,7.36,7.3373,7.3373,7.2173,7.22,0.0,142.0,142.0,138.0,98.09782608695652,100.0,97.1830985915493,False,1,Normal,0.08845220791563407,No unusual pattern detected,Normal,Normal,Normal,No Unusual Pattern,17th Lok Sabha
17th Lok Sabha,5,Lok Sabha,33,Uttar Pradesh,465,SAHARANPUR,3017475,Shri Haji Fazlur Rehman (17th Lok Sabha),7.36,7.0041,7.0041,6.7848,6.78,0.0,77.0,77.0,72.0,92.11956521739131,100.0,93.5064935064935,False,1,Normal,0.09410021902499621,No unusual pattern detected,Normal,Normal,Normal,No Unusual Pattern,17th Lok Sabha
17th Lok Sabha,5,Lok Sabha,33,Uttar Pradesh,466,KAUSHAMBI(SC),3017463,Shri Vinod Kumar Sonkar (17th Lok Sabha),4.91,4.8967,4.6791,3.8691,4.58,0.0,98.0,92.0,78.0,93.27902240325865,95.55619090407825,84.78260869565217,False,1,Normal,0.030712333620642185,No unusual pattern detected,Normal,Normal,Normal,No Unusual Pattern,17th Lok Sabha
17th Lok Sabha,5,Lok Sabha,33,Uttar Pradesh,467,HAMIRPUR_UP,3018403,Kunwar Pushpendra Singh Chandel,9.81,9.6156,9.6156,0.8465,6.03,0.0,151.0,151.0,16.0,61.46788990825688,100.0,10.596026490066226,False,-1,Potential Anomaly,-0.003765869693348356,Unusual combination of financial and implementation indicators,Normal,Normal,Normal,ML Multivariate,17th Lok Sabha
17th Lok Sabha,5,Lok Sabha,33,Uttar Pradesh,468,AZAMGARH,3019528,Dinesh Lal Yadav (17th Lok Sabha),5.16,5.1433,5.1088,1.4495,4.64,0.0,77.0,74.0,7.0,89.92248062015503,99.32922442789648,9.45945945945946,False,1,Normal,0.011541087219807344,No unusual pattern detected,Normal,Normal,Normal,No Unusual Pattern,17th Lok Sabha
17th Lok Sabha,5,Lok Sabha,33,Uttar Pradesh,468,AZAMGARH,3059268,Shri Akhilesh Yadav (EX17LS),0.2099,0.044,0.012,0.0,0.012,0.0,3.0,1.0,0.0,5.717008099094807,27.272727272727277,0.0,True,-1,Potential Anomaly,-0.2665554526382551,Low fund utilization (5.72%) | Low sanction rate (27.27%),Low,Low,Normal,ML + Indicator Outlier,17th Lok Sabha
17th Lok Sabha,5,Lok Sabha,33,Uttar Pradesh,469,LALGANJ (SC),3018411,Sangeeta Azad,5.22,5.1819,5.0902,0.0,3.86,0.0,136.0,131.0,0.0,73.9463601532567,98.23037881858006,0.0,False,1,Normal,0.0004533684051680753,No unusual pattern detected,Normal,Normal,Normal,No Unusual Pattern,17th Lok Sabha
17th Lok Sabha,5,Lok Sabha,33,Uttar Pradesh,470,AONLA,3019197,Dharmendra Kumar Kashyap(17th Lok Sabha),7.56,7.2806,7.2806,7.2806,7.28,0.0,166.0,166.0,166.0,96.2962962962963,100.0,100.0,False,1,Normal,0.09820022178094545,No unusual pattern detected,Normal,Normal,Normal,No Unusual Pattern,17th Lok Sabha
17th Lok Sabha,5,Lok Sabha,33,Uttar Pradesh,471,BAREILLY,3019216,Santosh Kumar Gangwar(17th Lok Sabha),7.45,7.2504,7.2504,7.2504,7.25,0.0,75.0,75.0,75.0,97.31543624161073,100.0,100.0,False,1,Normal,0.09825284103314164,No unusual pattern detected,Normal,Normal,Normal,No Unusual Pattern,17th Lok Sabha
17th Lok Sabha,5,Lok Sabha,33,Uttar Pradesh,472,DEORIA,3019212,Ramapati Ram Tripathi(17th Lok Sabha),7.36,7.3499,7.0799,0.0579,6.72,0.0,104.0,97.0,1.0,91.30434782608695,96.32648063238956,1.0309278350515463,False,-1,Potential Anomaly,-0.010456376356653974,Unusual combination of financial and implementation indicators,Normal,Normal,Normal,ML Multivariate,17th Lok Sabha
17th Lok Sabha,5,Lok Sabha,33,Uttar Pradesh,473,JHANSI,3018405,Anurag Sharma,9.81,9.3065,9.3065,9.1725,9.27,0.0,138.0,138.0,135.0,94.49541284403668,100.0,97.82608695652173,False,1,Normal,0.09715180457315209,No unusual pattern detected,Normal,Normal,Normal,No Unusual Pattern,17th Lok Sabha
17th Lok Sabha,5,Lok Sabha,33,Uttar Pradesh,474,KHERI,3017468,Shri Ajay (Teni) Misra (17th Lok Sabha),4.91,4.7482,4.7482,4.7482,4.75,0.0,51.0,51.0,51.0,96.74134419551935,100.0,100.0,False,1,Normal,0.09978041027126022,No unusual pattern detected,Normal,Normal,Normal,No Unusual Pattern,17th Lok Sabha
17th Lok Sabha,5,Lok Sabha,33,Uttar Pradesh,475,DHAURAHRA,3017470,Smt Rekha Arun Verma (17th Lok Sabha),4.91,4.8629,4.8629,4.8629,4.86,0.0,32.0,32.0,32.0,98.9816700610998,100.0,100.0,False,1,Normal,0.08933482094720024,No unusual pattern detected,Normal,Normal,Normal,No Unusual Pattern,17th Lok Sabha
17th Lok Sabha,5,Lok Sabha,33,Uttar Pradesh,476,PRATAPGARH,3019215,Sangam Lal Gupta(17th Lok Sabha),7.36,7.2074,7.2074,6.5212,6.95,0.0,235.0,235.0,222.0,94.42934782608695,100.0,94.46808510638299,False,1,Normal,0.0962927282011386,No unusual pattern detected,Normal,Normal,Normal,No Unusual Pattern,17th Lok Sabha
17th Lok Sabha,5,Lok Sabha,33,Uttar Pradesh,477,SHAHJAHANPUR(SC),3017471,Shri Arun Kumar Sagar (17th Lok Sabha),7.36,7.3346,7.3346,7.3346,7.33,0.0,416.0,416.0,416.0,99.59239130434783,100.0,100.0,False,1,Normal,0.08363777831588359,No unusual pattern detected,Normal,Normal,Normal,No Unusual Pattern,17th Lok Sabha
17th Lok Sabha,5,Lok Sabha,33,Uttar Pradesh,478,GAUTAM BUDDHA NAGAR,3019187,Mahesh Sharma(17th Lok Sabha),7.36,7.1748,7.1748,2.8326,6.96,0.0,89.0,89.0,35.0,94.56521739130434,100.0,39.325842696629216,False,1,Normal,0.06286045464970308,No unusual pattern detected,Normal,Normal,Normal,No Unusual Pattern,17th Lok Sabha
17th Lok Sabha,5,Lok Sabha,33,Uttar Pradesh,479,MAHARAJGANJ_UP,3019207,Pankaj Chaudhary(17th Lok Sabha),7.36,7.242,7.242,5.4319,6.9,0.0,53.0,53.0,26.0,93.75,100.0,49.056603773584904,False,1,Normal,0.06965538726550674,No unusual pattern detected,Normal,Normal,Normal,No Unusual Pattern,17th Lok Sabha
17th Lok Sabha,5,Lok Sabha,33,Uttar Pradesh,480,SAMBHAL,3017467,Shri Shafiqur Rahman Barq (17th Lok Sabha),4.91,4.8587,4.7692,4.4099,4.74,0.0,209.0,207.0,200.0,96.5376782077393,98.15794348282462,96.61835748792271,False,1,Normal,0.014355953538957411,No unusual pattern detected,Normal,Normal,Normal,No Unusual Pattern,17th Lok Sabha
17th Lok Sabha,5,Lok Sabha,33,Uttar Pradesh,481,BANDA,3019210,RK Singh Patel(17th Lok Sabha),7.36,7.3056,7.2658,5.7728,6.79,0.0,184.0,183.0,154.0,92.25543478260869,99.45521243977223,84.15300546448088,False,1,Normal,0.07682000039241571,No unusual pattern detected,Normal,Normal,Normal,No Unusual Pattern,17th Lok Sabha
17th Lok Sabha,5,Lok Sabha,33,Uttar Pradesh,482,ETAH,3018409,Rajveer Raju Bhaiya Singh,7.36,7.3131,7.3131,5.2073,7.28,0.0,107.0,107.0,93.0,98.91304347826086,100.0,86.91588785046729,False,1,Normal,0.07684092559186706,No unusual pattern detected,Normal,Normal,Normal,No Unusual Pattern,17th Lok Sabha
17th Lok Sabha,5,Lok Sabha,33,Uttar Pradesh,483,KAIRANA,3019208,Pradeep Kumar Chaudhary(17th Lok Sabha),7.36,7.1389,7.1389,6.8382,7.06,0.0,60.0,60.0,57.0,95.92391304347825,100.0,95.0,False,1,Normal,0.0921249516594777,No unusual pattern detected,Normal,Normal,Normal,No Unusual Pattern,17th Lok Sabha
17th Lok Sabha,5,Lok Sabha,33,Uttar Pradesh,484,BASTI,3017474,Shri Harish Dwivedi (17th Lok Sabha),6.05,6.0487,6.0487,0.0,5.56,0.0,7.0,7.0,0.0,91.90082644628099,100.0,0.0,False,1,Normal,0.03077024816058338,No unusual pattern detected,Normal,Normal,Normal,No Unusual Pattern,17th Lok Sabha
17th Lok Sabha,5,Lok Sabha,33,Uttar Pradesh,485,BIJNOR,3019204,Malook Nagar(17th Lok Sabha),9.81,9.7943,9.7943,4.1899,9.73,0.0,168.0,168.0,77.0,99.18450560652396,100.0,45.83333333333333,False,1,Normal,0.03358877647372438,No unusual pattern detected,Normal,Normal,Normal,No Unusual Pattern,17th Lok Sabha
17th Lok Sabha,5,Lok Sabha,33,Uttar Pradesh,486,NAGINA(SC),3019199,Girish Chandra(17th Lok Sabha),7.74,7.3389,7.3389,7.3389,7.34,0.0,238.0,238.0,238.0,94.83204134366925,100.0,100.0,False,1,Normal,0.091643203671541,No unusual pattern detected,Normal,Normal,Normal,No Unusual Pattern,17th Lok Sabha
17th Lok Sabha,5,Lok Sabha,33,Uttar Pradesh,487,BULANDSHAHR(SC),3019222,Bhola Singh(17th Lok Sabha),7.39,7.2238,7.2238,7.2238,7.22,0.0,344.0,344.0,344.0,97.69959404600812,100.0,100.0,False,1,Normal,0.09550288609494795,No unusual pattern detected,Normal,Normal,Normal,No Unusual Pattern,17th Lok Sabha
17th Lok Sabha,5,Lok Sabha,33,Uttar Pradesh,488,JALAUN(SC),3019194,Bhanu Pratap Singh Verma(17th Lok Sabha),9.84,9.7354,9.7354,4.0238,8.69,0.0,87.0,87.0,38.0,88.3130081300813,100.0,43.67816091954023,False,1,Normal,0.07063464391510216,No unusual pattern detected,Normal,Normal,Normal,No Unusual Pattern,17th Lok Sabha
17th Lok Sabha,5,Lok Sabha,33,Uttar Pradesh,490,RAE BARELI,3018413,Smt. Sonia Gandhi (2019-24),12.72,11.7114,11.083,4.5368,8.29,0.0,1478.0,1474.0,1111.0,65.17295597484276,94.63428795874106,75.3731343283582,False,1,Normal,0.012960483432308434,No unusual pattern detected,Normal,Normal,Normal,No Unusual Pattern,17th Lok Sabha
17th Lok Sabha,5,Lok Sabha,33,Uttar Pradesh,491,DOMARIYAGANJ,3019200,Jagdambika Pal(17th Lok Sabha),9.81,8.442,8.422,0.0,7.97,0.0,93.0,92.0,0.0,81.24362895005096,99.76308931532813,0.0,False,1,Normal,0.02639749330587493,No unusual pattern detected,Normal,Normal,Normal,No Unusual Pattern,17th Lok Sabha
17th Lok Sabha,5,Lok Sabha,33,Uttar Pradesh,492,AMBEDKAR NAGAR,3017462,Shri Ritesh Pandey (17th Lok Sabha),7.36,7.07,7.07,6.4965,6.98,0.0,88.0,88.0,85.0,94.83695652173914,100.0,96.5909090909091,False,1,Normal,0.09938899663502038,No unusual pattern detected,Normal,Normal,Normal,No Unusual Pattern,17th Lok Sabha
17th Lok Sabha,5,Lok Sabha,33,Uttar Pradesh,493,BHADOHI,3019185,Ramesh Chand Bind(17th Lok Sabha),7.36,7.35,7.35,0.0,7.02,0.0,60.0,60.0,0.0,95.38043478260867,100.0,0.0,False,1,Normal,0.027796320541033093,No unusual pattern detected,Normal,Normal,Normal,No Unusual Pattern,17th Lok Sabha
17th Lok Sabha,5,Lok Sabha,33,Uttar Pradesh,495,SULTANPUR,3018410,Maneka Sanjay Gandhi,6.93,6.9332,6.9332,0.0,5.66,0.0,80.0,80.0,0.0,81.67388167388168,100.0,0.0,False,1,Normal,0.03520950115284116,No unusual pattern detected,Normal,Normal,Normal,No Unusual Pattern,17th Lok Sabha
17th Lok Sabha,5,Lok Sabha,33,Uttar Pradesh,496,SHRAWASTI,3019223,Ram Shiromani(17th Lok Sabha),11.29,11.2917,11.2917,6.061,11.19,0.0,1064.0,1064.0,726.0,99.11426040744021,100.0,68.23308270676691,False,1,Normal,0.052113840361326214,No unusual pattern detected,Normal,Normal,Normal,No Unusual Pattern,17th Lok Sabha
17th Lok Sabha,5,Lok Sabha,32,Uttarakhand,498,NAINITAL UDHAM SINGH NAG.,3017176,Ajay Bhatt,9.81,9.5364,9.2266,3.9553,7.94,0.0,325.0,312.0,125.0,80.93781855249745,96.75139465626441,40.06410256410257,False,1,Normal,0.051098753545611164,No unusual pattern detected,Normal,Normal,Normal,No Unusual Pattern,17th Lok Sabha
17th Lok Sabha,5,Lok Sabha,32,Uttarakhand,499,GARHWAL,3019230,Tirath Singh Rawat(17th Lok Sabha),9.89,9.6122,9.1122,1.7172,6.94,0.0,366.0,350.0,67.0,70.17189079878665,94.79827718940513,19.142857142857142,False,1,Normal,0.01962997288487045,No unusual pattern detected,Normal,Normal,Normal,No Unusual Pattern,17th Lok Sabha
17th Lok Sabha,5,Lok Sabha,32,Uttarakhand,500,HARDWAR,3019229,Ramesh Pokhriyal Nishank(17th Lok Sabha),10.38,10.3675,9.665,0.0,8.48,0.0,232.0,216.0,0.0,81.69556840077071,93.22401736194838,0.0,False,1,Normal,0.0069921938248847515,No unusual pattern detected,Normal,Normal,Normal,No Unusual Pattern,17th Lok Sabha
17th Lok Sabha,5,Lok Sabha,32,Uttarakhand,502,ALMORA(SC),3018414,Ajay Tamta,17.16,16.8662,16.7512,12.4074,15.42,0.0,1232.0,1226.0,847.0,89.86013986013985,99.3181629531252,69.08646003262643,False,1,Normal,0.059502570192488,No unusual pattern detected,Normal,Normal,Normal,No Unusual Pattern,17th Lok Sabha
17th Lok Sabha,5,Lok Sabha,34,West Bengal,503,ARAMBAG(SC),3018420,Aparupa Poddar,7.36,7.3161,7.3161,6.6446,7.29,0.0,181.0,181.0,169.0,99.04891304347827,100.0,93.37016574585635,False,1,Normal,0.0734736000308579,No unusual pattern detected,Normal,Normal,Normal,No Unusual Pattern,17th Lok Sabha
17th Lok Sabha,5,Lok Sabha,34,West Bengal,504,HOOGHLY,3017481,Smt Locket Chatterjee (17th Lok Sabha),9.81,9.7685,9.7685,9.6295,9.77,0.0,307.0,307.0,304.0,99.59225280326197,100.0,99.0228013029316,False,1,Normal,0.07454168319897148,No unusual pattern detected,Normal,Normal,Normal,No Unusual Pattern,17th Lok Sabha
17th Lok Sabha,5,Lok Sabha,34,West Bengal,505,SREERAMPUR,3019373,Kalyan Banerjee (17th Lok Sabha),7.36,7.0361,7.0058,5.5374,6.87,0.0,114.0,113.0,89.0,93.34239130434783,99.5693637100098,78.76106194690266,False,1,Normal,0.07689592435463816,No unusual pattern detected,Normal,Normal,Normal,No Unusual Pattern,17th Lok Sabha
17th Lok Sabha,5,Lok Sabha,34,West Bengal,506,PURULIA,3017483,Shri Jyotirmay Singh Mahato (17th Lok Sabha),11.77,11.6078,9.2802,1.2204,2.95,0.0,144.0,131.0,18.0,25.06372132540357,79.94796602284671,13.740458015267176,True,-1,Potential Anomaly,-0.125918746637672,Low fund utilization (25.06%) | Low sanction rate (79.95%),Low,Low,Normal,ML + Indicator Outlier,17th Lok Sabha
17th Lok Sabha,5,Lok Sabha,34,West Bengal,507,BANKURA,3019299,Subhash Sarkar (17th Lok Sabha),14.14,13.9926,13.9926,1.1628,9.79,0.0,289.0,289.0,110.0,69.23620933521923,100.0,38.062283737024224,False,1,Normal,0.05932095999879289,No unusual pattern detected,Normal,Normal,Normal,No Unusual Pattern,17th Lok Sabha
17th Lok Sabha,5,Lok Sabha,34,West Bengal,508,BISHNUPUR(SC),3018416,Saumitra khan,9.81,9.7573,9.4453,6.0961,8.09,0.0,105.0,97.0,58.0,82.46687054026502,96.80239410492656,59.79381443298969,False,1,Normal,0.0574084180284965,No unusual pattern detected,Normal,Normal,Normal,No Unusual Pattern,17th Lok Sabha
17th Lok Sabha,5,Lok Sabha,34,West Bengal,509,KRISHNANAGAR,3019231,Ms Mahua Moitra(17th Lok Sabha),4.43,4.4264,4.4264,4.4264,4.43,0.0,27.0,27.0,27.0,100.0,100.0,100.0,False,1,Normal,0.06555804507488894,No unusual pattern detected,Normal,Normal,Normal,No Unusual Pattern,17th Lok Sabha
17th Lok Sabha,5,Lok Sabha,34,West Bengal,510,RANAGHAT(SC),3019236,Jagannath Sarkar(17th Lok Sabha),7.36,6.8521,6.8521,4.8914,6.07,0.0,143.0,142.0,109.0,82.47282608695652,100.0,76.76056338028168,False,1,Normal,0.08914993804398635,No unusual pattern detected,Normal,Normal,Normal,No Unusual Pattern,17th Lok Sabha
17th Lok Sabha,5,Lok Sabha,34,West Bengal,511,DARJEELING,3019234,Raju Bista(17th Lok Sabha),9.81,8.3213,7.7113,2.3543,6.26,0.0,126.0,116.0,41.0,63.81243628950051,92.66941463473253,35.3448275862069,False,1,Normal,0.02190087273802599,No unusual pattern detected,Normal,Normal,Normal,No Unusual Pattern,17th Lok Sabha
17th Lok Sabha,5,Lok Sabha,34,West Bengal,512,BIRBHUM,3017478,Smt Satabdi Roy (Banerjee) (17th Lok Sabha),7.36,6.8855,6.8855,6.408,6.8,0.0,130.0,130.0,117.0,92.39130434782608,100.0,90.0,False,1,Normal,0.09480144554024805,No unusual pattern detected,Normal,Normal,Normal,No Unusual Pattern,17th Lok Sabha
17th Lok Sabha,5,Lok Sabha,34,West Bengal,513,BOLPUR(SC),3019335,Asit Kumar Mal (17th Lok Sabha),7.11,7.1084,7.1084,4.4293,6.69,0.0,59.0,59.0,36.0,94.09282700421942,100.0,61.016949152542374,False,1,Normal,0.07712008122053826,No unusual pattern detected,Normal,Normal,Normal,No Unusual Pattern,17th Lok Sabha
17th Lok Sabha,5,Lok Sabha,34,West Bengal,514,COOCHBEHAR(SC),3018419,Nisith Pramanik,5.2,3.149,2.139,0.0,2.1,0.0,31.0,26.0,0.0,40.38461538461539,67.9263258177199,0.0,False,-1,Potential Anomaly,-0.12013198730922037,Low sanction rate (67.93%),Normal,Low,Normal,ML + Indicator Outlier,17th Lok Sabha
17th Lok Sabha,5,Lok Sabha,34,West Bengal,515,KANTHI,3017484,Shri Sisir Kumar Adhikari (17th Lok Sabha),9.81,9.6042,9.6042,6.8842,9.3,0.0,85.0,85.0,57.0,94.80122324159022,100.0,67.05882352941175,False,1,Normal,0.07502608393313942,No unusual pattern detected,Normal,Normal,Normal,No Unusual Pattern,17th Lok Sabha
17th Lok Sabha,5,Lok Sabha,34,West Bengal,516,TAMLUK,3017482,Shri Dibyendu Adhikari (17th Lok Sabha),9.81,9.1177,9.1177,5.6971,8.87,0.0,229.0,229.0,146.0,90.41794087665646,100.0,63.75545851528385,False,1,Normal,0.07353899443546996,No unusual pattern detected,Normal,Normal,Normal,No Unusual Pattern,17th Lok Sabha
17th Lok Sabha,5,Lok Sabha,34,West Bengal,517,ALIPURDUARS(ST),3018417,John Barla,9.81,8.667,8.2255,2.1548,6.38,0.0,118.0,112.0,25.0,65.03567787971457,94.90596515518635,22.321428571428573,False,1,Normal,0.021348452999260692,No unusual pattern detected,Normal,Normal,Normal,No Unusual Pattern,17th Lok Sabha
17th Lok Sabha,5,Lok Sabha,34,West Bengal,518,HOWRAH,3019233,Prasun Banerjee(17th Lok Sabha),9.81,8.9653,8.5153,7.9436,8.06,0.0,157.0,151.0,148.0,82.16106014271152,94.98064760799974,98.01324503311258,False,-1,Potential Anomaly,-0.017747772053925637,Unusual combination of financial and implementation indicators,Normal,Normal,Normal,ML Multivariate,17th Lok Sabha
17th Lok Sabha,5,Lok Sabha,34,West Bengal,519,ULUBERIA,3019237,Smt Sajda Ahmed(17th Lok Sabha),7.36,7.1246,7.1246,6.517,6.85,0.0,180.0,180.0,171.0,93.07065217391303,100.0,95.0,False,1,Normal,0.09152219063520961,No unusual pattern detected,Normal,Normal,Normal,No Unusual Pattern,17th Lok Sabha
17th Lok Sabha,5,Lok Sabha,34,West Bengal,520,BALURGHAT,3017477,Dr Sukanta Majumdar (17th Lok Sabha),7.36,7.0903,7.0903,2.9161,5.47,0.0,360.0,360.0,178.0,74.32065217391303,100.0,49.44444444444444,False,1,Normal,0.06853388125728693,No unusual pattern detected,Normal,Normal,Normal,No Unusual Pattern,17th Lok Sabha
17th Lok Sabha,5,Lok Sabha,34,West Bengal,521,BAHARAMPUR,3019531,Adhir Ranjan Chowdhury (17th Lok Sabha),22.06,17.1469,14.4633,5.8735,13.09,0.0,223.0,198.0,66.0,59.33816863100635,84.34935760983035,33.33333333333333,False,-1,Potential Anomaly,-0.02946894974271963,Low sanction rate (84.35%),Normal,Low,Normal,ML + Indicator Outlier,17th Lok Sabha
17th Lok Sabha,5,Lok Sabha,34,West Bengal,522,JANGIPUR,3018418,Khalilur Rahaman,19.61,19.4397,19.3897,0.5773,15.58,0.0,306.0,305.0,5.0,79.44926058133606,99.74279438468702,1.639344262295082,False,1,Normal,0.006145509826796736,No unusual pattern detected,Normal,Normal,Normal,No Unusual Pattern,17th Lok Sabha
17th Lok Sabha,5,Lok Sabha,34,West Bengal,523,MURSHIDABAD,3019300,Abu Taher Khan(17th Lok Sabha),22.06,21.1381,20.4291,10.5606,17.94,0.0,213.0,208.0,177.0,81.32366273798732,96.6458669416835,85.09615384615384,False,1,Normal,0.048525523346837296,No unusual pattern detected,Normal,Normal,Normal,No Unusual Pattern,17th Lok Sabha
17th Lok Sabha,5,Lok Sabha,34,West Bengal,524,DIAMOND HARBOUR,3017487,Shri Abhishek Banerjee (17th Lok Sabha),7.36,7.179,7.179,2.8554,6.99,0.0,154.0,154.0,59.0,94.97282608695652,100.0,38.311688311688314,False,1,Normal,0.0610147546946192,No unusual pattern detected,Normal,Normal,Normal,No Unusual Pattern,17th Lok Sabha
17th Lok Sabha,5,Lok Sabha,34,West Bengal,525,JADAVPUR,3017496,Ms Mimi Chakraborty (17th Lok Sabha),7.36,7.0708,7.0208,3.2208,6.76,0.0,258.0,257.0,119.0,91.84782608695652,99.29286643661254,46.30350194552529,False,1,Normal,0.04708729419254115,No unusual pattern detected,Normal,Normal,Normal,No Unusual Pattern,17th Lok Sabha
17th Lok Sabha,5,Lok Sabha,34,West Bengal,526,JOYNAGAR(SC),3018422,Pratima Mondal,7.36,7.3348,7.3348,2.0006,6.99,0.0,146.0,146.0,18.0,94.97282608695652,100.0,12.32876712328767,False,1,Normal,0.028399836650222166,No unusual pattern detected,Normal,Normal,Normal,No Unusual Pattern,17th Lok Sabha
17th Lok Sabha,5,Lok Sabha,34,West Bengal,527,MATHURAPUR(SC),3017490,Shri Choudhury Mohan Jatua (17th Lok Sabha),7.36,7.3275,7.1975,1.1455,6.19,0.0,123.0,122.0,27.0,84.10326086956522,98.22586148072331,22.131147540983605,False,1,Normal,0.03980420506381149,No unusual pattern detected,Normal,Normal,Normal,No Unusual Pattern,17th Lok Sabha
17th Lok Sabha,5,Lok Sabha,34,West Bengal,528,KOLKATA DAKSHIN,3018421,Mala Roy,7.36,7.0517,7.0517,2.4052,5.55,0.0,57.0,57.0,23.0,75.40760869565217,100.0,40.35087719298245,False,1,Normal,0.06790382150481267,No unusual pattern detected,Normal,Normal,Normal,No Unusual Pattern,17th Lok Sabha
17th Lok Sabha,5,Lok Sabha,34,West Bengal,529,KOLKATA UTTAR,3019533,Sudip Bandyopadhyay (17th Lok Sabha),9.81,8.9406,8.3376,3.7217,6.57,0.0,67.0,57.0,24.0,66.97247706422019,93.25548620897926,42.10526315789473,False,1,Normal,0.025859806525094342,No unusual pattern detected,Normal,Normal,Normal,No Unusual Pattern,17th Lok Sabha
17th Lok Sabha,5,Lok Sabha,34,West Bengal,530,JALPAIGURI(SC),3017486,Dr Jayanta Kumar Roy (17th Lok Sabha),11.77,9.2167,6.3218,0.6441,4.44,0.0,71.0,50.0,5.0,37.72302463891249,68.59071034101143,10.0,False,-1,Potential Anomaly,-0.12006542937029008,Low sanction rate (68.59%),Normal,Low,Normal,ML + Indicator Outlier,17th Lok Sabha
17th Lok Sabha,5,Lok Sabha,34,West Bengal,531,MALDAHA DAKSHIN,3017488,Shri Abu Hasem Khan Choudhury (17th Lok Sabha),14.71,13.5359,12.4649,3.3679,7.36,0.0,329.0,305.0,99.0,50.03399048266486,92.0877075037493,32.459016393442624,False,-1,Potential Anomaly,-0.013595449224847789,Unusual combination of financial and implementation indicators,Normal,Normal,Normal,ML Multivariate,17th Lok Sabha
17th Lok Sabha,5,Lok Sabha,34,West Bengal,532,MALDAHA UTTAR,3019301,Khagen Murmu(17th Lok Sabha),9.81,6.7829,5.1969,1.0705,3.1,0.0,270.0,233.0,44.0,31.600407747196734,76.61767090772385,18.88412017167382,True,-1,Potential Anomaly,-0.11631718734698104,Low fund utilization (31.60%) | Low sanction rate (76.62%),Low,Low,Normal,ML + Indicator Outlier,17th Lok Sabha
17th Lok Sabha,5,Lok Sabha,34,West Bengal,533,MEDINIPUR,3017492,Shri Dilip Ghosh (17th Lok Sabha),9.81,9.2657,7.9826,1.4886,6.54,0.0,178.0,149.0,33.0,66.66666666666666,86.15215256267739,22.14765100671141,False,-1,Potential Anomaly,-0.0224552529416453,Low sanction rate (86.15%),Normal,Low,Normal,ML + Indicator Outlier,17th Lok Sabha
17th Lok Sabha,5,Lok Sabha,34,West Bengal,534,GHATAL,3017491,Shri Deepak (Dev) Adhikari (17th Lok Sabha),9.81,9.2314,8.9934,4.8789,7.87,0.0,204.0,202.0,132.0,80.2242609582059,97.4218428407392,65.34653465346535,False,1,Normal,0.06249870960116777,No unusual pattern detected,Normal,Normal,Normal,No Unusual Pattern,17th Lok Sabha
17th Lok Sabha,5,Lok Sabha,34,West Bengal,535,BARASAT,3017485,Dr Kakoli Ghosh Dastidar,7.36,7.3268,7.2618,3.691,6.55,0.0,73.0,72.0,37.0,88.9945652173913,99.11284599006387,51.388888888888886,False,1,Normal,0.06419183827511094,No unusual pattern detected,Normal,Normal,Normal,No Unusual Pattern,17th Lok Sabha
17th Lok Sabha,5,Lok Sabha,34,West Bengal,536,BARRACKPUR,3017489,Shri Arjun Singh (17th Lok Sabha),9.81,9.3935,9.3935,7.8009,8.98,0.0,53.0,53.0,41.0,91.53924566768603,100.0,77.35849056603774,False,1,Normal,0.09608182013696365,No unusual pattern detected,Normal,Normal,Normal,No Unusual Pattern,17th Lok Sabha
17th Lok Sabha,5,Lok Sabha,34,West Bengal,537,BASIRHAT,3017495,Ms Nusrat Jahan Ruhi (17th Lok Sabha),7.36,7.3446,7.3446,3.2774,7.29,0.0,29.0,29.0,11.0,99.04891304347827,100.0,37.93103448275862,False,1,Normal,0.03576281746332349,No unusual pattern detected,Normal,Normal,Normal,No Unusual Pattern,17th Lok Sabha
17th Lok Sabha,5,Lok Sabha,34,West Bengal,538,DUM DUM,3017493,Prof Saugata Roy (17th Lok Sabha),7.36,7.3137,7.1239,3.3937,6.08,0.0,72.0,69.0,31.0,82.6086956521739,97.40487031188044,44.927536231884055,False,1,Normal,0.05295384878575343,No unusual pattern detected,Normal,Normal,Normal,No Unusual Pattern,17th Lok Sabha
17th Lok Sabha,5,Lok Sabha,34,West Bengal,539,BANGAON(SC),3017479,Shri Shantanu Thakur (17th Lok Sabha),9.81,9.7863,9.7863,3.4713,9.28,0.0,41.0,41.0,13.0,94.5973496432212,100.0,31.70731707317073,False,1,Normal,0.05626987680217471,No unusual pattern detected,Normal,Normal,Normal,No Unusual Pattern,17th Lok Sabha
17th Lok Sabha,5,Lok Sabha,34,West Bengal,540,RAIGANJ,3019232,Ms Debasree Chaudhuri(17th Lok Sabha),4.91,4.6446,2.053,0.8849,1.74,0.0,77.0,35.0,17.0,35.437881873727086,44.20186883692891,48.57142857142857,True,-1,Potential Anomaly,-0.2090552373863348,Low fund utilization (35.44%) | Low sanction rate (44.20%),Low,Low,Normal,ML + Indicator Outlier,17th Lok Sabha
17th Lok Sabha,5,Lok Sabha,34,West Bengal,541,JHARGRAM(ST),3017480,Shri Kunar Hembram (17th Lok Sabha),7.36,7.3355,7.3355,5.5799,7.31,0.0,31.0,31.0,17.0,99.32065217391303,100.0,54.83870967741935,False,1,Normal,0.03836759374204146,No unusual pattern detected,Normal,Normal,Normal,No Unusual Pattern,17th Lok Sabha
17th Lok Sabha,5,Lok Sabha,34,West Bengal,542,ASANSOL,3019235,Shatrughan Sinha(17th Lok Sabha),7.36,6.7368,6.6428,1.6004,4.77,0.0,84.0,81.0,12.0,64.80978260869564,98.60467877924238,14.814814814814813,False,1,Normal,0.003990813260287385,No unusual pattern detected,Normal,Normal,Normal,No Unusual Pattern,17th Lok Sabha
17th Lok Sabha,5,Lok Sabha,34,West Bengal,543,BARDHAMAN-DURGAPUR,3017494,Shri SS Ahluwalia (17th Lok Sabha),14.22,11.9116,11.7258,2.7852,8.4,0.0,195.0,193.0,55.0,59.07172995780591,98.44017596292689,28.497409326424872,False,1,Normal,0.009606520040429,No unusual pattern detected,Normal,Normal,Normal,No Unusual Pattern,17th Lok Sabha
17th Lok Sabha,5,Lok Sabha,34,West Bengal,544,BARDHAMAN PURBA(SC),3019641,Sunil Kumar Mondal (17th Lok Sabha),9.81,9.7353,9.7353,5.1956,8.64,0.0,45.0,45.0,26.0,88.07339449541286,100.0,57.77777777777777,False,1,Normal,0.07504148168211994,No unusual pattern detected,Normal,Normal,Normal,No Unusual Pattern,17th Lok Sabha
18th Lok Sabha,7,Lok Sabha,35,Andaman And Nicobar Islands,1,ANDAMAN AND NICOBAR ISLANDS,3042276,BISHNU PADA RAY,14.7,6.5492,3.5233,0.0,0.9365,0.0,24.0,12.0,0.0,6.370748299319729,53.7974103707323,0.0,False,1,Normal,0.041520947827122234,No unusual pattern detected,Normal,Normal,Normal,No Unusual Pattern,18th Lok Sabha
18th Lok Sabha,7,Lok Sabha,2,Andhra Pradesh,2,ANAKAPALLE,3042278,C.M.RAMESH,17.8,5.6083,5.1093,1.4748,2.52,0.0,64.0,62.0,12.0,14.157303370786517,91.10247312019686,19.35483870967742,False,1,Normal,0.04718114758357839,No unusual pattern detected,Normal,Normal,Normal,No Unusual Pattern,18th Lok Sabha
18th Lok Sabha,7,Lok Sabha,2,Andhra Pradesh,3,HINDUPUR,3042285,B K PARTHASARATHI,16.05,8.0521,7.9421,1.6381,3.49,0.0,90.0,88.0,34.0,21.744548286604363,98.63389674743236,38.63636363636363,False,1,Normal,0.018037472762385154,No unusual pattern detected,Normal,Normal,Normal,No Unusual Pattern,18th Lok Sabha
18th Lok Sabha,7,Lok Sabha,2,Andhra Pradesh,4,VIJAYAWADA,3042292,Sivanath Kesineni,14.7,3.6922,3.5622,0.329,0.329,0.0,10.0,9.0,1.0,2.238095238095238,96.4790639726992,11.11111111111111,False,-1,Potential Anomaly,-0.03056818946002615,Unusual combination of financial and implementation indicators,Normal,Normal,Normal,ML Multivariate,18th Lok Sabha
18th Lok Sabha,7,Lok Sabha,2,Andhra Pradesh,5,NANDYAL,3043545,DR BYREDDY SHABARI,15.07,9.4491,7.7005,3.1285,3.27,0.0,189.0,155.0,69.0,21.69873921698739,81.49453387095068,44.516129032258064,False,1,Normal,0.045142273907247066,No unusual pattern detected,Normal,Normal,Normal,No Unusual Pattern,18th Lok Sabha
18th Lok Sabha,7,Lok Sabha,2,Andhra Pradesh,7,AMALAPURAM(SC),3042277,GM Harish Balayogi,14.7,9.7219,9.6224,1.8124,4.44,0.0,108.0,106.0,11.0,30.204081632653068,98.97653750810028,10.377358490566039,False,1,Normal,0.024820091910536357,No unusual pattern detected,Normal,Normal,Normal,No Unusual Pattern,18th Lok Sabha
18th Lok Sabha,7,Lok Sabha,2,Andhra Pradesh,8,BAPATLA,3042281,Krishna Prasad Tenneti,16.78,10.4422,8.9223,0.0382,0.613,0.1,134.0,106.0,1.0,3.6531585220500595,85.44463810308173,0.9433962264150944,False,1,Normal,0.014454647826134537,No unusual pattern detected,Normal,Normal,Normal,No Unusual Pattern,18th Lok Sabha
18th Lok Sabha,7,Lok Sabha,2,Andhra Pradesh,9,ARAKU(ST),3042280,Gumma Thanuja Rani,14.95,9.01,8.27,0.0487,5.8,0.0,116.0,107.0,1.0,38.79598662207358,91.78690344062153,0.9345794392523363,False,1,Normal,0.013284191288895575,No unusual pattern detected,Normal,Normal,Normal,No Unusual Pattern,18th Lok Sabha
18th Lok Sabha,7,Lok Sabha,2,Andhra Pradesh,10,NELLORE(SC),3042290,PRABHAKAR REDDY VEMIREDDY,14.7,9.7884,9.7884,5.1708,6.53,0.0,155.0,155.0,96.0,44.421768707483,100.0,61.935483870967744,False,1,Normal,0.004502052834777948,No unusual pattern detected,Normal,Normal,Normal,No Unusual Pattern,18th Lok Sabha
18th Lok Sabha,7,Lok Sabha,2,Andhra Pradesh,11,TIRUPATI(SC),3018946,Maddila Gurumoorthy,18.04,9.5122,9.5122,3.3856,5.21,0.0,232.0,232.0,70.0,28.88026607538803,100.0,30.17241379310345,False,1,Normal,0.04679555309539374,No unusual pattern detected,Normal,Normal,Normal,No Unusual Pattern,18th Lok Sabha
18th Lok Sabha,7,Lok Sabha,2,Andhra Pradesh,12,ANANTAPUR,3042279,AMBICA G LAKSHMINARAYANA VALMIKI,14.7,11.528,9.388,1.893,4.46,0.0,139.0,114.0,25.0,30.34013605442177,81.43650242886883,21.929824561403507,False,1,Normal,0.07161724702379407,No unusual pattern detected,Normal,Normal,Normal,No Unusual Pattern,18th Lok Sabha
18th Lok Sabha,7,Lok Sabha,2,Andhra Pradesh,13,SRIKAKULAM,3018939,Kinjarapu Ram Mohan Naidu,17.12,12.0724,12.0724,2.7773,3.94,0.0,180.0,180.0,51.0,23.014018691588785,100.0,28.333333333333332,False,1,Normal,0.03581180947718937,No unusual pattern detected,Normal,Normal,Normal,No Unusual Pattern,18th Lok Sabha
18th Lok Sabha,7,Lok Sabha,2,Andhra Pradesh,14,ONGOLE,3018340,Magunta Sreenivasulu Reddy,14.7,2.2385,2.1885,0.0,0.7627,0.0,19.0,18.0,0.0,5.18843537414966,97.76636140272504,0.0,False,1,Normal,0.0012254758358122286,No unusual pattern detected,Normal,Normal,Normal,No Unusual Pattern,18th Lok Sabha
18th Lok Sabha,7,Lok Sabha,2,Andhra Pradesh,15,ELURU,3042283,Putta Mahesh Kumar,14.7,9.775,8.647,0.1881,3.38,0.0,107.0,92.0,2.0,22.993197278911566,88.46035805626599,2.1739130434782608,False,1,Normal,0.043573547407820934,No unusual pattern detected,Normal,Normal,Normal,No Unusual Pattern,18th Lok Sabha
18th Lok Sabha,7,Lok Sabha,2,Andhra Pradesh,16,NARASAPURAM,3042288,Bhupathiraju Srinivasa varma,14.7,1.2,1.2,0.0,0.0,0.0,1.0,1.0,0.0,0.0,100.0,0.0,False,-1,Potential Anomaly,-0.042065267510971394,Unusual combination of financial and implementation indicators,Normal,Normal,Normal,ML Multivariate,18th Lok Sabha
18th Lok Sabha,7,Lok Sabha,2,Andhra Pradesh,17,RAJAHMUNDRY,3043486,Daggubati Purandeshwari,14.7,9.15,8.65,0.0,0.7411,0.0,29.0,27.0,0.0,5.041496598639457,94.53551912568307,0.0,False,1,Normal,0.014871855161075642,No unusual pattern detected,Normal,Normal,Normal,No Unusual Pattern,18th Lok Sabha
18th Lok Sabha,7,Lok Sabha,2,Andhra Pradesh,18,GUNTUR,3042284,Dr Chandra Sekhar Pemmasani,14.7,9.5102,7.9602,1.1591,1.8,0.0,96.0,83.0,9.0,12.244897959183675,83.70170974322308,10.843373493975903,False,1,Normal,0.05527572393894298,No unusual pattern detected,Normal,Normal,Normal,No Unusual Pattern,18th Lok Sabha
18th Lok Sabha,7,Lok Sabha,2,Andhra Pradesh,19,NARASARAOPET,3018945,Lavu Sri Krishna Devarayalu,17.4,1.4738,1.4738,0.16,0.2403,0.0,43.0,43.0,1.0,1.3810344827586207,100.0,2.3255813953488373,False,-1,Potential Anomaly,-0.04421323479028649,Unusual combination of financial and implementation indicators,Normal,Normal,Normal,ML Multivariate,18th Lok Sabha
18th Lok Sabha,7,Lok Sabha,2,Andhra Pradesh,20,VISAKHAPATNAM,3042293,Sribharat MathuKumli,14.7,7.3715,6.8615,0.0,0.1975,0.0,36.0,33.0,0.0,1.3435374149659867,93.08146238893035,0.0,False,1,Normal,0.0035991261105911554,No unusual pattern detected,Normal,Normal,Normal,No Unusual Pattern,18th Lok Sabha
18th Lok Sabha,7,Lok Sabha,2,Andhra Pradesh,21,KADAPA,3018943,Y S Avinash Reddy,15.64,11.8858,6.841,1.8231,3.13,0.0,292.0,161.0,29.0,20.012787723785163,57.55607531676454,18.012422360248447,False,1,Normal,0.05882194222092196,No unusual pattern detected,Normal,Normal,Normal,No Unusual Pattern,18th Lok Sabha
18th Lok Sabha,7,Lok Sabha,2,Andhra Pradesh,22,MACHILIPATNAM,3018342,Balashowry Vallabbhaneni,14.7,3.5126,3.1384,0.276,0.7765,0.0,49.0,41.0,7.0,5.282312925170068,89.34692250754426,17.073170731707318,False,1,Normal,0.01722218437909051,No unusual pattern detected,Normal,Normal,Normal,No Unusual Pattern,18th Lok Sabha
18th Lok Sabha,7,Lok Sabha,2,Andhra Pradesh,23,KURNOOL,3042287,BASTIPATI NAGARAJU PANCHALINGALA,16.0,6.2034,4.8534,4.3534,4.4,0.0,158.0,153.0,143.0,27.500000000000004,78.23774059386787,93.4640522875817,False,-1,Potential Anomaly,-0.09239297146540248,Unusual combination of financial and implementation indicators,Normal,Normal,Normal,ML Multivariate,18th Lok Sabha
18th Lok Sabha,7,Lok Sabha,2,Andhra Pradesh,24,VIZIANAGARAM,3042294,Appalanaidu Kalisetti,14.7,4.8908,4.8778,1.0172,1.59,0.0,91.0,90.0,26.0,10.816326530612246,99.73419481475423,28.888888888888886,False,-1,Potential Anomaly,-0.001798593429537032,Unusual combination of financial and implementation indicators,Normal,Normal,Normal,ML Multivariate,18th Lok Sabha
18th Lok Sabha,7,Lok Sabha,2,Andhra Pradesh,25,CHITTOOR,3042282,DAGGUMALLA PRASADA RAO,14.7,9.6986,9.6336,0.2996,7.05,0.0,144.0,142.0,7.0,47.95918367346939,99.32980017734518,4.929577464788732,False,-1,Potential Anomaly,-0.021137617198948355,Unusual combination of financial and implementation indicators,Normal,Normal,Normal,ML Multivariate,18th Lok Sabha
18th Lok Sabha,7,Lok Sabha,2,Andhra Pradesh,26,RAJAMPET,3018941,Midhun Reddy,17.9,12.681,11.8465,0.9459,4.12,0.0,384.0,357.0,37.0,23.016759776536315,93.41928869962938,10.364145658263306,False,1,Normal,0.05374434617646645,No unusual pattern detected,Normal,Normal,Normal,No Unusual Pattern,18th Lok Sabha
18th Lok Sabha,7,Lok Sabha,2,Andhra Pradesh,27,KAKINADA,3042286,TANGELLA UDAY SRINIVAS,14.7,3.915,2.665,0.525,1.54,0.0,19.0,17.0,3.0,10.476190476190476,68.07151979565774,17.647058823529413,False,1,Normal,0.056742016461766964,No unusual pattern detected,Normal,Normal,Normal,No Unusual Pattern,18th Lok Sabha
18th Lok Sabha,7,Lok Sabha,3,Arunachal Pradesh,28,ARUNACHAL WEST,3018950,Kiren Rijiju,14.7,9.428,8.758,2.803,8.71,0.0,131.0,126.0,44.0,59.251700680272116,92.8935086974968,34.92063492063492,False,-1,Potential Anomaly,-0.004002058321237123,Unusual combination of financial and implementation indicators,Normal,Normal,Normal,ML Multivariate,18th Lok Sabha
18th Lok Sabha,7,Lok Sabha,3,Arunachal Pradesh,29,ARUNACHAL EAST,3017378,Shri Tapir Gao,14.7,9.7593,9.7593,4.1893,9.75,0.0,111.0,111.0,46.0,66.32653061224491,100.0,41.44144144144144,False,-1,Potential Anomaly,-0.049370881071446604,Unusual combination of financial and implementation indicators,Normal,Normal,Normal,ML Multivariate,18th Lok Sabha
18th Lok Sabha,7,Lok Sabha,5,Assam,30,BARPETA,3042295,PHANI BHUSAN CHOUDHURY,14.7,9.2728,5.3558,0.1,3.25,0.0,89.0,52.0,1.0,22.10884353741497,57.75817444569063,1.9230769230769231,False,1,Normal,0.04338112592528037,No unusual pattern detected,Normal,Normal,Normal,No Unusual Pattern,18th Lok Sabha
18th Lok Sabha,7,Lok Sabha,5,Assam,31,Darrang-Udalguri,3018955,Dilip Saikia,14.7,7.365,4.13,0.0,1.86,0.0,230.0,129.0,0.0,12.653061224489798,56.07603530210454,0.0,False,1,Normal,0.057073274097422244,No unusual pattern detected,Normal,Normal,Normal,No Unusual Pattern,18th Lok Sabha
18th Lok Sabha,7,Lok Sabha,5,Assam,32,LAKHIMPUR,3018347,Pradan Baruah,14.7,7.505,6.175,0.0,4.81,0.0,142.0,105.0,0.0,32.72108843537415,82.27848101265822,0.0,False,1,Normal,0.029136021547942037,No unusual pattern detected,Normal,Normal,Normal,No Unusual Pattern,18th Lok Sabha
18th Lok Sabha,7,Lok Sabha,5,Assam,33,DIBRUGARH,3042297,Shri Sarbananda Sonowal (18LS),14.7,9.6043,3.2543,0.2843,1.49,0.0,88.0,36.0,3.0,10.136054421768707,33.88378122299387,8.333333333333332,False,1,Normal,0.0072331365506500545,No unusual pattern detected,Normal,Normal,Normal,No Unusual Pattern,18th Lok Sabha
18th Lok Sabha,7,Lok Sabha,5,Assam,34,JORHAT,3042300,GAURAV GOGOI,14.7,9.7997,7.1597,0.4947,3.14,0.0,452.0,326.0,18.0,21.360544217687078,73.0603998081574,5.521472392638037,False,1,Normal,0.06539843200647971,No unusual pattern detected,Normal,Normal,Normal,No Unusual Pattern,18th Lok Sabha
18th Lok Sabha,7,Lok Sabha,5,Assam,35,Diphu (ST),3042298,AMARSING TISSO,14.7,9.7284,7.1484,0.2784,6.05,0.0,93.0,78.0,4.0,41.156462585034014,73.47970889354877,5.128205128205128,False,1,Normal,0.03133047758530516,No unusual pattern detected,Normal,Normal,Normal,No Unusual Pattern,18th Lok Sabha
18th Lok Sabha,7,Lok Sabha,5,Assam,36,KARIMGANJ (SC),3018957,Kripanath Mallah,14.7,9.786,6.011,0.0,5.4,0.0,58.0,34.0,0.0,36.734693877551024,61.4244839566728,0.0,False,-1,Potential Anomaly,-0.014385956102820119,Unusual combination of financial and implementation indicators,Normal,Normal,Normal,ML Multivariate,18th Lok Sabha
18th Lok Sabha,7,Lok Sabha,5,Assam,37,DHUBRI,3042296,RAKIBUL HUSSAIN,14.7,7.4746,5.7496,0.9796,4.15,0.0,148.0,115.0,22.0,28.231292517006807,76.92184197147674,19.130434782608695,False,1,Normal,0.0746233256112952,No unusual pattern detected,Normal,Normal,Normal,No Unusual Pattern,18th Lok Sabha
18th Lok Sabha,7,Lok Sabha,5,Assam,38,NOWGONG,3018958,Pradyut Bordoloi,9.8,9.7994,7.6096,0.0676,5.84,0.0,216.0,157.0,2.0,59.59183673469387,77.65373390207564,1.2738853503184715,False,-1,Potential Anomaly,-0.08247488302703976,Unusual combination of financial and implementation indicators,Normal,Normal,Normal,ML Multivariate,18th Lok Sabha
18th Lok Sabha,7,Lok Sabha,5,Assam,39,SILCHAR,3042304,PARIMAL SUKLABAIDYA,14.83,4.98,1.33,0.0,0.4425,0.0,84.0,22.0,0.0,2.983816587997303,26.706827309236946,0.0,False,-1,Potential Anomaly,-0.0008988533697287249,Unusual combination of financial and implementation indicators,Normal,Normal,Normal,ML Multivariate,18th Lok Sabha
18th Lok Sabha,7,Lok Sabha,5,Assam,40,Kaziranga,3042301,KAMAKHYA PRASAD TASA,14.7,8.6819,5.5469,0.0,0.2522,0.0,87.0,57.0,0.0,1.7156462585034011,63.89039265598544,0.0,False,1,Normal,0.030924366702505868,No unusual pattern detected,Normal,Normal,Normal,No Unusual Pattern,18th Lok Sabha
18th Lok Sabha,7,Lok Sabha,5,Assam,41,KOKRAJHAR (ST),3042302,JOYANTA BASUMATARY,14.7,9.394,7.214,1.971,5.08,0.0,84.0,65.0,19.0,34.5578231292517,76.79369810517352,29.230769230769234,False,1,Normal,0.06449123879518054,No unusual pattern detected,Normal,Normal,Normal,No Unusual Pattern,18th Lok Sabha
18th Lok Sabha,7,Lok Sabha,5,Assam,42,Sonitpur,3042305,RANJIT DUTTA,14.7,10.4023,9.0411,1.0723,5.36,0.0,125.0,108.0,12.0,36.462585034013614,86.91443238514559,11.11111111111111,False,1,Normal,0.045775429737232476,No unusual pattern detected,Normal,Normal,Normal,No Unusual Pattern,18th Lok Sabha
18th Lok Sabha,7,Lok Sabha,5,Assam,43,GUWAHATI,3042299,BIJULI KALITA MEDHI,14.7,9.8,7.89,0.665,6.44,0.0,118.0,84.0,5.0,43.80952380952382,80.51020408163264,5.952380952380952,False,1,Normal,0.013043603220421918,No unusual pattern detected,Normal,Normal,Normal,No Unusual Pattern,18th Lok Sabha
18th Lok Sabha,7,Lok Sabha,6,Bihar,44,ARARIA,3018355,Pradeep Kumar Singh,14.7,9.5995,9.5995,9.4498,9.45,0.0,40.0,40.0,39.0,64.28571428571428,100.0,97.5,False,-1,Potential Anomaly,-0.09376308648638387,Unusual combination of financial and implementation indicators,Normal,Normal,Normal,ML Multivariate,18th Lok Sabha
18th Lok Sabha,7,Lok Sabha,6,Bihar,45,KATIHAR,3042313,TARIQ ANWAR,14.7,8.3785,8.1845,4.6925,5.85,0.0,86.0,84.0,48.0,39.795918367346935,97.684549740407,57.14285714285714,False,1,Normal,0.025840773989359855,No unusual pattern detected,Normal,Normal,Normal,No Unusual Pattern,18th Lok Sabha
18th Lok Sabha,7,Lok Sabha,6,Bihar,46,MUZAFFARPUR,3042315,RAJ BHUSHAN CHOUDHARY,14.7,9.7403,9.6978,8.6773,9.47,0.0,88.0,86.0,77.0,64.421768707483,99.56366847017034,89.53488372093024,False,-1,Potential Anomaly,-0.071137042847218,Unusual combination of financial and implementation indicators,Normal,Normal,Normal,ML Multivariate,18th Lok Sabha
18th Lok Sabha,7,Lok Sabha,6,Bihar,47,VAISHALI,3017382,Smt Veena Devi,14.7,9.6763,9.537,9.3984,9.4,0.0,32.0,31.0,30.0,63.94557823129252,98.56040015295103,96.7741935483871,False,-1,Potential Anomaly,-0.09761753872697254,Unusual combination of financial and implementation indicators,Normal,Normal,Normal,ML Multivariate,18th Lok Sabha
18th Lok Sabha,7,Lok Sabha,6,Bihar,49,PATNA SAHIB,3018979,Ravi Shankar Prasad,14.7,5.7125,5.7125,5.0232,5.15,0.0,66.0,66.0,58.0,35.03401360544218,100.0,87.87878787878788,False,-1,Potential Anomaly,-0.07160302628259896,Unusual combination of financial and implementation indicators,Normal,Normal,Normal,ML Multivariate,18th Lok Sabha
18th Lok Sabha,7,Lok Sabha,6,Bihar,50,KARAKAT,3042312,RAJA RAM SINGH,14.7,9.7655,9.0208,4.637,5.85,0.0,235.0,213.0,110.0,39.795918367346935,92.37417438943218,51.64319248826291,False,1,Normal,0.04499493368639551,No unusual pattern detected,Normal,Normal,Normal,No Unusual Pattern,18th Lok Sabha
18th Lok Sabha,7,Lok Sabha,6,Bihar,51,SIWAN,3042321,VIJAYLAKSHMI DEVI,14.7,13.6413,9.1538,9.0544,9.14,0.0,142.0,96.0,95.0,62.17687074829933,67.10357517245424,98.95833333333334,False,-1,Potential Anomaly,-0.15712982848060875,Unusual combination of financial and implementation indicators,Normal,Normal,Normal,ML Multivariate,18th Lok Sabha
18th Lok Sabha,7,Lok Sabha,6,Bihar,52,ARRAH,3042306,SUDAMA PRASAD,14.7,8.8471,6.8139,4.2233,4.83,0.0,117.0,94.0,63.0,32.857142857142854,77.01845802579376,67.02127659574468,False,1,Normal,0.0009095173897020192,No unusual pattern detected,Normal,Normal,Normal,No Unusual Pattern,18th Lok Sabha
18th Lok Sabha,7,Lok Sabha,6,Bihar,53,KISHANGANJ,3017384,Dr Mohammad Jawed,14.87,11.8386,11.3686,7.4985,8.39,0.0,183.0,176.0,116.0,56.42232683254876,96.02993597215888,65.9090909090909,False,-1,Potential Anomaly,-0.017058556716353035,Unusual combination of financial and implementation indicators,Normal,Normal,Normal,ML Multivariate,18th Lok Sabha
18th Lok Sabha,7,Lok Sabha,6,Bihar,54,JAMUI(SC),3042311,ARUN BHARTI,19.49,12.4231,12.3131,10.9353,11.7,0.0,275.0,267.0,196.0,60.03078501795793,99.11455272838504,73.40823970037454,False,-1,Potential Anomaly,-0.04261171809608566,Unusual combination of financial and implementation indicators,Normal,Normal,Normal,ML Multivariate,18th Lok Sabha
18th Lok Sabha,7,Lok Sabha,6,Bihar,55,PURVI CHAMPARAN,3018969,Radha Mohan Singh,14.7,10.4012,8.1279,5.7019,6.01,0.0,103.0,81.0,57.0,40.8843537414966,78.14386801522902,70.37037037037037,False,-1,Potential Anomaly,-0.014506221924850404,Unusual combination of financial and implementation indicators,Normal,Normal,Normal,ML Multivariate,18th Lok Sabha
18th Lok Sabha,7,Lok Sabha,6,Bihar,56,SHEOHAR,3044146,LOVELY ANAND,14.7,6.6021,4.1173,2.2473,2.25,0.0,73.0,39.0,21.0,15.306122448979592,62.363490404568246,53.84615384615385,False,1,Normal,0.004185090326173868,No unusual pattern detected,Normal,Normal,Normal,No Unusual Pattern,18th Lok Sabha
18th Lok Sabha,7,Lok Sabha,6,Bihar,57,PURNEA,3042317,RAJESH RANJAN ALIAS PAPPU YADAV,14.7,9.3829,9.1541,4.7775,4.78,0.0,101.0,99.0,46.0,32.51700680272109,97.5615214912234,46.464646464646464,False,1,Normal,0.037558471253848924,No unusual pattern detected,Normal,Normal,Normal,No Unusual Pattern,18th Lok Sabha
18th Lok Sabha,7,Lok Sabha,6,Bihar,58,SASARAM(SC),3042319,MANOJ KUMAR,14.7,11.8888,8.7653,6.5388,7.62,0.0,129.0,107.0,79.0,51.83673469387755,73.72737366260682,73.83177570093457,False,-1,Potential Anomaly,-0.04679904930368317,Unusual combination of financial and implementation indicators,Normal,Normal,Normal,ML Multivariate,18th Lok Sabha
18th Lok Sabha,7,Lok Sabha,6,Bihar,59,HAJIPUR(SC),3042310,CHIRAG PASWAN,14.7,8.6975,7.5975,3.9875,3.99,0.0,90.0,79.0,42.0,27.142857142857146,87.35268755389481,53.16455696202531,False,1,Normal,0.03750044179168621,No unusual pattern detected,Normal,Normal,Normal,No Unusual Pattern,18th Lok Sabha
18th Lok Sabha,7,Lok Sabha,6,Bihar,60,BHAGALPUR,3018351,Ajay Kumar Mandal,14.7,8.2749,8.1254,3.5874,4.19,0.0,74.0,73.0,35.0,28.503401360544224,98.19333164147,47.94520547945205,False,1,Normal,0.02896314430943997,No unusual pattern detected,Normal,Normal,Normal,No Unusual Pattern,18th Lok Sabha
18th Lok Sabha,7,Lok Sabha,6,Bihar,61,JAHANABAD,3043221,SURENDRA PRASAD YADAV,14.7,9.7847,7.9197,3.0282,4.16,0.0,284.0,241.0,118.0,28.29931972789116,80.93963023904666,48.96265560165975,False,1,Normal,0.049328480396635344,No unusual pattern detected,Normal,Normal,Normal,No Unusual Pattern,18th Lok Sabha
18th Lok Sabha,7,Lok Sabha,6,Bihar,62,JHANJHARPUR,3018360,Ramprit Mandal,14.7,14.6597,9.3902,9.1202,9.27,0.0,170.0,92.0,87.0,63.06122448979592,64.05451680457308,94.56521739130434,False,-1,Potential Anomaly,-0.15550415406765972,Unusual combination of financial and implementation indicators,Normal,Normal,Normal,ML Multivariate,18th Lok Sabha
18th Lok Sabha,7,Lok Sabha,6,Bihar,63,MADHUBANI,3018353,Ashok Kumar Yadav,14.7,9.2634,4.7644,4.5169,4.71,0.0,171.0,82.0,77.0,32.04081632653061,51.43251937733445,93.90243902439023,False,-1,Potential Anomaly,-0.13343210287233853,Unusual combination of financial and implementation indicators,Normal,Normal,Normal,ML Multivariate,18th Lok Sabha
18th Lok Sabha,7,Lok Sabha,6,Bihar,64,NALANDA,3018354,Kaushalendra Kumar,14.7,5.7714,4.9464,3.4334,3.58,0.0,130.0,107.0,65.0,24.35374149659864,85.70537477908306,60.747663551401864,False,1,Normal,0.009133187545002697,No unusual pattern detected,Normal,Normal,Normal,No Unusual Pattern,18th Lok Sabha
18th Lok Sabha,7,Lok Sabha,6,Bihar,65,MADHEPURA,3018975,Dinesh Chandra Yadav,15.01,10.0788,9.4288,8.7211,9.0,0.0,122.0,114.0,105.0,59.96002664890073,93.55081954200898,92.10526315789474,False,-1,Potential Anomaly,-0.07789063107989536,Unusual combination of financial and implementation indicators,Normal,Normal,Normal,ML Multivariate,18th Lok Sabha
18th Lok Sabha,7,Lok Sabha,6,Bihar,67,UJJARPUR,3021513,Nityanand Rai,14.7,5.1938,3.0413,0.9022,0.9022,0.0,90.0,61.0,28.0,6.1374149659863955,58.5563556548192,45.90163934426229,False,-1,Potential Anomaly,-0.018493555174880605,Unusual combination of financial and implementation indicators,Normal,Normal,Normal,ML Multivariate,18th Lok Sabha
18th Lok Sabha,7,Lok Sabha,6,Bihar,68,SAMASTIPUR(SC),3042318,SHAMBHAVI,14.7,8.9718,4.4818,0.1196,0.5188,0.0,133.0,59.0,1.0,3.529251700680273,49.954301255043575,1.694915254237288,False,1,Normal,0.01683467224642704,No unusual pattern detected,Normal,Normal,Normal,No Unusual Pattern,18th Lok Sabha
18th Lok Sabha,7,Lok Sabha,6,Bihar,69,BANKA,3018966,Giridhari Yadav,14.7,10.1948,9.7748,9.0001,9.35,0.0,90.0,88.0,80.0,63.60544217687075,95.88025267783577,90.9090909090909,False,-1,Potential Anomaly,-0.07442937509633818,Unusual combination of financial and implementation indicators,Normal,Normal,Normal,ML Multivariate,18th Lok Sabha
18th Lok Sabha,7,Lok Sabha,6,Bihar,70,AURANGABAD_BR,3042307,ABHAY KUMAR SINHA,14.7,11.7778,8.7737,5.4909,5.9,0.0,232.0,171.0,123.0,40.13605442176871,74.49353869143643,71.9298245614035,False,-1,Potential Anomaly,-0.018714662493751533,Unusual combination of financial and implementation indicators,Normal,Normal,Normal,ML Multivariate,18th Lok Sabha
18th Lok Sabha,7,Lok Sabha,6,Bihar,71,KHAGARIA,3042314,RAJESH VERMA,14.7,8.1855,8.1855,7.2872,7.32,0.0,76.0,76.0,67.0,49.79591836734694,100.0,88.1578947368421,False,-1,Potential Anomaly,-0.06665067027994798,Unusual combination of financial and implementation indicators,Normal,Normal,Normal,ML Multivariate,18th Lok Sabha
18th Lok Sabha,7,Lok Sabha,6,Bihar,72,SITAMARHI,3042320,DEVESH CHANDRA THAKUR,14.7,7.4894,4.5396,2.6488,3.59,0.0,202.0,130.0,96.0,24.421768707482993,60.61366731647395,73.84615384615385,False,-1,Potential Anomaly,-0.0395826626017608,Unusual combination of financial and implementation indicators,Normal,Normal,Normal,ML Multivariate,18th Lok Sabha
18th Lok Sabha,7,Lok Sabha,6,Bihar,73,SUPAUL,3018359,Dileshwar Kamait,15.05,11.0216,9.5949,6.0629,6.35,0.0,92.0,82.0,46.0,42.192691029900324,87.0554184510416,56.09756097560976,False,1,Normal,0.03420562828191043,No unusual pattern detected,Normal,Normal,Normal,No Unusual Pattern,18th Lok Sabha
18th Lok Sabha,7,Lok Sabha,6,Bihar,74,DARBHANGA,3018961,Mr Gopal Jee Thakur,14.7,4.3418,3.3718,2.4937,2.87,0.0,88.0,68.0,52.0,19.523809523809526,77.65903542309641,76.47058823529412,False,-1,Potential Anomaly,-0.06137253061536452,Unusual combination of financial and implementation indicators,Normal,Normal,Normal,ML Multivariate,18th Lok Sabha
18th Lok Sabha,7,Lok Sabha,6,Bihar,75,SARAN,3018356,Rajiv Pratap Rudy,14.7,0.925,0.2775,0.0,0.0,0.0,10.0,3.0,0.0,0.0,30.0,0.0,False,-1,Potential Anomaly,-0.022775489632869794,Unusual combination of financial and implementation indicators,Normal,Normal,Normal,ML Multivariate,18th Lok Sabha
18th Lok Sabha,7,Lok Sabha,6,Bihar,76,MAHARAJGANJ_BR,3017381,Shri Janardan Singh Sigriwal,14.7,7.3796,6.4126,1.8656,2.33,0.0,65.0,56.0,15.0,15.850340136054422,86.89630874302131,26.785714285714285,False,1,Normal,0.05982709797637964,No unusual pattern detected,Normal,Normal,Normal,No Unusual Pattern,18th Lok Sabha
18th Lok Sabha,7,Lok Sabha,6,Bihar,77,BEGUSARAI,3018967,Giriraj Singh,14.7,4.3287,4.3287,2.0504,3.14,0.0,33.0,33.0,16.0,21.360544217687078,100.0,48.484848484848484,False,1,Normal,0.0040950563937879325,No unusual pattern detected,Normal,Normal,Normal,No Unusual Pattern,18th Lok Sabha
18th Lok Sabha,7,Lok Sabha,6,Bihar,78,VALMIKI NAGAR,3018972,Sunil Kumar,14.7,9.7829,7.9874,5.3121,6.0,0.0,120.0,99.0,68.0,40.816326530612244,81.64654652505904,68.68686868686868,False,-1,Potential Anomaly,-0.005952531757004276,Unusual combination of financial and implementation indicators,Normal,Normal,Normal,ML Multivariate,18th Lok Sabha
18th Lok Sabha,7,Lok Sabha,6,Bihar,80,BUXAR,3042308,SUDHAKAR SINGH,16.99,16.2942,11.5972,9.7185,10.56,0.0,179.0,120.0,98.0,62.15420835785758,71.17379190141277,81.66666666666667,False,-1,Potential Anomaly,-0.09630590733631716,Unusual combination of financial and implementation indicators,Normal,Normal,Normal,ML Multivariate,18th Lok Sabha
18th Lok Sabha,7,Lok Sabha,6,Bihar,81,NAWADA,3044145,VIVEK THAKUR,14.7,0.5907,0.3249,0.0,0.1878,0.0,5.0,3.0,0.0,1.2775510204081633,55.00253936008126,0.0,False,1,Normal,0.025621261181436206,No unusual pattern detected,Normal,Normal,Normal,No Unusual Pattern,18th Lok Sabha
18th Lok Sabha,7,Lok Sabha,6,Bihar,82,GAYA (SC),3042309,JITAN RAM MANJHI,14.7,9.6804,7.7764,3.0231,3.46,0.0,260.0,231.0,113.0,23.537414965986393,80.33139126482376,48.917748917748916,False,1,Normal,0.04667886873818278,No unusual pattern detected,Normal,Normal,Normal,No Unusual Pattern,18th Lok Sabha
18th Lok Sabha,7,Lok Sabha,6,Bihar,83,GOPALGANJ (SC),3018350,Alok Kumar Suman,14.7,7.8454,6.0685,1.8503,4.37,0.0,85.0,67.0,18.0,29.727891156462587,77.3510592194152,26.865671641791046,False,1,Normal,0.07518598806719312,No unusual pattern detected,Normal,Normal,Normal,No Unusual Pattern,18th Lok Sabha
18th Lok Sabha,7,Lok Sabha,7,Chandigarh,84,CHANDIGARH,3042323,MANISH TEWARI,17.84,6.5948,4.6473,1.2172,1.81,0.0,94.0,62.0,27.0,10.145739910313901,70.46915751804453,43.54838709677419,False,1,Normal,0.005018112431462163,No unusual pattern detected,Normal,Normal,Normal,No Unusual Pattern,18th Lok Sabha
18th Lok Sabha,7,Lok Sabha,8,Chhattisgarh,85,RAIGARH(ST),3043391,RADHE SHYAM RATHIYA,14.7,9.7986,9.7486,4.7755,7.28,0.0,138.0,136.0,54.0,49.523809523809526,99.48972302165615,39.705882352941174,False,1,Normal,0.017253143971091456,No unusual pattern detected,Normal,Normal,Normal,No Unusual Pattern,18th Lok Sabha
18th Lok Sabha,7,Lok Sabha,8,Chhattisgarh,86,DURG,3018986,Vijay Baghel,14.7,8.9302,7.1065,1.865,4.47,0.0,172.0,145.0,60.0,30.408163265306122,79.57828492083044,41.37931034482759,False,1,Normal,0.04786928686063818,No unusual pattern detected,Normal,Normal,Normal,No Unusual Pattern,18th Lok Sabha
18th Lok Sabha,7,Lok Sabha,8,Chhattisgarh,87,KORBA,3018366,Jyotsna Charandas Mahant,15.52,10.5841,9.7491,3.2106,6.72,0.0,288.0,278.0,93.0,43.29896907216495,92.1108077210155,33.45323741007194,False,1,Normal,0.05440841846625488,No unusual pattern detected,Normal,Normal,Normal,No Unusual Pattern,18th Lok Sabha
18th Lok Sabha,7,Lok Sabha,8,Chhattisgarh,88,KANKER(ST),3042327,BHOJRAJ NAG,16.47,5.15,4.5001,1.4553,3.08,0.0,72.0,63.0,23.0,18.700667880995752,87.38058252427183,36.507936507936506,False,1,Normal,0.051931835759938816,No unusual pattern detected,Normal,Normal,Normal,No Unusual Pattern,18th Lok Sabha
18th Lok Sabha,7,Lok Sabha,8,Chhattisgarh,89,JANJGIR CHAMPA(SC),3042326,KAMLESH JANGDE,15.04,11.4662,9.8312,7.6172,8.53,0.0,344.0,278.0,159.0,56.715425531914896,85.74069874936771,57.194244604316545,False,-1,Potential Anomaly,-0.026901130345240554,Unusual combination of financial and implementation indicators,Normal,Normal,Normal,ML Multivariate,18th Lok Sabha
18th Lok Sabha,7,Lok Sabha,8,Chhattisgarh,90,MAHASAMUND,3042328,ROOP KUMARI CHOUDHARY,15.3,10.1061,9.3861,3.5853,6.69,0.0,154.0,145.0,64.0,43.72549019607843,92.87558999020395,44.13793103448276,False,1,Normal,0.04130476776322506,No unusual pattern detected,Normal,Normal,Normal,No Unusual Pattern,18th Lok Sabha
18th Lok Sabha,7,Lok Sabha,8,Chhattisgarh,91,BILASPUR,3042325,TOKHAN SAHU,14.7,9.4445,9.1445,1.8468,4.34,0.0,127.0,124.0,30.0,29.523809523809526,96.82354809677591,24.193548387096776,False,1,Normal,0.06271112400733703,No unusual pattern detected,Normal,Normal,Normal,No Unusual Pattern,18th Lok Sabha
18th Lok Sabha,7,Lok Sabha,8,Chhattisgarh,92,BASTAR(ST),3042324,MAHESH KASHYAP,14.7,9.6474,9.4774,1.2626,5.4,0.0,172.0,168.0,31.0,36.734693877551024,98.2378671973796,18.452380952380953,False,1,Normal,0.02757505203736854,No unusual pattern detected,Normal,Normal,Normal,No Unusual Pattern,18th Lok Sabha
18th Lok Sabha,7,Lok Sabha,8,Chhattisgarh,93,RAIPUR,3043392,BRIJMOHAN AGRAWAL,15.38,9.8,9.475,2.0276,6.4,0.0,131.0,128.0,27.0,41.612483745123534,96.68367346938774,21.09375,False,1,Normal,0.04344342569836479,No unusual pattern detected,Normal,Normal,Normal,No Unusual Pattern,18th Lok Sabha
18th Lok Sabha,7,Lok Sabha,8,Chhattisgarh,94,RAJNANDGAON,3018365,Santosh Pandey,14.7,8.1006,7.5856,2.7813,4.58,0.0,172.0,160.0,52.0,31.156462585034017,93.64244623855024,32.5,False,1,Normal,0.06891338312836259,No unusual pattern detected,Normal,Normal,Normal,No Unusual Pattern,18th Lok Sabha
18th Lok Sabha,7,Lok Sabha,8,Chhattisgarh,95,SARGUJA(ST),3043715,CHINTAMANI MAHARAJ,14.7,9.706,8.0647,1.2991,5.4,0.0,327.0,244.0,43.0,36.734693877551024,83.08984133525655,17.62295081967213,False,1,Normal,0.05586541879886292,No unusual pattern detected,Normal,Normal,Normal,No Unusual Pattern,18th Lok Sabha
18th Lok Sabha,7,Lok Sabha,11,Delhi,98,NORTH WEST DELHI(SC),3045894,Yogendra Chandoliya,14.79,4.6147,3.9506,0.0929,0.3176,0.0,55.0,51.0,4.0,2.147396889790399,85.60903200641428,7.8431372549019605,False,1,Normal,0.0019158524423212309,No unusual pattern detected,Normal,Normal,Normal,No Unusual Pattern,18th Lok Sabha
18th Lok Sabha,7,Lok Sabha,11,Delhi,99,CHANDINI CHOWK,3045891,Praveen Khandelwal,14.75,5.1457,4.4806,0.3263,1.98,0.0,59.0,52.0,7.0,13.423728813559322,87.07464484909731,13.461538461538462,False,1,Normal,0.061118299963993594,No unusual pattern detected,Normal,Normal,Normal,No Unusual Pattern,18th Lok Sabha
18th Lok Sabha,7,Lok Sabha,11,Delhi,100,EAST DELHI,3045892,Harsh Malhotra,14.71,7.634,7.0254,0.4259,2.13,0.0,109.0,104.0,5.0,14.479945615227734,92.02777050039298,4.807692307692308,False,1,Normal,0.03410404960818436,No unusual pattern detected,Normal,Normal,Normal,No Unusual Pattern,18th Lok Sabha
18th Lok Sabha,7,Lok Sabha,11,Delhi,101,NORTH EAST DELHI,3020007,Manoj Tiwari,22.58,5.5245,4.0211,0.2087,2.63,0.0,16.0,12.0,2.0,11.647475642161204,72.78667752737805,16.666666666666664,False,1,Normal,0.06294829126406748,No unusual pattern detected,Normal,Normal,Normal,No Unusual Pattern,18th Lok Sabha
18th Lok Sabha,7,Lok Sabha,11,Delhi,102,WEST DELHI,3045896,Kamaljeet Sehrawat,14.7,7.6287,4.5888,0.0,0.924,0.0,51.0,46.0,0.0,6.2857142857142865,60.151795194463006,0.0,False,1,Normal,0.04668535986635164,No unusual pattern detected,Normal,Normal,Normal,No Unusual Pattern,18th Lok Sabha
18th Lok Sabha,7,Lok Sabha,11,Delhi,103,NEW DELHI,3045893,Bansuri Swaraj,15.43,8.6824,4.7287,0.2454,1.92,0.0,110.0,71.0,4.0,12.443292287751134,54.463051690776744,5.633802816901409,False,1,Normal,0.054664143046477265,No unusual pattern detected,Normal,Normal,Normal,No Unusual Pattern,18th Lok Sabha
18th Lok Sabha,7,Lok Sabha,11,Delhi,104,SOUTH DELHI,3045895,Ramvir Singh Bidhuri,14.76,9.4245,9.4245,0.1522,1.87,0.0,100.0,100.0,2.0,12.669376693766937,100.0,2.0,False,-1,Potential Anomaly,-0.002292343292425003,Unusual combination of financial and implementation indicators,Normal,Normal,Normal,ML Multivariate,18th Lok Sabha
18th Lok Sabha,7,Lok Sabha,12,Goa,105,SOUTH GOA,3042329,CAPTAIN VIRIATO FERNANDES,14.7,9.6548,4.612,1.034,3.9,0.0,100.0,48.0,16.0,26.53061224489796,47.76898537515019,33.33333333333333,False,-1,Potential Anomaly,-0.0021765766432995104,Unusual combination of financial and implementation indicators,Normal,Normal,Normal,ML Multivariate,18th Lok Sabha
18th Lok Sabha,7,Lok Sabha,12,Goa,106,NORTH GOA,3018989,Shripad Yesso Naik,14.7,10.2061,1.6703,0.0,1.54,0.0,96.0,26.0,0.0,10.476190476190476,16.365702863973507,0.0,False,-1,Potential Anomaly,-0.05141304854726736,Unusual combination of financial and implementation indicators,Normal,Normal,Normal,ML Multivariate,18th Lok Sabha
18th Lok Sabha,7,Lok Sabha,27,Gujarat,107,BANASKANTHA,3043220,GENIBEN NAGAJI THAKOR,14.7,6.3527,4.4817,1.0347,1.96,0.0,137.0,103.0,27.0,13.333333333333334,70.54795598721803,26.21359223300971,False,1,Normal,0.05323692443769784,No unusual pattern detected,Normal,Normal,Normal,No Unusual Pattern,18th Lok Sabha
18th Lok Sabha,7,Lok Sabha,27,Gujarat,108,VADODARA,3042336,DR. HEMANG JOSHI,14.7,9.6614,9.6614,3.7605,4.35,0.0,158.0,158.0,51.0,29.591836734693878,100.0,32.278481012658226,False,1,Normal,0.048001821130180145,No unusual pattern detected,Normal,Normal,Normal,No Unusual Pattern,18th Lok Sabha
18th Lok Sabha,7,Lok Sabha,27,Gujarat,109,PORBANDAR,3043487,DR. MANSUKH MANDAVIYA,14.7,8.8958,7.9208,1.6531,2.19,0.0,169.0,158.0,54.0,14.897959183673471,89.03977157759843,34.177215189873415,False,1,Normal,0.047545894384272036,No unusual pattern detected,Normal,Normal,Normal,No Unusual Pattern,18th Lok Sabha
18th Lok Sabha,7,Lok Sabha,27,Gujarat,110,MAHESANA,3042332,HARIBHAI PATEL,14.7,9.7988,7.8291,2.6606,3.32,0.0,497.0,386.0,142.0,22.585034013605444,79.89855900722537,36.787564766839374,False,1,Normal,0.062452262448496,No unusual pattern detected,Normal,Normal,Normal,No Unusual Pattern,18th Lok Sabha
18th Lok Sabha,7,Lok Sabha,27,Gujarat,111,VALSAD(ST),3042337,DHAVAL LAXMANBHAI PATEL,14.7,8.3533,7.4954,2.8556,3.57,0.0,213.0,204.0,54.0,24.285714285714285,89.72980738151388,26.47058823529412,False,1,Normal,0.07620179501685259,No unusual pattern detected,Normal,Normal,Normal,No Unusual Pattern,18th Lok Sabha
18th Lok Sabha,7,Lok Sabha,27,Gujarat,112,AMRELI,3043225,BHARATBHAI MANUBHAI SUTARIYA,14.7,9.9628,9.3528,4.1342,5.09,0.0,275.0,262.0,126.0,34.625850340136054,93.87722327056652,48.091603053435115,False,1,Normal,0.04860282557373713,No unusual pattern detected,Normal,Normal,Normal,No Unusual Pattern,18th Lok Sabha
18th Lok Sabha,7,Lok Sabha,27,Gujarat,113,BARDOLI(ST),3018999,Prabhubhai Nagarbhai Vasava,14.7,9.4329,7.7801,1.9824,2.19,0.0,293.0,234.0,61.0,14.897959183673471,82.47834706187916,26.06837606837607,False,1,Normal,0.06134520014051831,No unusual pattern detected,Normal,Normal,Normal,No Unusual Pattern,18th Lok Sabha
18th Lok Sabha,7,Lok Sabha,27,Gujarat,114,SURAT,3042335,MUKESHKUMAR CHANDRAKAANT DALAL,14.7,7.805,3.2717,2.2023,2.44,0.0,171.0,142.0,88.0,16.598639455782312,41.918001281229984,61.97183098591549,False,-1,Potential Anomaly,-0.05866335305459325,Unusual combination of financial and implementation indicators,Normal,Normal,Normal,ML Multivariate,18th Lok Sabha
18th Lok Sabha,7,Lok Sabha,27,Gujarat,115,ANAND,3018996,Mitesh Rameshbhai Bakabhai Patel,14.7,9.462,8.5541,2.6758,3.28,0.0,443.0,409.0,134.0,22.312925170068027,90.40477700274784,32.76283618581907,False,1,Normal,0.06637901820763142,No unusual pattern detected,Normal,Normal,Normal,No Unusual Pattern,18th Lok Sabha
18th Lok Sabha,7,Lok Sabha,27,Gujarat,116,DAHOD(ST),3018994,Jaswantsinh Sumanbhai Bhabhor,14.7,9.798,8.1655,0.7932,1.61,0.0,297.0,249.0,25.0,10.952380952380954,83.33843641559501,10.040160642570282,False,1,Normal,0.04944674800392229,No unusual pattern detected,Normal,Normal,Normal,No Unusual Pattern,18th Lok Sabha
18th Lok Sabha,7,Lok Sabha,27,Gujarat,117,PATAN,3018991,Bharatsinhji Shankarji Dabhi,14.7,9.9999,7.0509,4.1469,5.58,0.0,273.0,196.0,115.0,37.95918367346939,70.50970509705097,58.673469387755105,False,1,Normal,0.011445442054565824,No unusual pattern detected,Normal,Normal,Normal,No Unusual Pattern,18th Lok Sabha
18th Lok Sabha,7,Lok Sabha,27,Gujarat,118,SURENDRANAGAR,3043227,CHANDUBHAI CHHAGANBHAI SHIHORA,14.7,9.305,8.215,2.3938,4.5,0.0,209.0,194.0,65.0,30.612244897959183,88.28586781300376,33.50515463917525,False,1,Normal,0.07215252334698585,No unusual pattern detected,Normal,Normal,Normal,No Unusual Pattern,18th Lok Sabha
18th Lok Sabha,7,Lok Sabha,27,Gujarat,119,BHAVNAGAR,3043226,NIMUBEN JAYANTIBHAI BAMBHANIYA,14.7,5.9458,5.5368,1.7193,2.23,0.0,49.0,43.0,24.0,15.170068027210885,93.12119479296311,55.81395348837209,False,-1,Potential Anomaly,-0.015125686067400723,Unusual combination of financial and implementation indicators,Normal,Normal,Normal,ML Multivariate,18th Lok Sabha
18th Lok Sabha,7,Lok Sabha,27,Gujarat,120,JAMNAGAR,3019005,Smt Poonamben Hematbhai Maadam,14.7,6.0015,4.7015,0.6976,1.54,0.0,126.0,103.0,16.0,10.476190476190476,78.3387486461718,15.53398058252427,False,1,Normal,0.05950379128251826,No unusual pattern detected,Normal,Normal,Normal,No Unusual Pattern,18th Lok Sabha
18th Lok Sabha,7,Lok Sabha,27,Gujarat,121,NAVSARI,3018992,C R Patil,15.85,10.9414,10.8831,5.1647,5.36,0.0,369.0,368.0,237.0,33.81703470031546,99.46716142358383,64.40217391304348,False,-1,Potential Anomaly,-0.011305395630644588,Unusual combination of financial and implementation indicators,Normal,Normal,Normal,ML Multivariate,18th Lok Sabha
18th Lok Sabha,7,Lok Sabha,27,Gujarat,122,JUNAGADH,3017388,Rajeshbhai Naranbhai Chudasama,14.7,8.6373,8.1725,2.3239,4.63,0.0,258.0,247.0,70.0,31.49659863945578,94.61868871059242,28.34008097165992,False,1,Normal,0.0675914062145378,No unusual pattern detected,Normal,Normal,Normal,No Unusual Pattern,18th Lok Sabha
18th Lok Sabha,7,Lok Sabha,27,Gujarat,123,KHEDA,3017181,Devusinh Jesingbhai Chauhan,14.7,9.6546,8.1994,3.3189,4.16,0.0,428.0,373.0,182.0,28.29931972789116,84.92739212396164,48.793565683646115,False,1,Normal,0.04954351115704997,No unusual pattern detected,Normal,Normal,Normal,No Unusual Pattern,18th Lok Sabha
18th Lok Sabha,7,Lok Sabha,27,Gujarat,124,AHMEDABAD EAST,3019002,Hasmukh Bhai Soma Bhai Patel,14.7,9.4768,5.3508,0.7572,1.53,0.0,161.0,78.0,16.0,10.408163265306124,56.46209691034948,20.51282051282051,False,1,Normal,0.049154910081544934,No unusual pattern detected,Normal,Normal,Normal,No Unusual Pattern,18th Lok Sabha
18th Lok Sabha,7,Lok Sabha,27,Gujarat,125,AHMEDABAD WEST(SC),3042330,DINESHBHAI MAKWANA,16.04,9.0061,6.9113,0.0,0.8,0.0,209.0,107.0,0.0,4.987531172069826,76.74020941361965,0.0,False,1,Normal,0.03648048464583509,No unusual pattern detected,Normal,Normal,Normal,No Unusual Pattern,18th Lok Sabha
18th Lok Sabha,7,Lok Sabha,27,Gujarat,126,GANDHINAGAR,3017389,Shri Amit Shah,14.7,5.3223,2.9353,0.3753,0.4147,0.0,118.0,43.0,20.0,2.82108843537415,55.15096856622136,46.51162790697674,False,-1,Potential Anomaly,-0.04041191265929456,Unusual combination of financial and implementation indicators,Normal,Normal,Normal,ML Multivariate,18th Lok Sabha
18th Lok Sabha,7,Lok Sabha,27,Gujarat,127,KACHCHH(SC),3019001,Vinod Chavda,14.7,9.5541,8.8291,1.8756,4.08,0.0,238.0,219.0,46.0,27.755102040816325,92.41163479553282,21.00456621004566,False,1,Normal,0.06819874228008438,No unusual pattern detected,Normal,Normal,Normal,No Unusual Pattern,18th Lok Sabha
18th Lok Sabha,7,Lok Sabha,27,Gujarat,128,RAJKOT,3042334,PARSHOTTAMBHAI RUPALA,14.7,9.466,7.1325,2.7067,3.02,0.0,211.0,174.0,59.0,20.54421768707483,75.34861609972535,33.90804597701149,False,1,Normal,0.0625997506618291,No unusual pattern detected,Normal,Normal,Normal,No Unusual Pattern,18th Lok Sabha
18th Lok Sabha,7,Lok Sabha,27,Gujarat,129,SABARKANTHA,3043222,SHOBHANABEN MAHENDRASINH BARAIYA,14.7,9.6456,8.5152,1.9262,4.35,0.0,269.0,240.0,52.0,29.591836734693878,88.2806668325454,21.666666666666668,False,1,Normal,0.07650318556588387,No unusual pattern detected,Normal,Normal,Normal,No Unusual Pattern,18th Lok Sabha
18th Lok Sabha,7,Lok Sabha,27,Gujarat,130,CHHOTA UDAIPUR(ST),3042331,JASHUBHAI BHILUBHAI RATHVA,14.7,10.6622,10.1052,2.4787,2.74,0.0,347.0,338.0,73.0,18.63945578231293,94.77593742379621,21.597633136094675,False,1,Normal,0.05276669082797236,No unusual pattern detected,Normal,Normal,Normal,No Unusual Pattern,18th Lok Sabha
18th Lok Sabha,7,Lok Sabha,27,Gujarat,131,PANCHMAHAL,3042333,RAJPALSINH MAHENDRASINH JADAV,14.7,9.6232,6.4662,0.8132,1.77,0.0,459.0,312.0,33.0,12.040816326530612,67.19386482666889,10.576923076923077,False,1,Normal,0.05876097077667647,No unusual pattern detected,Normal,Normal,Normal,No Unusual Pattern,18th Lok Sabha
18th Lok Sabha,7,Lok Sabha,27,Gujarat,132,BHARUCH,3018995,Mansukhbhai Dhanjibhai Vasava,14.7,9.7606,9.1856,5.1524,5.75,0.0,365.0,356.0,171.0,39.1156462585034,94.1089687109399,48.03370786516854,False,1,Normal,0.04818175301928823,No unusual pattern detected,Normal,Normal,Normal,No Unusual Pattern,18th Lok Sabha
18th Lok Sabha,7,Lok Sabha,14,Haryana,133,SONEPAT,3042345,SATPAL BRAHAMCHARI,14.7,9.6421,6.2266,0.539,2.08,0.0,146.0,100.0,6.0,14.14965986394558,64.57721865568705,6.0,False,1,Normal,0.061343476623440085,No unusual pattern detected,Normal,Normal,Normal,No Unusual Pattern,18th Lok Sabha
18th Lok Sabha,7,Lok Sabha,14,Haryana,134,KURUKSHETRA,3042342,NAVEEN JINDAL,14.7,7.9807,7.7507,2.6948,5.29,0.0,197.0,192.0,92.0,35.98639455782313,97.11804728908491,47.91666666666667,False,1,Normal,0.03777242945077647,No unusual pattern detected,Normal,Normal,Normal,No Unusual Pattern,18th Lok Sabha
18th Lok Sabha,7,Lok Sabha,14,Haryana,135,HISAR,3042340,JAI PARKASH,14.7,11.9254,9.0609,1.2116,4.97,0.0,386.0,249.0,59.0,33.80952380952381,75.97984134704078,23.694779116465863,False,1,Normal,0.07138221513401266,No unusual pattern detected,Normal,Normal,Normal,No Unusual Pattern,18th Lok Sabha
18th Lok Sabha,7,Lok Sabha,14,Haryana,136,KARNAL,3042341,MANOHAR LAL,14.7,3.0524,2.9024,0.0,0.3566,0.0,19.0,18.0,0.0,2.425850340136054,95.08583409775915,0.0,False,1,Normal,0.0034207990486485595,No unusual pattern detected,Normal,Normal,Normal,No Unusual Pattern,18th Lok Sabha
18th Lok Sabha,7,Lok Sabha,14,Haryana,137,SIRSA(SC),3042344,SELJA,14.7,8.5225,6.3434,0.8696,1.54,0.0,259.0,200.0,45.0,10.476190476190476,74.4312114989733,22.5,False,1,Normal,0.05773784101136853,No unusual pattern detected,Normal,Normal,Normal,No Unusual Pattern,18th Lok Sabha
18th Lok Sabha,7,Lok Sabha,14,Haryana,138,GURGAON,3018368,Rao Inderjit Singh,14.7,4.7927,4.6827,0.7933,2.03,0.0,46.0,45.0,6.0,13.809523809523808,97.70484278173053,13.333333333333334,False,1,Normal,0.026938807048739632,No unusual pattern detected,Normal,Normal,Normal,No Unusual Pattern,18th Lok Sabha
18th Lok Sabha,7,Lok Sabha,14,Haryana,139,AMBALA (SC),3042338,VARUN CHAUDHRY,14.7,9.1089,7.7264,0.04,1.9,0.0,118.0,99.0,2.0,12.925170068027212,84.8225362008585,2.0202020202020203,False,1,Normal,0.03597836094121604,No unusual pattern detected,Normal,Normal,Normal,No Unusual Pattern,18th Lok Sabha
18th Lok Sabha,7,Lok Sabha,14,Haryana,140,FARIDABAD,3019007,Krishan Pal Gurjar,14.7,5.974,3.3129,0.08,1.31,0.0,72.0,40.0,1.0,8.91156462585034,55.45530632741881,2.5,False,1,Normal,0.04013212102621899,No unusual pattern detected,Normal,Normal,Normal,No Unusual Pattern,18th Lok Sabha
18th Lok Sabha,7,Lok Sabha,14,Haryana,141,BHIWANI MAHENDRAGARH,3017394,Shri  Dharambir Singh,14.7,8.5371,6.8799,3.8537,5.34,0.0,190.0,156.0,97.0,36.3265306122449,80.58825596514039,62.17948717948718,False,1,Normal,0.00644259268494507,No unusual pattern detected,Normal,Normal,Normal,No Unusual Pattern,18th Lok Sabha
18th Lok Sabha,7,Lok Sabha,14,Haryana,142,ROHTAK,3042343,DEEPENDER SINGH HOODA,14.7,9.6095,8.4945,1.7859,4.88,0.0,142.0,127.0,32.0,33.197278911564624,88.3968989021281,25.196850393700785,False,1,Normal,0.07485548721650498,No unusual pattern detected,Normal,Normal,Normal,No Unusual Pattern,18th Lok Sabha
18th Lok Sabha,7,Lok Sabha,15,Himachal Pradesh,143,HAMIRPUR_HP,3018369,Anurag Singh Thakur,14.96,3.1555,3.0255,0.2838,1.53,0.0,199.0,189.0,21.0,10.227272727272727,95.88020915861195,11.11111111111111,False,1,Normal,0.02064690047310941,No unusual pattern detected,Normal,Normal,Normal,No Unusual Pattern,18th Lok Sabha
18th Lok Sabha,7,Lok Sabha,15,Himachal Pradesh,144,KANGRA,3042347,RAJEEV BHARDWAJ,17.94,12.8671,11.2068,2.2375,7.43,0.0,518.0,463.0,113.0,41.415830546265326,87.096548561836,24.406047516198704,False,1,Normal,0.06222254695861712,No unusual pattern detected,Normal,Normal,Normal,No Unusual Pattern,18th Lok Sabha
18th Lok Sabha,7,Lok Sabha,15,Himachal Pradesh,145,SHIMLA (SC),3019014,Suresh Kumar Kashyap,15.36,10.3305,10.2768,1.0435,8.68,0.0,505.0,502.0,42.0,56.510416666666664,99.48018004936836,8.366533864541832,False,-1,Potential Anomaly,-0.03683541483387742,Unusual combination of financial and implementation indicators,Normal,Normal,Normal,ML Multivariate,18th Lok Sabha
18th Lok Sabha,7,Lok Sabha,15,Himachal Pradesh,146,MANDI,3043229,Kangana Ranaut,14.7,9.2201,8.3701,0.1338,3.6,0.0,315.0,286.0,10.0,24.48979591836735,90.78101105194088,3.4965034965034967,False,1,Normal,0.04212971186704928,No unusual pattern detected,Normal,Normal,Normal,No Unusual Pattern,18th Lok Sabha
18th Lok Sabha,7,Lok Sabha,16,Jammu And Kashmir,147,ANANTNAG,3042348,MIAN ALTAF AHMAD,14.7,9.0591,8.2421,0.1831,1.89,0.0,59.0,52.0,5.0,12.857142857142856,90.98144407281077,9.615384615384617,False,1,Normal,0.04632963780647892,No unusual pattern detected,Normal,Normal,Normal,No Unusual Pattern,18th Lok Sabha
18th Lok Sabha,7,Lok Sabha,16,Jammu And Kashmir,148,UDHAMPUR,3019016,Jitendra Singh,14.7,10.0053,7.2703,3.2174,4.12,0.0,333.0,265.0,174.0,28.027210884353742,72.66448782145463,65.66037735849056,False,1,Normal,0.005394401644001401,No unusual pattern detected,Normal,Normal,Normal,No Unusual Pattern,18th Lok Sabha
18th Lok Sabha,7,Lok Sabha,16,Jammu And Kashmir,149,BARAMULLAH,3044682,ABDUL RASHID SHEIKH,14.7,5.5383,4.4405,0.4756,2.03,0.0,124.0,91.0,12.0,13.809523809523808,80.1780329704061,13.186813186813188,False,1,Normal,0.07151845070705959,No unusual pattern detected,Normal,Normal,Normal,No Unusual Pattern,18th Lok Sabha
18th Lok Sabha,7,Lok Sabha,16,Jammu And Kashmir,150,JAMMU,3017396,Shri Jugal Kishore Sharma,14.7,10.1543,8.452,0.7162,1.96,0.0,193.0,164.0,25.0,13.333333333333334,83.23567355701526,15.24390243902439,False,1,Normal,0.06528939164477937,No unusual pattern detected,Normal,Normal,Normal,No Unusual Pattern,18th Lok Sabha
18th Lok Sabha,7,Lok Sabha,16,Jammu And Kashmir,151,SRINAGAR,3042349,AGA SYED RUHULLAH MEHDI,14.7,7.2326,5.3555,0.5331,1.58,0.0,163.0,127.0,19.0,10.748299319727893,74.04667754334542,14.960629921259844,False,1,Normal,0.06285545933927267,No unusual pattern detected,Normal,Normal,Normal,No Unusual Pattern,18th Lok Sabha
18th Lok Sabha,7,Lok Sabha,17,Jharkhand,152,HAZARIBAGH,3042352,MANISH JAISWAL,14.7,9.7088,1.55,0.0,0.0,0.0,195.0,31.0,0.0,0.0,15.964897824653923,0.0,False,-1,Potential Anomaly,-0.06218953649818382,Unusual combination of financial and implementation indicators,Normal,Normal,Normal,ML Multivariate,18th Lok Sabha
18th Lok Sabha,7,Lok Sabha,17,Jharkhand,153,GODDA,3019020,Nishikant Dubey,14.7,0.4286,0.1786,0.0,0.1786,0.0,2.0,1.0,0.0,1.214965986394558,41.67055529631358,0.0,False,1,Normal,0.002912210597795839,No unusual pattern detected,Normal,Normal,Normal,No Unusual Pattern,18th Lok Sabha
18th Lok Sabha,7,Lok Sabha,17,Jharkhand,154,DHANBAD,3042351,DULU MAHATO,14.7,8.8308,6.1334,2.0745,4.06,0.0,240.0,167.0,55.0,27.619047619047617,69.4546360465643,32.93413173652694,False,1,Normal,0.0647967069827246,No unusual pattern detected,Normal,Normal,Normal,No Unusual Pattern,18th Lok Sabha
18th Lok Sabha,7,Lok Sabha,17,Jharkhand,155,GIRIDIH,3017399,Shri Chandra Prakash Choudhary,14.7,9.7952,8.392,0.8044,4.71,0.0,632.0,594.0,29.0,32.04081632653061,85.67461613851683,4.882154882154882,False,1,Normal,0.043393339000516284,No unusual pattern detected,Normal,Normal,Normal,No Unusual Pattern,18th Lok Sabha
18th Lok Sabha,7,Lok Sabha,17,Jharkhand,156,SINGHBHUM(ST),3042356,JOBA MAJHI,14.7,7.8211,6.003,0.0,4.64,0.0,118.0,88.0,0.0,31.564625850340132,76.75390929664626,0.0,False,1,Normal,0.03201729606957321,No unusual pattern detected,Normal,Normal,Normal,No Unusual Pattern,18th Lok Sabha
18th Lok Sabha,7,Lok Sabha,17,Jharkhand,157,LOHARDAGA(ST),3042354,SUKHDEO BHAGAT,17.18,15.9265,14.3287,3.1199,13.1,0.0,285.0,269.0,50.0,76.25145518044238,89.96766395629923,18.587360594795538,False,-1,Potential Anomaly,-0.13072717411461354,Unusual combination of financial and implementation indicators,Normal,Normal,Normal,ML Multivariate,18th Lok Sabha
18th Lok Sabha,7,Lok Sabha,17,Jharkhand,158,RANCHI,3018372,Sanjay Seth,14.71,9.7793,9.7793,2.9565,8.22,0.0,150.0,150.0,49.0,55.88035350101972,100.0,32.666666666666664,False,1,Normal,0.006192966868094563,No unusual pattern detected,Normal,Normal,Normal,No Unusual Pattern,18th Lok Sabha
18th Lok Sabha,7,Lok Sabha,17,Jharkhand,159,DUMKA(ST),3043223,NALIN SOREN,14.74,12.1125,9.5325,1.11,7.47,0.0,377.0,286.0,36.0,50.67842605156038,78.69969040247679,12.587412587412588,False,-1,Potential Anomaly,-0.007129221455261847,Unusual combination of financial and implementation indicators,Normal,Normal,Normal,ML Multivariate,18th Lok Sabha
18th Lok Sabha,7,Lok Sabha,17,Jharkhand,160,CHATRA,3042350,KALI CHARAN SINGH,14.7,9.7999,9.1549,0.0299,3.01,0.0,476.0,450.0,1.0,20.476190476190474,93.4183001867366,0.2222222222222222,False,1,Normal,0.029284482126232858,No unusual pattern detected,Normal,Normal,Normal,No Unusual Pattern,18th Lok Sabha
18th Lok Sabha,7,Lok Sabha,17,Jharkhand,161,JAMSHEDPUR,3019022,Bidyut Baran Mahato,14.7,9.7972,9.7972,0.0,7.35,0.0,173.0,173.0,0.0,50.0,100.0,0.0,False,-1,Potential Anomaly,-0.03504704778467804,Unusual combination of financial and implementation indicators,Normal,Normal,Normal,ML Multivariate,18th Lok Sabha
18th Lok Sabha,7,Lok Sabha,17,Jharkhand,162,PALAMU(SC),3018374,Vishnu Dayal Ram,15.82,10.6956,8.0681,1.7107,6.45,0.0,253.0,182.0,38.0,40.771175726927936,75.43382325442238,20.87912087912088,False,1,Normal,0.04960797280274365,No unusual pattern detected,Normal,Normal,Normal,No Unusual Pattern,18th Lok Sabha
18th Lok Sabha,7,Lok Sabha,17,Jharkhand,163,RAJMAHAL(ST),3019023,Vijay Kumar Hansdak,14.72,8.977,5.2782,0.0,2.02,0.0,458.0,293.0,0.0,13.722826086956522,58.796925476217,0.0,False,1,Normal,0.054347338781095544,No unusual pattern detected,Normal,Normal,Normal,No Unusual Pattern,18th Lok Sabha
18th Lok Sabha,7,Lok Sabha,17,Jharkhand,164,KHUNTI(ST),3042353,KALI CHARAN MUNDA,14.7,9.7981,8.7981,0.825,7.63,0.0,265.0,165.0,13.0,51.90476190476191,89.79393964135905,7.878787878787878,False,-1,Potential Anomaly,-0.01511360721874333,Unusual combination of financial and implementation indicators,Normal,Normal,Normal,ML Multivariate,18th Lok Sabha
18th Lok Sabha,7,Lok Sabha,17,Jharkhand,165,KODARMA,3018370,Annpurna Devi,16.67,10.1232,6.7735,2.0486,3.39,0.0,335.0,225.0,71.0,20.33593281343731,66.91066066066065,31.555555555555554,False,1,Normal,0.06610250966864589,No unusual pattern detected,Normal,Normal,Normal,No Unusual Pattern,18th Lok Sabha
18th Lok Sabha,7,Lok Sabha,18,Karnataka,166,BANGALORE RURAL,3042357,DR C N MANJUNATH,14.7,9.6654,6.3342,1.7638,5.15,0.05,200.0,128.0,36.0,35.03401360544218,65.5347942144143,28.125,False,1,Normal,0.04846536338590013,No unusual pattern detected,Normal,Normal,Normal,No Unusual Pattern,18th Lok Sabha
18th Lok Sabha,7,Lok Sabha,18,Karnataka,167,BELLARY(ST),3042359,E. TUKARAM,14.7,9.8,2.06,0.0,0.9473,0.0,91.0,20.0,0.0,6.444217687074831,21.020408163265305,0.0,False,-1,Potential Anomaly,-0.019703720476569986,Unusual combination of financial and implementation indicators,Normal,Normal,Normal,ML Multivariate,18th Lok Sabha
18th Lok Sabha,7,Lok Sabha,18,Karnataka,168,RAICHUR(ST),3042373,G. KUMAR NAIK,14.7,8.0496,3.6996,0.5496,2.19,0.0,107.0,50.0,7.0,14.897959183673471,45.96004770423375,14.000000000000002,False,1,Normal,0.03383561470411933,No unusual pattern detected,Normal,Normal,Normal,No Unusual Pattern,18th Lok Sabha
18th Lok Sabha,7,Lok Sabha,18,Karnataka,169,BAGALKOT,3019034,Parvatagouda Chandanagouda Gaddigoudar,14.7,9.729,8.529,1.099,4.82,0.0,183.0,162.0,22.0,32.7891156462585,87.66574159728647,13.580246913580247,False,1,Normal,0.06549881962180171,No unusual pattern detected,Normal,Normal,Normal,No Unusual Pattern,18th Lok Sabha
18th Lok Sabha,7,Lok Sabha,18,Karnataka,170,KOPPAL,3042370,K. RAJASHEKAR BASAVARAJ HITNAL,14.7,9.751,7.196,1.909,5.9,0.0,180.0,121.0,41.0,40.13605442176871,73.79755922469491,33.88429752066116,False,1,Normal,0.04891051176401345,No unusual pattern detected,Normal,Normal,Normal,No Unusual Pattern,18th Lok Sabha
18th Lok Sabha,7,Lok Sabha,18,Karnataka,171,CHIKBALLAPUR,3042362,DR.K.SUDHAKAR,14.7,10.4676,5.1596,0.2996,2.43,0.0,160.0,83.0,10.0,16.53061224489796,49.291146012457496,12.048192771084338,False,1,Normal,0.04307507199061367,No unusual pattern detected,Normal,Normal,Normal,No Unusual Pattern,18th Lok Sabha
18th Lok Sabha,7,Lok Sabha,18,Karnataka,172,GULBARGA(SC),3042366,RADHAKRISHNA,14.7,9.8,1.61,0.0,0.0,0.0,29.0,3.0,0.0,0.0,16.428571428571427,0.0,False,-1,Potential Anomaly,-0.06085981742754054,Unusual combination of financial and implementation indicators,Normal,Normal,Normal,ML Multivariate,18th Lok Sabha
18th Lok Sabha,7,Lok Sabha,18,Karnataka,173,DAKSHINA KANNADA,3042364,CAPTAIN BRIJESH CHOWTA,14.7,9.4617,6.4167,2.9637,3.64,0.0,205.0,140.0,63.0,24.761904761904763,67.81762262595515,45.0,False,1,Normal,0.04767880967841387,No unusual pattern detected,Normal,Normal,Normal,No Unusual Pattern,18th Lok Sabha
18th Lok Sabha,7,Lok Sabha,18,Karnataka,174,SHIMOGA,3017402,Shri B Y Raghavendra,14.7,9.7661,7.6146,1.7471,6.13,0.0,248.0,191.0,40.0,41.70068027210884,77.96971155323006,20.94240837696335,False,1,Normal,0.053544507768514105,No unusual pattern detected,Normal,Normal,Normal,No Unusual Pattern,18th Lok Sabha
18th Lok Sabha,7,Lok Sabha,18,Karnataka,175,BELGAUM,3042358,JAGADISH SHETTAR,14.7,8.95,0.45,0.0,0.3377,0.0,165.0,8.0,0.0,2.297278911564626,5.027932960893855,0.0,False,-1,Potential Anomaly,-0.06964369650995084,Low sanction rate (5.03%),Normal,Low,Normal,ML + Indicator Outlier,18th Lok Sabha
18th Lok Sabha,7,Lok Sabha,18,Karnataka,176,CHIKKODI,3043717,PRIYANKA SATISH JARKIHOLI,14.7,8.6061,1.4311,0.6861,1.34,0.0,148.0,19.0,8.0,9.115646258503403,16.6289027550226,42.10526315789473,False,-1,Potential Anomaly,-0.10867413677889537,Unusual combination of financial and implementation indicators,Normal,Normal,Normal,ML Multivariate,18th Lok Sabha
18th Lok Sabha,7,Lok Sabha,18,Karnataka,177,MYSORE,3042372,YADUVEER KRISHNADATTA CHAMARAJA WADIYAR,14.7,9.765,5.965,0.9,4.59,0.0,162.0,97.0,14.0,31.22448979591837,61.08550947260623,14.432989690721648,False,1,Normal,0.03192620313348854,No unusual pattern detected,Normal,Normal,Normal,No Unusual Pattern,18th Lok Sabha
18th Lok Sabha,7,Lok Sabha,18,Karnataka,178,UDUPI CHIKMAGALUR,3042375,KOTA SRINIVAS POOJARY,14.7,9.769,4.146,1.761,2.96,0.0,262.0,103.0,40.0,20.13605442176871,42.44037260722694,38.83495145631068,False,-1,Potential Anomaly,-0.005157420491727072,Unusual combination of financial and implementation indicators,Normal,Normal,Normal,ML Multivariate,18th Lok Sabha
18th Lok Sabha,7,Lok Sabha,18,Karnataka,179,HASSAN,3042367,SHREYAS. M. PATEL,14.7,9.7316,7.3676,0.2387,4.32,0.0,192.0,146.0,5.0,29.38775510204082,75.70800279501829,3.4246575342465753,False,1,Normal,0.05585260046996754,No unusual pattern detected,Normal,Normal,Normal,No Unusual Pattern,18th Lok Sabha
18th Lok Sabha,7,Lok Sabha,18,Karnataka,180,HAVERI,3042368,BASAVARAJ BOMMAI,14.7,9.595,6.5,0.56,4.99,0.0,159.0,110.0,8.0,33.94557823129252,67.74361646690984,7.2727272727272725,False,1,Normal,0.041903397316122526,No unusual pattern detected,Normal,Normal,Normal,No Unusual Pattern,18th Lok Sabha
18th Lok Sabha,7,Lok Sabha,18,Karnataka,181,BANGALORE NORTH,3043716,SHOBHA KARANDLAJE,14.7,9.7984,5.3294,0.2494,3.44,0.0,97.0,51.0,5.0,23.401360544217688,54.390512736773346,9.803921568627452,False,1,Normal,0.04327297867363139,No unusual pattern detected,Normal,Normal,Normal,No Unusual Pattern,18th Lok Sabha
18th Lok Sabha,7,Lok Sabha,18,Karnataka,182,BANGALORE SOUTH,3017406,Shri LS Tejasvi Surya,14.7,9.4093,4.7593,0.3493,3.24,0.0,101.0,47.0,7.0,22.040816326530617,50.580808349186434,14.893617021276595,False,1,Normal,0.0435673729490082,No unusual pattern detected,Normal,Normal,Normal,No Unusual Pattern,18th Lok Sabha
18th Lok Sabha,7,Lok Sabha,18,Karnataka,183,BANGALORE CENTRAL,3019529,P C Mohan,16.0,2.1927,0.534,0.474,0.534,0.0,12.0,2.0,1.0,3.3375000000000004,24.353536735531538,50.0,False,-1,Potential Anomaly,-0.10926365662751092,Unusual combination of financial and implementation indicators,Normal,Normal,Normal,ML Multivariate,18th Lok Sabha
18th Lok Sabha,7,Lok Sabha,18,Karnataka,184,BIDAR,3042360,SAGAR ESHWAR KHANDRE,14.7,7.6813,3.4616,0.0,0.8703,0.0,137.0,80.0,0.0,5.920408163265306,45.06528842774009,0.0,False,1,Normal,0.024409477629269094,No unusual pattern detected,Normal,Normal,Normal,No Unusual Pattern,18th Lok Sabha
18th Lok Sabha,7,Lok Sabha,18,Karnataka,185,KOLAR(SC),3042369,M. MALLESH BABU,14.71,5.2853,4.2295,0.2995,3.52,0.0,83.0,68.0,2.0,23.9292997960571,80.02383970635536,2.941176470588235,False,1,Normal,0.05193589941153942,No unusual pattern detected,Normal,Normal,Normal,No Unusual Pattern,18th Lok Sabha
18th Lok Sabha,7,Lok Sabha,18,Karnataka,186,DAVANAGERE,3042365,DR. PRABHA MALLIKARJUN,14.7,9.31,4.3,0.48,3.48,0.0,96.0,42.0,4.0,23.6734693877551,46.18689581095596,9.523809523809524,False,1,Normal,0.015170065739547212,No unusual pattern detected,Normal,Normal,Normal,No Unusual Pattern,18th Lok Sabha
18th Lok Sabha,7,Lok Sabha,18,Karnataka,187,DHARWAD,3019036,Pralhad Venkatesh Joshi,14.7,8.9945,3.4045,0.7995,1.61,0.0,191.0,78.0,18.0,10.952380952380954,37.85090888876535,23.076923076923077,False,-1,Potential Anomaly,-0.00508625107056504,Unusual combination of financial and implementation indicators,Normal,Normal,Normal,ML Multivariate,18th Lok Sabha
18th Lok Sabha,7,Lok Sabha,18,Karnataka,188,MANDYA,3042371,H.D. KUMARASWAMY,14.7,9.55,4.6,0.0,4.01,0.0,147.0,69.0,0.0,27.27891156462585,48.167539267015705,0.0,False,-1,Potential Anomaly,-0.007559361102541962,Unusual combination of financial and implementation indicators,Normal,Normal,Normal,ML Multivariate,18th Lok Sabha
18th Lok Sabha,7,Lok Sabha,18,Karnataka,189,TUMKUR,3042374,V. SOMANNA,14.7,6.4919,3.4,0.0,2.25,0.0,54.0,18.0,0.0,15.306122448979592,52.37295706957901,0.0,False,1,Normal,0.04549041851152302,No unusual pattern detected,Normal,Normal,Normal,No Unusual Pattern,18th Lok Sabha
18th Lok Sabha,7,Lok Sabha,18,Karnataka,190,CHAMARAJANAGAR(SC),3042361,SUNIL BOSE,14.7,9.505,4.07,0.0,3.26,0.0,114.0,49.0,0.0,22.17687074829932,42.81956864807996,0.0,False,1,Normal,0.005465199286323497,No unusual pattern detected,Normal,Normal,Normal,No Unusual Pattern,18th Lok Sabha
18th Lok Sabha,7,Lok Sabha,18,Karnataka,191,BIJAPUR(SC),3019039,Ramesh Chandappa Jigajinagi,26.95,8.827,2.026,0.0,1.11,0.0,279.0,55.0,0.0,4.1187384044526905,22.95230542653223,0.0,False,-1,Potential Anomaly,-0.007513772861602264,Unusual combination of financial and implementation indicators,Normal,Normal,Normal,ML Multivariate,18th Lok Sabha
18th Lok Sabha,7,Lok Sabha,18,Karnataka,192,CHITRADURGA(SC),3042363,GOVIND MAKTHAPPA KARJOL,14.7,9.8,5.92,0.05,3.42,0.0,184.0,115.0,1.0,23.26530612244898,60.408163265306115,0.8695652173913043,False,1,Normal,0.043029277604660354,No unusual pattern detected,Normal,Normal,Normal,No Unusual Pattern,18th Lok Sabha
18th Lok Sabha,7,Lok Sabha,18,Karnataka,193,UTTARA KANNADA,3042376,VISHWESHWAR HEGDE KAGERI,14.7,7.71,3.1225,0.0,2.86,0.0,112.0,45.0,0.0,19.45578231292517,40.49935149156939,0.0,False,1,Normal,0.005138975312046601,No unusual pattern detected,Normal,Normal,Normal,No Unusual Pattern,18th Lok Sabha
18th Lok Sabha,7,Lok Sabha,36,Kerala,194,KANNUR,3017416,Shri Kumbakudi Sudhakaran,14.7,9.7654,3.9562,1.2526,2.09,0.0,268.0,126.0,52.0,14.217687074829932,40.5124214061892,41.269841269841265,False,-1,Potential Anomaly,-0.022066253484395615,Unusual combination of financial and implementation indicators,Normal,Normal,Normal,ML Multivariate,18th Lok Sabha
18th Lok Sabha,7,Lok Sabha,36,Kerala,195,THIRUVANANTHAPURAM,3017408,Dr Shashi Tharoor,14.7,9.5008,9.2008,2.9983,3.26,0.0,114.0,113.0,33.0,22.17687074829932,96.84237116874368,29.20353982300885,False,1,Normal,0.05094168713916025,No unusual pattern detected,Normal,Normal,Normal,No Unusual Pattern,18th Lok Sabha
18th Lok Sabha,7,Lok Sabha,36,Kerala,196,ATTINGAL,3017411,Adv Adoor Prakash,14.7,9.793,9.3877,1.9365,2.16,0.0,369.0,356.0,79.0,14.69387755102041,95.8613295210865,22.191011235955056,False,1,Normal,0.03869269275599768,No unusual pattern detected,Normal,Normal,Normal,No Unusual Pattern,18th Lok Sabha
18th Lok Sabha,7,Lok Sabha,36,Kerala,197,WAYANAD,3049648,Priyanka Gandhi Vadra,12.25,7.3371,5.1571,0.2921,3.05,0.0,62.0,37.0,2.0,24.897959183673468,70.28798844230009,5.405405405405405,False,1,Normal,0.06364730856898654,No unusual pattern detected,Normal,Normal,Normal,No Unusual Pattern,18th Lok Sabha
18th Lok Sabha,7,Lok Sabha,36,Kerala,198,PATHANAMTHITTA,3019048,Anto Antony,14.7,9.7077,5.6955,1.222,2.03,0.0,266.0,161.0,50.0,13.809523809523808,58.66992181464198,31.05590062111801,False,1,Normal,0.04127761671481611,No unusual pattern detected,Normal,Normal,Normal,No Unusual Pattern,18th Lok Sabha
18th Lok Sabha,7,Lok Sabha,36,Kerala,199,ERNAKULAM,3017417,Shri Hibi Eden,14.7,9.6963,7.1333,1.3956,2.29,0.0,99.0,66.0,15.0,15.578231292517009,73.56723698730443,22.727272727272727,False,1,Normal,0.07206905572221756,No unusual pattern detected,Normal,Normal,Normal,No Unusual Pattern,18th Lok Sabha
18th Lok Sabha,7,Lok Sabha,36,Kerala,200,CHALAKUDY,3017413,Shri Benny Behanan,14.7,9.8111,5.4801,0.9651,2.14,0.0,150.0,69.0,6.0,14.557823129251702,55.856122147363706,8.695652173913043,False,1,Normal,0.05837669517336347,No unusual pattern detected,Normal,Normal,Normal,No Unusual Pattern,18th Lok Sabha
18th Lok Sabha,7,Lok Sabha,36,Kerala,201,KASARAGOD,3017415,Shri Rajmohan Unnithan,15.68,6.2067,4.6409,1.1215,2.05,0.0,161.0,140.0,50.0,13.073979591836734,74.77242334896161,35.714285714285715,False,1,Normal,0.03753991788523431,No unusual pattern detected,Normal,Normal,Normal,No Unusual Pattern,18th Lok Sabha
18th Lok Sabha,7,Lok Sabha,36,Kerala,202,KOTTAYAM,3042378,ADV K FRANCIS GEORGE,18.87,9.5471,7.7301,1.4789,2.34,0.0,203.0,170.0,27.0,12.400635930047693,80.96804265169528,15.88235294117647,False,1,Normal,0.06162992443558596,No unusual pattern detected,Normal,Normal,Normal,No Unusual Pattern,18th Lok Sabha
18th Lok Sabha,7,Lok Sabha,36,Kerala,203,MALAPPURAM,3042789,E.T. MOHAMMED BASHEER,16.39,6.6604,4.8054,0.2044,1.12,0.0,122.0,86.0,6.0,6.833435021354485,72.14881989069724,6.976744186046512,False,1,Normal,0.03797684811285518,No unusual pattern detected,Normal,Normal,Normal,No Unusual Pattern,18th Lok Sabha
18th Lok Sabha,7,Lok Sabha,36,Kerala,204,PONNANI,3042790,DR. M.P ABDUSSAMAD SAMADANI,17.04,11.7675,3.6851,0.1316,0.3417,0.0,240.0,113.0,7.0,2.0052816901408455,31.315912470788188,6.1946902654867255,False,-1,Potential Anomaly,-0.02280098631019012,Unusual combination of financial and implementation indicators,Normal,Normal,Normal,ML Multivariate,18th Lok Sabha
18th Lok Sabha,7,Lok Sabha,36,Kerala,205,VADAKARA,3042380,SHAFI PARAMBIL,14.7,9.1212,2.7847,0.1512,0.9095,0.5,218.0,80.0,15.0,6.187074829931973,30.529974126211464,18.75,False,-1,Potential Anomaly,-0.017597742388033133,Unusual combination of financial and implementation indicators,Normal,Normal,Normal,ML Multivariate,18th Lok Sabha
18th Lok Sabha,7,Lok Sabha,36,Kerala,206,KOZHIKODE,3017409,Shri M K Raghavan,14.7,9.7727,2.154,0.143,0.2584,0.0,273.0,51.0,4.0,1.757823129251701,22.040991742302534,7.8431372549019605,False,-1,Potential Anomaly,-0.05910743466920543,Unusual combination of financial and implementation indicators,Normal,Normal,Normal,ML Multivariate,18th Lok Sabha
18th Lok Sabha,7,Lok Sabha,36,Kerala,207,ALAPPUZHA,3042377,K. C VENUGOPAL,14.7,8.5649,5.8082,1.3236,3.33,0.0,88.0,64.0,18.0,22.653061224489797,67.81398498523042,28.125,False,1,Normal,0.07479945392820553,No unusual pattern detected,Normal,Normal,Normal,No Unusual Pattern,18th Lok Sabha
18th Lok Sabha,7,Lok Sabha,36,Kerala,208,MAVELIKKARA(SC),3017412,Shri Suresh Kodikunnil,17.24,11.7027,8.2222,1.153,3.13,0.0,162.0,122.0,26.0,18.155452436194896,70.25900005981526,21.311475409836063,False,1,Normal,0.07021278807265302,No unusual pattern detected,Normal,Normal,Normal,No Unusual Pattern,18th Lok Sabha
18th Lok Sabha,7,Lok Sabha,36,Kerala,209,KOLLAM,3017410,Shri NK Premachandran,17.15,13.0151,11.7572,1.6614,3.82,0.2,182.0,162.0,23.0,22.274052478134113,90.33507233905233,14.19753086419753,False,1,Normal,0.06712967459906982,No unusual pattern detected,Normal,Normal,Normal,No Unusual Pattern,18th Lok Sabha
18th Lok Sabha,7,Lok Sabha,36,Kerala,210,THRISSUR,3042379,SURESH GOPI,14.7,8.4773,6.8872,1.0327,1.24,0.0,70.0,52.0,12.0,8.435374149659864,81.24284854847652,23.076923076923077,False,1,Normal,0.0302325880439428,No unusual pattern detected,Normal,Normal,Normal,No Unusual Pattern,18th Lok Sabha
18th Lok Sabha,7,Lok Sabha,36,Kerala,211,ALATHUR(SC),3043393,K RADHAKRISHNAN,14.7,11.8399,9.3259,1.443,1.69,0.25,163.0,130.0,11.0,11.496598639455783,78.7667125566939,8.461538461538462,False,1,Normal,0.058265359809357375,No unusual pattern detected,Normal,Normal,Normal,No Unusual Pattern,18th Lok Sabha
18th Lok Sabha,7,Lok Sabha,36,Kerala,212,PALAKKAD,3018377,Vellalath Kochukrishnan Nair Sreekandan,14.7,9.2559,6.7056,1.3583,3.0,0.0,205.0,149.0,53.0,20.408163265306122,72.44676368586522,35.57046979865772,False,1,Normal,0.05872185072832803,No unusual pattern detected,Normal,Normal,Normal,No Unusual Pattern,18th Lok Sabha
18th Lok Sabha,7,Lok Sabha,36,Kerala,213,IDUKKI,3017418,Adv Dean Kuriakose,14.7,9.614,8.2447,4.3846,5.09,0.0,153.0,133.0,88.0,34.625850340136054,85.7572290409819,66.16541353383458,False,1,Normal,0.0020540540480179503,No unusual pattern detected,Normal,Normal,Normal,No Unusual Pattern,18th Lok Sabha
18th Lok Sabha,7,Lok Sabha,130,Ladakh,214,LADAKH,3043914,Mohamed Haneefa,16.11,1.1208,0.9308,0.0,0.3935,0.0,14.0,11.0,0.0,2.442582247051521,83.04782298358316,0.0,False,1,Normal,0.02093665348167917,No unusual pattern detected,Normal,Normal,Normal,No Unusual Pattern,18th Lok Sabha
18th Lok Sabha,7,Lok Sabha,19,Lakshadweep,215,LAKSHADWEEP(ST),3042791,MUHAMMED HAMDULLAH SAYEED,15.39,9.0492,5.7162,0.0194,3.64,0.0,27.0,24.0,1.0,23.651721897335932,63.16801485214162,4.166666666666666,False,1,Normal,0.05724502137777199,No unusual pattern detected,Normal,Normal,Normal,No Unusual Pattern,18th Lok Sabha
18th Lok Sabha,7,Lok Sabha,20,Madhya Pradesh,216,BETUL(ST),3018381,Durga Das Uikey,15.16,12.9357,9.1241,6.5545,8.28,0.0,462.0,333.0,281.0,54.6174142480211,70.53425790641403,84.38438438438438,False,-1,Potential Anomaly,-0.08692833282602452,Unusual combination of financial and implementation indicators,Normal,Normal,Normal,ML Multivariate,18th Lok Sabha
18th Lok Sabha,7,Lok Sabha,20,Madhya Pradesh,217,MORENA,3042389,SHIVMANGAL SINGH TOMAR,14.7,4.3668,2.3472,0.0,1.88,0.0,70.0,52.0,0.0,12.789115646258503,53.75103050288541,0.0,False,1,Normal,0.05333299285692178,No unusual pattern detected,Normal,Normal,Normal,No Unusual Pattern,18th Lok Sabha
18th Lok Sabha,7,Lok Sabha,20,Madhya Pradesh,218,BHOPAL,3042382,ALOK SHARMA,14.7,8.3407,7.2907,0.0,2.56,0.0,62.0,51.0,0.0,17.41496598639456,87.41112856235088,0.0,False,1,Normal,0.036911517907430136,No unusual pattern detected,Normal,Normal,Normal,No Unusual Pattern,18th Lok Sabha
18th Lok Sabha,7,Lok Sabha,20,Madhya Pradesh,219,TIKAMGARH(SC),3019053,Virendra Kumar,14.7,9.7749,8.3033,0.2784,3.98,0.0,247.0,187.0,6.0,27.074829931972786,84.94511452802585,3.2085561497326207,False,1,Normal,0.04764580521472633,No unusual pattern detected,Normal,Normal,Normal,No Unusual Pattern,18th Lok Sabha
18th Lok Sabha,7,Lok Sabha,20,Madhya Pradesh,220,GUNA,3043718,JYOTIRADITYA M. SCINDIA,14.7,8.9907,6.1823,1.5094,5.32,0.0,63.0,61.0,18.0,36.1904761904762,68.76327760908494,29.508196721311474,False,1,Normal,0.055367517287148116,No unusual pattern detected,Normal,Normal,Normal,No Unusual Pattern,18th Lok Sabha
18th Lok Sabha,7,Lok Sabha,20,Madhya Pradesh,221,SHAHDOL (ST),3019069,Smt Himadri Singh,14.7,8.6672,6.3349,1.8401,5.02,0.0,132.0,95.0,39.0,34.14965986394557,73.09050212294629,41.05263157894737,False,1,Normal,0.04600598316228938,No unusual pattern detected,Normal,Normal,Normal,No Unusual Pattern,18th Lok Sabha
18th Lok Sabha,7,Lok Sabha,20,Madhya Pradesh,222,KHANDWA,3019058,Gyaneshwar Patil,15.3,10.3986,9.6786,4.7276,8.21,0.0,298.0,288.0,147.0,53.66013071895425,93.0759909987883,51.041666666666664,False,1,Normal,0.007422939812896268,No unusual pattern detected,Normal,Normal,Normal,No Unusual Pattern,18th Lok Sabha
18th Lok Sabha,7,Lok Sabha,20,Madhya Pradesh,223,DHAR(ST),3042385,SAVITRI THAKUR,14.7,9.4062,8.6612,5.8412,6.97,0.0,237.0,224.0,178.0,47.414965986394556,92.07969211796474,79.46428571428571,False,-1,Potential Anomaly,-0.056174121946211075,Unusual combination of financial and implementation indicators,Normal,Normal,Normal,ML Multivariate,18th Lok Sabha
18th Lok Sabha,7,Lok Sabha,20,Madhya Pradesh,224,BHIND(SC),3019070,Smt Sandhya Ray,14.7,6.826,3.826,0.9581,2.52,0.0,127.0,97.0,48.0,17.142857142857142,56.05039554644009,49.48453608247423,False,1,Normal,0.007778444063897716,No unusual pattern detected,Normal,Normal,Normal,No Unusual Pattern,18th Lok Sabha
18th Lok Sabha,7,Lok Sabha,20,Madhya Pradesh,225,INDORE,3019065,Shankar Lalwani,14.7,9.5083,9.5083,5.5203,6.55,0.0,238.0,238.0,145.0,44.5578231292517,100.0,60.924369747899156,False,1,Normal,0.0109260325256616,No unusual pattern detected,Normal,Normal,Normal,No Unusual Pattern,18th Lok Sabha
18th Lok Sabha,7,Lok Sabha,20,Madhya Pradesh,226,JABALPUR,3042388,ASHISH DUBEY,14.7,4.77,3.699,0.4832,1.84,0.0,195.0,155.0,15.0,12.51700680272109,77.54716981132076,9.67741935483871,False,1,Normal,0.06349709969925388,No unusual pattern detected,Normal,Normal,Normal,No Unusual Pattern,18th Lok Sabha
18th Lok Sabha,7,Lok Sabha,20,Madhya Pradesh,227,VIDISHA,3044395,SHIVRAJ SINGH CHOUHAN,14.7,4.8943,4.7843,0.3943,3.57,0.0,79.0,76.0,8.0,24.285714285714285,97.7524875876019,10.526315789473683,False,1,Normal,0.030840326726344347,No unusual pattern detected,Normal,Normal,Normal,No Unusual Pattern,18th Lok Sabha
18th Lok Sabha,7,Lok Sabha,20,Madhya Pradesh,228,SAGAR,3042391,DR. LATA WANKHEDE,14.7,9.901,9.656,7.0093,9.11,0.0,144.0,135.0,74.0,61.97278911564625,97.52550247449754,54.81481481481482,False,-1,Potential Anomaly,-0.02497065559611933,Unusual combination of financial and implementation indicators,Normal,Normal,Normal,ML Multivariate,18th Lok Sabha
18th Lok Sabha,7,Lok Sabha,20,Madhya Pradesh,229,REWA,3019059,Janardan Mishra,14.7,9.7822,9.3332,0.0,8.52,0.0,89.0,81.0,0.0,57.95918367346938,95.41003046349492,0.0,False,-1,Potential Anomaly,-0.050966014152908024,Unusual combination of financial and implementation indicators,Normal,Normal,Normal,ML Multivariate,18th Lok Sabha
18th Lok Sabha,7,Lok Sabha,20,Madhya Pradesh,230,RATLAM(ST),3042390,ANITA NAGARSINGH CHOUHAN,14.7,8.9022,8.7177,0.6584,4.45,0.0,203.0,199.0,19.0,30.272108843537417,97.92747860079531,9.547738693467336,False,1,Normal,0.029742776398610615,No unusual pattern detected,Normal,Normal,Normal,No Unusual Pattern,18th Lok Sabha
18th Lok Sabha,7,Lok Sabha,20,Madhya Pradesh,231,CHHINDWARA,3042383,BUNTY VIVEK SAHU,14.7,9.793,7.1554,1.4084,4.62,0.0,472.0,332.0,73.0,31.428571428571434,73.06647605432453,21.987951807228914,False,1,Normal,0.06953952144442899,No unusual pattern detected,Normal,Normal,Normal,No Unusual Pattern,18th Lok Sabha
18th Lok Sabha,7,Lok Sabha,20,Madhya Pradesh,232,MANDLA(ST),3019055,Faggan Singh Kulaste,15.19,9.7088,5.7664,0.9698,3.95,0.0,306.0,168.0,19.0,26.00394996708361,59.39353988134476,11.30952380952381,False,1,Normal,0.04200462556241158,No unusual pattern detected,Normal,Normal,Normal,No Unusual Pattern,18th Lok Sabha
18th Lok Sabha,7,Lok Sabha,20,Madhya Pradesh,233,MANDSOUR,3017421,Shri Sudheer Gupta,14.9,3.1819,2.2544,0.6895,1.7,0.0,180.0,111.0,55.0,11.40939597315436,70.85074955215437,49.549549549549546,False,1,Normal,0.002873966151639651,No unusual pattern detected,Normal,Normal,Normal,No Unusual Pattern,18th Lok Sabha
18th Lok Sabha,7,Lok Sabha,20,Madhya Pradesh,234,UJJAIN(SC),3017425,Shri Anil Firojiya,14.7,9.6951,8.9451,1.5386,6.75,0.0,245.0,239.0,88.0,45.91836734693878,92.26413342822663,36.82008368200837,False,1,Normal,0.040939249888610973,No unusual pattern detected,Normal,Normal,Normal,No Unusual Pattern,18th Lok Sabha
18th Lok Sabha,7,Lok Sabha,20,Madhya Pradesh,235,DAMOH,3042384,RAHUL SINGH LODHI,16.31,7.8847,7.2336,0.7262,5.79,0.0,270.0,247.0,31.0,35.499693439607604,91.7422349613809,12.550607287449392,False,1,Normal,0.047637502760675354,No unusual pattern detected,Normal,Normal,Normal,No Unusual Pattern,18th Lok Sabha
18th Lok Sabha,7,Lok Sabha,20,Madhya Pradesh,236,DEWAS(SC),3019068,Mahendra Singh Solanky,14.7,8.6121,5.6807,0.22,2.75,0.0,116.0,73.0,4.0,18.70748299319728,65.96184438174197,5.47945205479452,False,1,Normal,0.05679472580065548,No unusual pattern detected,Normal,Normal,Normal,No Unusual Pattern,18th Lok Sabha
18th Lok Sabha,7,Lok Sabha,20,Madhya Pradesh,237,GWALIOR,3042386,BHARAT SINGH KUSHWAH,15.15,2.5327,1.7224,0.0,0.6102,0.0,22.0,16.0,0.0,4.027722772277227,68.00647530303627,0.0,False,1,Normal,0.04454982711624922,No unusual pattern detected,Normal,Normal,Normal,No Unusual Pattern,18th Lok Sabha
18th Lok Sabha,7,Lok Sabha,20,Madhya Pradesh,238,HOSHANGABAD,3042387,DARSHAN SINGH CHOUDHARY,14.7,5.421,4.0375,0.5187,2.37,0.0,354.0,262.0,48.0,16.122448979591837,74.47887843571296,18.3206106870229,False,1,Normal,0.07121815812329335,No unusual pattern detected,Normal,Normal,Normal,No Unusual Pattern,18th Lok Sabha
18th Lok Sabha,7,Lok Sabha,20,Madhya Pradesh,239,KHARGONE(ST),3019056,Gajendra Singh Patel,14.7,9.3227,8.1447,1.4552,6.19,0.0,278.0,245.0,81.0,42.10884353741497,87.36417561436065,33.06122448979592,False,1,Normal,0.05962651017248438,No unusual pattern detected,Normal,Normal,Normal,No Unusual Pattern,18th Lok Sabha
18th Lok Sabha,7,Lok Sabha,20,Madhya Pradesh,240,SIDHI,3042392,DR. RAJESH MISHRA,26.27,21.3426,19.4067,8.2575,17.22,0.0,280.0,252.0,134.0,65.55005709935287,90.92940878805769,53.17460317460318,False,-1,Potential Anomaly,-0.06889317507349546,Unusual combination of financial and implementation indicators,Normal,Normal,Normal,ML Multivariate,18th Lok Sabha
18th Lok Sabha,7,Lok Sabha,20,Madhya Pradesh,241,RAJGARH,3018380,Rodmal Nagar,14.7,10.4686,8.3486,0.0,8.26,0.0,266.0,168.0,0.0,56.19047619047619,79.74896356723916,0.0,False,-1,Potential Anomaly,-0.06663064245191896,Unusual combination of financial and implementation indicators,Normal,Normal,Normal,ML Multivariate,18th Lok Sabha
18th Lok Sabha,7,Lok Sabha,20,Madhya Pradesh,242,BALAGHAT,3042381,BHARTI PARDHI,15.44,9.8986,9.7486,3.8588,6.41,0.0,160.0,157.0,74.0,41.51554404145078,98.48463419069363,47.13375796178344,False,1,Normal,0.03013077273023529,No unusual pattern detected,Normal,Normal,Normal,No Unusual Pattern,18th Lok Sabha
18th Lok Sabha,7,Lok Sabha,20,Madhya Pradesh,243,KHAJURAHO,3018383,Vishnu Dutt Sharma,14.7,1.369,1.071,0.491,0.689,0.0,9.0,6.0,3.0,4.687074829931973,78.23228634039444,50.0,False,-1,Potential Anomaly,-0.030999585356036863,Unusual combination of financial and implementation indicators,Normal,Normal,Normal,ML Multivariate,18th Lok Sabha
18th Lok Sabha,7,Lok Sabha,20,Madhya Pradesh,244,SATNA,3019057,Ganesh Singh,14.7,7.0872,4.309,1.6868,3.01,0.0,311.0,179.0,68.0,20.476190476190474,60.79975166497348,37.988826815642454,False,1,Normal,0.046468157445198166,No unusual pattern detected,Normal,Normal,Normal,No Unusual Pattern,18th Lok Sabha
18th Lok Sabha,7,Lok Sabha,21,Maharashtra,245,RAVER,3019105,Smt Raksha Nikhil Khadse,15.31,1.8045,1.2045,0.0915,0.5872,0.0,9.0,7.0,1.0,3.8354016982364474,66.74979218620116,14.285714285714285,False,1,Normal,0.02651288692871745,No unusual pattern detected,Normal,Normal,Normal,No Unusual Pattern,18th Lok Sabha
18th Lok Sabha,7,Lok Sabha,21,Maharashtra,246,JALGAON,3042405,SMITA UDAY WAGH,14.81,1.6031,1.6031,1.1831,1.4,0.0,10.0,10.0,7.0,9.453072248480755,100.0,70.0,False,-1,Potential Anomaly,-0.09544844710557199,Unusual combination of financial and implementation indicators,Normal,Normal,Normal,ML Multivariate,18th Lok Sabha
18th Lok Sabha,7,Lok Sabha,21,Maharashtra,247,RATNAGIRI-SINDHUDURG,3042416,NARAYAN TATU RANE,14.7,8.4275,5.3075,0.7525,1.39,0.0,91.0,55.0,11.0,9.45578231292517,62.978344704835365,20.0,False,1,Normal,0.049752156673501136,No unusual pattern detected,Normal,Normal,Normal,No Unusual Pattern,18th Lok Sabha
18th Lok Sabha,7,Lok Sabha,21,Maharashtra,248,DHULE,3042401,BACHHAV SHOBHA DINESH,14.7,9.6457,4.4357,0.5357,0.828,0.0,87.0,42.0,6.0,5.63265306122449,45.98629441098106,14.285714285714285,False,1,Normal,0.016102389116086302,No unusual pattern detected,Normal,Normal,Normal,No Unusual Pattern,18th Lok Sabha
18th Lok Sabha,7,Lok Sabha,21,Maharashtra,249,LATUR(SC),3043224,DR KALGE SHIVAJI BANDAPPA,14.7,9.0947,2.6246,1.5272,2.33,0.0,115.0,30.0,18.0,15.850340136054422,28.858565977987183,60.0,False,-1,Potential Anomaly,-0.09225627736431996,Unusual combination of financial and implementation indicators,Normal,Normal,Normal,ML Multivariate,18th Lok Sabha
18th Lok Sabha,7,Lok Sabha,21,Maharashtra,250,NAGPUR,3019087,Nitin Jairam Gadkari,14.7,9.751,4.62,0.9999,3.1,0.0,53.0,24.0,1.0,21.08843537414966,47.3797559224695,4.166666666666666,False,1,Normal,0.021295614970183563,No unusual pattern detected,Normal,Normal,Normal,No Unusual Pattern,18th Lok Sabha
18th Lok Sabha,7,Lok Sabha,21,Maharashtra,251,RAMTEK(SC),3042415,Shyamkumar,14.7,5.66,0.2,0.0,0.1478,0.0,55.0,3.0,0.0,1.0054421768707482,3.53356890459364,0.0,False,-1,Potential Anomaly,-0.08439026649477777,Low sanction rate (3.53%),Normal,Low,Normal,ML + Indicator Outlier,18th Lok Sabha
18th Lok Sabha,7,Lok Sabha,21,Maharashtra,252,BARAMATI,3019106,Smt Supriya Sadanand Sule,14.7,5.6962,1.2262,0.3462,1.01,0.0,85.0,16.0,4.0,6.870748299319729,21.52663178961413,25.0,False,-1,Potential Anomaly,-0.04897141653752812,Unusual combination of financial and implementation indicators,Normal,Normal,Normal,ML Multivariate,18th Lok Sabha
18th Lok Sabha,7,Lok Sabha,21,Maharashtra,253,MAVAL,3019099,Shrirang Appa Barne,14.7,8.9997,3.4797,0.1997,3.0,0.0,90.0,45.0,2.0,20.408163265306122,38.6646221540718,4.444444444444445,False,-1,Potential Anomaly,-0.0017588801957411082,Unusual combination of financial and implementation indicators,Normal,Normal,Normal,ML Multivariate,18th Lok Sabha
18th Lok Sabha,7,Lok Sabha,21,Maharashtra,254,SHIRUR,3019076,Amol Ramsing Kolhe,14.7,9.7886,2.2385,0.7986,1.86,0.0,102.0,27.0,8.0,12.653061224489798,22.868438796150624,29.629629629629626,False,-1,Potential Anomaly,-0.05324039418646098,Unusual combination of financial and implementation indicators,Normal,Normal,Normal,ML Multivariate,18th Lok Sabha
18th Lok Sabha,7,Lok Sabha,21,Maharashtra,255,PUNE,3042414,MURLIDHAR MOHOL,14.7,9.75,1.2,0.0,1.2,0.0,74.0,12.0,0.0,8.16326530612245,12.307692307692307,0.0,False,-1,Potential Anomaly,-0.06715816726779267,Unusual combination of financial and implementation indicators,Normal,Normal,Normal,ML Multivariate,18th Lok Sabha
18th Lok Sabha,7,Lok Sabha,21,Maharashtra,256,YAVATMAL-WASHIM,3044176,Sanjay Uttamrao Deshmukh,18.56,7.6255,1.6505,0.48,1.42,0.0,113.0,25.0,7.0,7.650862068965518,21.644482329027607,28.000000000000004,False,-1,Potential Anomaly,-0.05446614368014713,Unusual combination of financial and implementation indicators,Normal,Normal,Normal,ML Multivariate,18th Lok Sabha
18th Lok Sabha,7,Lok Sabha,21,Maharashtra,257,WARDHA,3042421,AMAR SHARADRAO KALE,14.7,5.8829,3.3322,0.0,2.63,0.0,96.0,40.0,0.0,17.891156462585034,56.6421322816978,0.0,False,1,Normal,0.04943420880079402,No unusual pattern detected,Normal,Normal,Normal,No Unusual Pattern,18th Lok Sabha
18th Lok Sabha,7,Lok Sabha,21,Maharashtra,258,AURANGABAD_MH,3042396,BHUMARE SANDIPANRAO ASARAM,14.7,9.7994,4.6379,2.6879,4.41,0.0,76.0,33.0,18.0,30.000000000000004,47.32840786170582,54.54545454545454,False,-1,Potential Anomaly,-0.04392342993775655,Unusual combination of financial and implementation indicators,Normal,Normal,Normal,ML Multivariate,18th Lok Sabha
18th Lok Sabha,7,Lok Sabha,21,Maharashtra,259,CHANDRAPUR,3042400,DHANORKAR PRATIBHA SURESH ALIAS BALUBHAU,14.7,9.4015,0.8615,0.1966,0.7832,0.0,70.0,7.0,1.0,5.327891156462585,9.163431367334999,14.285714285714285,False,-1,Potential Anomaly,-0.09820635693188229,Low sanction rate (9.16%),Normal,Low,Normal,ML + Indicator Outlier,18th Lok Sabha
18th Lok Sabha,7,Lok Sabha,21,Maharashtra,260,JALNA,3042406,KALYAN VAIJINATHRAO KALE,14.7,5.8901,3.7951,0.6951,3.42,0.0,60.0,39.0,7.0,23.26530612244898,64.43184326242338,17.94871794871795,False,1,Normal,0.0695323128278505,No unusual pattern detected,Normal,Normal,Normal,No Unusual Pattern,18th Lok Sabha
18th Lok Sabha,7,Lok Sabha,21,Maharashtra,261,PARBHANI,3019095,Sanjay Haribhau Jadhav,14.7,7.6959,5.5459,1.9471,3.78,0.0,81.0,61.0,23.0,25.71428571428571,72.06304655725776,37.704918032786885,False,1,Normal,0.055822637253760576,No unusual pattern detected,Normal,Normal,Normal,No Unusual Pattern,18th Lok Sabha
18th Lok Sabha,7,Lok Sabha,21,Maharashtra,262,AMRAVATI(SC),3042395,BALWANT BASWANT WANKHADE,19.83,14.9216,11.9458,0.0,6.36,0.0,168.0,130.0,0.0,32.07261724659607,80.05709843448425,0.0,False,1,Normal,0.02946675175060165,No unusual pattern detected,Normal,Normal,Normal,No Unusual Pattern,18th Lok Sabha
18th Lok Sabha,7,Lok Sabha,21,Maharashtra,263,BEED,3042397,BAJRANG MANOHAR SONWANE,14.93,9.9467,2.7067,0.9467,2.53,0.0,100.0,28.0,10.0,16.945746818486267,27.212040174128106,35.714285714285715,False,-1,Potential Anomaly,-0.060155964195263256,Unusual combination of financial and implementation indicators,Normal,Normal,Normal,ML Multivariate,18th Lok Sabha
18th Lok Sabha,7,Lok Sabha,21,Maharashtra,264,RAIGAD,3019101,Sunil Dattatray Tatkare,14.7,8.8459,7.3959,1.6609,4.99,0.0,55.0,44.0,13.0,33.94557823129252,83.60822527950802,29.545454545454547,False,1,Normal,0.06961948595656675,No unusual pattern detected,Normal,Normal,Normal,No Unusual Pattern,18th Lok Sabha
18th Lok Sabha,7,Lok Sabha,21,Maharashtra,265,MUMBAI SOUTH,3019079,Arvind Ganpat Sawant,14.7,8.9675,2.8875,1.8375,2.89,0.0,51.0,18.0,13.0,19.65986394557823,32.19960970170059,72.22222222222221,False,-1,Potential Anomaly,-0.11631320891475216,Unusual combination of financial and implementation indicators,Normal,Normal,Normal,ML Multivariate,18th Lok Sabha
18th Lok Sabha,7,Lok Sabha,21,Maharashtra,266,AKOLA,3042394,ANUP SANJAY DHOTRE,14.7,9.7322,5.8722,3.3972,4.03,0.0,99.0,62.0,36.0,27.414965986394563,60.33784755759232,58.06451612903226,False,1,Normal,0.006938275079263145,No unusual pattern detected,Normal,Normal,Normal,No Unusual Pattern,18th Lok Sabha
18th Lok Sabha,7,Lok Sabha,21,Maharashtra,267,MUMBAI NORTH,3042792,Piyush Vedprakash Goyal,14.7,9.8,9.8,0.0,2.15,0.0,49.0,49.0,0.0,14.625850340136054,100.0,0.0,False,1,Normal,0.0063229177703826855,No unusual pattern detected,Normal,Normal,Normal,No Unusual Pattern,18th Lok Sabha
18th Lok Sabha,7,Lok Sabha,21,Maharashtra,268,MUMBAI NORTH-CENTRAL,3042409,GAIKWAD VARSHA EKNATH,14.7,9.8,9.8,0.0,8.36,0.0,57.0,57.0,0.0,56.87074829931973,100.0,0.0,False,-1,Potential Anomaly,-0.055226112184536325,Unusual combination of financial and implementation indicators,Normal,Normal,Normal,ML Multivariate,18th Lok Sabha
18th Lok Sabha,7,Lok Sabha,21,Maharashtra,269,MUMBAI NORTH EAST,3043915,SANJAY DINA PATIL,14.7,8.75,4.86,0.0,0.156,0.0,40.0,25.0,0.0,1.0612244897959184,55.54285714285715,0.0,False,1,Normal,0.02368902753302915,No unusual pattern detected,Normal,Normal,Normal,No Unusual Pattern,18th Lok Sabha
18th Lok Sabha,7,Lok Sabha,21,Maharashtra,270,MUMBAI NORTH WEST,3042793,RAVINDRA DATTARAM WAIKAR,14.7,9.8,9.8,0.0,3.92,0.0,46.0,46.0,0.0,26.666666666666668,100.0,0.0,False,1,Normal,0.009798654123483963,No unusual pattern detected,Normal,Normal,Normal,No Unusual Pattern,18th Lok Sabha
18th Lok Sabha,7,Lok Sabha,21,Maharashtra,271,MUMBAI SOUTH CENTRAL,3044396,ANIL YESHWANT DESAI,14.7,8.28,0.78,0.0,0.5896,0.0,34.0,4.0,0.0,4.010884353741497,9.420289855072465,0.0,False,-1,Potential Anomaly,-0.06019431388167418,Low sanction rate (9.42%),Normal,Low,Normal,ML + Indicator Outlier,18th Lok Sabha
18th Lok Sabha,7,Lok Sabha,21,Maharashtra,272,BULDHANA,3019090,Prataprao Jadhav,14.7,7.665,0.15,0.0,0.1208,0.0,106.0,2.0,0.0,0.8217687074829934,1.9569471624266144,0.0,False,-1,Potential Anomaly,-0.10010350065316864,Low sanction rate (1.96%),Normal,Low,Normal,ML + Indicator Outlier,18th Lok Sabha
18th Lok Sabha,7,Lok Sabha,21,Maharashtra,273,GADCHIROLI-CHIMUR(ST),3042403,DR. KIRSAN NAMDEO,14.7,9.7887,4.3037,0.3487,1.41,0.0,120.0,56.0,6.0,9.591836734693878,43.96600161410606,10.714285714285714,False,1,Normal,0.021374437551106962,No unusual pattern detected,Normal,Normal,Normal,No Unusual Pattern,18th Lok Sabha
18th Lok Sabha,7,Lok Sabha,21,Maharashtra,274,NANDED,3052343,Ravindra Vasantrao Chavan,14.7,9.2865,1.7088,0.1492,1.24,0.0,120.0,21.0,2.0,8.435374149659864,18.400904538846714,9.523809523809524,False,-1,Potential Anomaly,-0.046070620720111366,Unusual combination of financial and implementation indicators,Normal,Normal,Normal,ML Multivariate,18th Lok Sabha
18th Lok Sabha,7,Lok Sabha,21,Maharashtra,275,AHMEDNAGAR,3042393,NILESH DNYANDEV LANKE,14.7,9.5477,3.0477,0.0,1.54,0.0,74.0,21.0,0.0,10.476190476190476,31.920776731568857,0.0,False,1,Normal,0.006145388700279142,No unusual pattern detected,Normal,Normal,Normal,No Unusual Pattern,18th Lok Sabha
18th Lok Sabha,7,Lok Sabha,21,Maharashtra,276,SHIRDI(SC),3042419,BHAUSAHEB RAJARAM WAKCHAURE,14.7,9.6642,5.6392,0.1192,0.7131,0.0,136.0,84.0,2.0,4.851020408163265,58.35144140228886,2.380952380952381,False,1,Normal,0.035367769515065595,No unusual pattern detected,Normal,Normal,Normal,No Unusual Pattern,18th Lok Sabha
18th Lok Sabha,7,Lok Sabha,21,Maharashtra,277,DINDORI(ST),3042402,BHASKAR MURLIDHAR BHAGARE,14.7,8.9671,7.7571,0.5676,2.32,0.0,106.0,86.0,7.0,15.782312925170066,86.50622832353827,8.13953488372093,False,1,Normal,0.05439713072041574,No unusual pattern detected,Normal,Normal,Normal,No Unusual Pattern,18th Lok Sabha
18th Lok Sabha,7,Lok Sabha,21,Maharashtra,278,NASHIK,3042412,RAJABHAU,15.29,9.2641,7.1962,1.0429,2.13,0.0,95.0,77.0,12.0,13.93067364290386,77.67834975874614,15.584415584415584,False,1,Normal,0.07492294096125862,No unusual pattern detected,Normal,Normal,Normal,No Unusual Pattern,18th Lok Sabha
18th Lok Sabha,7,Lok Sabha,21,Maharashtra,279,OSMANABAD,3019088,Omprakash Bhupalsinh Alias Pawan Rajenimbalkar,18.48,10.5161,2.0912,1.2512,1.88,0.0,151.0,31.0,21.0,10.173160173160174,19.885699070948355,67.74193548387096,False,-1,Potential Anomaly,-0.13957503270004068,Unusual combination of financial and implementation indicators,Normal,Normal,Normal,ML Multivariate,18th Lok Sabha
18th Lok Sabha,7,Lok Sabha,21,Maharashtra,280,MADHA,3042408,MOHITE PATIL DHAIRYASHEEL RAJSINH,19.56,6.55,2.166,0.0,0.8829,0.0,171.0,65.0,0.0,4.513803680981596,33.06870229007634,0.0,False,1,Normal,0.012715278101931127,No unusual pattern detected,Normal,Normal,Normal,No Unusual Pattern,18th Lok Sabha
18th Lok Sabha,7,Lok Sabha,21,Maharashtra,281,SATARA,3042418,SHRIMANT CHH UDAYANRAJE PRATAPSINHAMAHARAJ BHONSLE,14.7,9.6999,8.6199,0.2999,0.9345,0.0,134.0,119.0,3.0,6.357142857142857,88.86586459654224,2.5210084033613445,False,1,Normal,0.018824519549588636,No unusual pattern detected,Normal,Normal,Normal,No Unusual Pattern,18th Lok Sabha
18th Lok Sabha,7,Lok Sabha,21,Maharashtra,282,BHANDARA-GONDIYA,3042398,DR. PRASHANT YADAORAO PADOLE,15.97,11.0497,2.1177,0.4277,0.5272,0.0,127.0,28.0,6.0,3.3011897307451474,19.165226205236344,21.428571428571427,False,-1,Potential Anomaly,-0.0687120985028139,Unusual combination of financial and implementation indicators,Normal,Normal,Normal,ML Multivariate,18th Lok Sabha
18th Lok Sabha,7,Lok Sabha,21,Maharashtra,283,HINGOLI,3042404,AASHTIKAR PATIL NAGESH BAPURAO,19.03,11.5965,5.4019,4.0755,5.07,0.0,94.0,42.0,28.0,26.642143983184447,46.582158409865045,66.66666666666666,False,-1,Potential Anomaly,-0.06129808552543248,Unusual combination of financial and implementation indicators,Normal,Normal,Normal,ML Multivariate,18th Lok Sabha
18th Lok Sabha,7,Lok Sabha,21,Maharashtra,284,KOLHAPUR,3042407,CHHATRAPATI SHAHU SHAHAJI,14.7,9.791,2.8124,1.9624,2.15,0.0,101.0,28.0,19.0,14.625850340136054,28.724338678378096,67.85714285714286,False,-1,Potential Anomaly,-0.11337474316792706,Unusual combination of financial and implementation indicators,Normal,Normal,Normal,ML Multivariate,18th Lok Sabha
18th Lok Sabha,7,Lok Sabha,21,Maharashtra,285,HATKANANGLE,3019082,Dhairyasheel Sambhajirao Mane,14.7,1.6969,1.2969,0.2,0.6519,0.0,13.0,9.0,2.0,4.4346938775510205,76.42760327656313,22.22222222222222,False,1,Normal,0.01760181113695708,No unusual pattern detected,Normal,Normal,Normal,No Unusual Pattern,18th Lok Sabha
18th Lok Sabha,7,Lok Sabha,21,Maharashtra,286,SOLAPUR(SC),3043228,PRANITI SUSHILKUMAR SHINDE,14.7,10.7694,0.4499,0.0,0.1499,0.0,121.0,5.0,0.0,1.0197278911564627,4.177577209500994,0.0,False,-1,Potential Anomaly,-0.08086979328872224,Low sanction rate (4.18%),Normal,Low,Normal,ML + Indicator Outlier,18th Lok Sabha
18th Lok Sabha,7,Lok Sabha,21,Maharashtra,287,NANDURBAR(ST),3042411,ADV GOWAAL KAGADA PADAVI,14.78,8.8136,6.1227,0.0,0.0,0.0,279.0,228.0,0.0,0.0,69.46877552872833,0.0,False,1,Normal,0.0007774913020011098,No unusual pattern detected,Normal,Normal,Normal,No Unusual Pattern,18th Lok Sabha
18th Lok Sabha,7,Lok Sabha,21,Maharashtra,288,SANGLI,3042417,VISHAL,14.7,9.3174,7.9924,0.1985,1.1,0.0,86.0,77.0,2.0,7.482993197278913,85.77929465301479,2.5974025974025974,False,1,Normal,0.017229717152872914,No unusual pattern detected,Normal,Normal,Normal,No Unusual Pattern,18th Lok Sabha
18th Lok Sabha,7,Lok Sabha,21,Maharashtra,289,BHIWANDI,3042399,BALYA MAMA SURESH GOPINATH MHATRE,14.7,10.8095,7.6395,0.3496,4.15,0.0,116.0,90.0,4.0,28.231292517006807,70.67394421573616,4.444444444444445,False,1,Normal,0.06148944142724799,No unusual pattern detected,Normal,Normal,Normal,No Unusual Pattern,18th Lok Sabha
18th Lok Sabha,7,Lok Sabha,21,Maharashtra,292,PALGHAR(ST),3042413,DR. HEMANT VISHNU SAVARA,14.7,7.6749,0.5249,0.0,0.205,0.0,80.0,7.0,0.0,1.3945578231292517,6.839177057681534,0.0,False,-1,Potential Anomaly,-0.07076976005161717,Low sanction rate (6.84%),Normal,Low,Normal,ML + Indicator Outlier,18th Lok Sabha
18th Lok Sabha,7,Lok Sabha,22,Manipur,293,OUTER MANIPUR(ST),3044251,ALFRED KANNGAM S ARTHUR,14.7,10.1152,8.9152,2.4752,7.76,0.0,33.0,31.0,13.0,52.7891156462585,88.13666561214805,41.935483870967744,False,1,Normal,0.005410395422156433,No unusual pattern detected,Normal,Normal,Normal,No Unusual Pattern,18th Lok Sabha
18th Lok Sabha,7,Lok Sabha,22,Manipur,294,INNER MANIPUR,3044252,ANGOMCHA BIMOL AKOIJAM,14.7,8.9336,8.8136,0.2301,7.92,0.0,37.0,35.0,2.0,53.87755102040816,98.65675651473089,5.714285714285714,False,-1,Potential Anomaly,-0.031084320070543736,Unusual combination of financial and implementation indicators,Normal,Normal,Normal,ML Multivariate,18th Lok Sabha
18th Lok Sabha,7,Lok Sabha,23,Meghalaya,295,TURA,3042794,SALENG A SANGMA,14.7,9.76,9.415,2.745,8.7,0.0,216.0,211.0,49.0,59.183673469387756,96.46516393442623,23.22274881516588,False,-1,Potential Anomaly,-0.01554673685260799,Unusual combination of financial and implementation indicators,Normal,Normal,Normal,ML Multivariate,18th Lok Sabha
18th Lok Sabha,7,Lok Sabha,23,Meghalaya,296,SHILLONG,3042422,ANDREW J. SYNGKON,9.8,9.8,9.075,2.2649,6.38,0.0,241.0,225.0,62.0,65.10204081632652,92.60204081632651,27.555555555555557,False,-1,Potential Anomaly,-0.060642744943242066,Unusual combination of financial and implementation indicators,Normal,Normal,Normal,ML Multivariate,18th Lok Sabha
18th Lok Sabha,7,Lok Sabha,13,Mizoram,297,MIZORAM (ST),3042423,RICHARD VANLALHMANGAIHA,14.7,10.1494,9.5954,1.41,8.58,0.0,174.0,169.0,24.0,58.36734693877551,94.54154925414309,14.201183431952662,False,-1,Potential Anomaly,-0.026591692450323223,Unusual combination of financial and implementation indicators,Normal,Normal,Normal,ML Multivariate,18th Lok Sabha
18th Lok Sabha,7,Lok Sabha,24,Nagaland,298,NAGALAND,3045278,S SUPONGMEREN JAMIR,14.7,9.8,9.8,8.83,9.51,0.0,39.0,39.0,37.0,64.6938775510204,100.0,94.87179487179486,False,-1,Potential Anomaly,-0.08075540978122298,Unusual combination of financial and implementation indicators,Normal,Normal,Normal,ML Multivariate,18th Lok Sabha
18th Lok Sabha,7,Lok Sabha,25,Odisha,299,CUTTACK,3017437,Shri Bhartruhari Mahtab,14.7,10.2182,8.0894,1.3175,2.39,0.0,302.0,262.0,58.0,16.258503401360546,79.16658511283788,22.137404580152673,False,1,Normal,0.07275286213551213,No unusual pattern detected,Normal,Normal,Normal,No Unusual Pattern,18th Lok Sabha
18th Lok Sabha,7,Lok Sabha,25,Odisha,300,JAGATSINGHPUR(SC),3042427,BIBHU PRASAD TARAI,14.7,9.521,6.086,0.02,0.5926,0.0,239.0,161.0,1.0,4.031292517006803,63.9218569477996,0.6211180124223602,False,1,Normal,0.039002030760819706,No unusual pattern detected,Normal,Normal,Normal,No Unusual Pattern,18th Lok Sabha
18th Lok Sabha,7,Lok Sabha,25,Odisha,301,ASKA,3043719,ANITA SUBHADARSHINI,14.7,4.97,4.97,0.52,0.7834,0.0,140.0,140.0,13.0,5.329251700680272,100.0,9.285714285714286,False,-1,Potential Anomaly,-0.017148170564854848,Unusual combination of financial and implementation indicators,Normal,Normal,Normal,ML Multivariate,18th Lok Sabha
18th Lok Sabha,7,Lok Sabha,25,Odisha,303,BOLANGIR,3017438,Smt Sangeeta Kumari Singh Deo,14.7,7.945,5.955,0.0,0.1233,0.0,228.0,173.0,0.0,0.8387755102040817,74.95280050346129,0.0,False,1,Normal,0.01436449543541335,No unusual pattern detected,Normal,Normal,Normal,No Unusual Pattern,18th Lok Sabha
18th Lok Sabha,7,Lok Sabha,25,Odisha,304,BALASORE,3018389,Pratap Chandra Sarangi,14.71,1.7966,0.3025,0.0,0.2525,0.0,55.0,11.0,0.0,1.7165193745751188,16.837359456751642,0.0,False,-1,Potential Anomaly,-0.03421470162660767,Unusual combination of financial and implementation indicators,Normal,Normal,Normal,ML Multivariate,18th Lok Sabha
18th Lok Sabha,7,Lok Sabha,25,Odisha,305,NABARANGPUR(ST),3042433,BALABHADRA MAJHI,14.74,9.795,7.255,0.1,0.664,0.0,220.0,179.0,2.0,4.504748982360923,74.0684022460439,1.1173184357541899,False,1,Normal,0.02875874244014842,No unusual pattern detected,Normal,Normal,Normal,No Unusual Pattern,18th Lok Sabha
18th Lok Sabha,7,Lok Sabha,25,Odisha,306,KEONJHAR(ST),3042431,ANANTA NAYAK,14.7,10.3435,5.56,0.13,1.64,0.0,264.0,166.0,4.0,11.156462585034014,53.75356504084691,2.4096385542168677,False,1,Normal,0.042177020380144536,No unusual pattern detected,Normal,Normal,Normal,No Unusual Pattern,18th Lok Sabha
18th Lok Sabha,7,Lok Sabha,25,Odisha,307,KALAHANDI,3042429,MALVIKA DEVI,14.7,10.3289,5.5944,3.6698,3.86,0.0,320.0,214.0,93.0,26.258503401360546,54.16259233800308,43.45794392523364,False,1,Normal,0.013757616651292492,No unusual pattern detected,Normal,Normal,Normal,No Unusual Pattern,18th Lok Sabha
18th Lok Sabha,7,Lok Sabha,25,Odisha,308,PURI,3042434,SAMBIT PATRA,14.7,8.4889,6.2309,2.2639,3.04,0.0,670.0,618.0,456.0,20.68027210884354,73.4005583762325,73.7864077669903,False,-1,Potential Anomaly,-0.029647954206830862,Unusual combination of financial and implementation indicators,Normal,Normal,Normal,ML Multivariate,18th Lok Sabha
18th Lok Sabha,7,Lok Sabha,25,Odisha,309,SAMBALPUR,3042435,DHARMENDRA PRADHAN,14.7,9.7553,6.3753,0.5753,0.6455,0.0,122.0,82.0,2.0,4.391156462585034,65.35216753969637,2.4390243902439024,False,1,Normal,0.03143097700068753,No unusual pattern detected,Normal,Normal,Normal,No Unusual Pattern,18th Lok Sabha
18th Lok Sabha,7,Lok Sabha,25,Odisha,310,JAJPUR(SC),3042428,RABINDRA NARAYAN BEHERA,14.71,6.809,2.094,0.0,0.5175,0.0,140.0,50.0,0.0,3.5180149558123723,30.75341459832574,0.0,False,1,Normal,0.012818923053055375,No unusual pattern detected,Normal,Normal,Normal,No Unusual Pattern,18th Lok Sabha
18th Lok Sabha,7,Lok Sabha,25,Odisha,311,SUNDARGARH (ST),3017435,Shri Jual Oram,17.31,11.3448,9.9818,0.496,5.43,1.0,194.0,176.0,8.0,31.369150779896017,87.98568507157465,4.545454545454546,False,1,Normal,0.04451943485753129,No unusual pattern detected,Normal,Normal,Normal,No Unusual Pattern,18th Lok Sabha
18th Lok Sabha,7,Lok Sabha,25,Odisha,312,BHADRAK(SC),3042795,AVIMANYU SETHI,14.7,8.8295,5.5912,0.48,1.31,0.0,271.0,203.0,12.0,8.91156462585034,63.324084036468655,5.911330049261084,False,1,Normal,0.04933799170239517,No unusual pattern detected,Normal,Normal,Normal,No Unusual Pattern,18th Lok Sabha
18th Lok Sabha,7,Lok Sabha,25,Odisha,313,KENDRAPARA,3042430,BAIJAYANT PANDA,14.7,8.907,4.67,0.58,1.08,0.0,56.0,37.0,7.0,7.346938775510205,52.43067250477152,18.91891891891892,False,1,Normal,0.030330843029120536,No unusual pattern detected,Normal,Normal,Normal,No Unusual Pattern,18th Lok Sabha
18th Lok Sabha,7,Lok Sabha,25,Odisha,314,MAYURBHANJ (ST),3042432,NABA CHARAN MAJHI,14.76,9.51,5.19,0.93,2.17,0.0,154.0,88.0,18.0,14.70189701897019,54.57413249211357,20.454545454545457,False,1,Normal,0.05164705583121881,No unusual pattern detected,Normal,Normal,Normal,No Unusual Pattern,18th Lok Sabha
18th Lok Sabha,7,Lok Sabha,25,Odisha,315,BARGARH,3042424,PRADEEP PUROHIT,14.7,9.3871,7.4771,1.0021,1.53,0.0,231.0,187.0,29.0,10.408163265306124,79.65292795432029,15.508021390374333,False,1,Normal,0.05675318611941793,No unusual pattern detected,Normal,Normal,Normal,No Unusual Pattern,18th Lok Sabha
18th Lok Sabha,7,Lok Sabha,25,Odisha,316,KANDHAMAL,3043546,SUKANTA KUMAR PANIGRAHI,19.07,8.8489,7.5199,1.6299,4.55,0.0,289.0,256.0,47.0,23.859465128474042,84.98118410197877,18.359375,False,1,Normal,0.07211787801936625,No unusual pattern detected,Normal,Normal,Normal,No Unusual Pattern,18th Lok Sabha
18th Lok Sabha,7,Lok Sabha,25,Odisha,317,BHUBANESWAR,3017373,Smt Aparajita Sarangi,14.74,9.795,6.93,0.3,1.9,0.0,274.0,198.0,19.0,12.890094979647218,70.75038284839204,9.595959595959595,False,1,Normal,0.06408073567035105,No unusual pattern detected,Normal,Normal,Normal,No Unusual Pattern,18th Lok Sabha
18th Lok Sabha,7,Lok Sabha,25,Odisha,318,DHENKANAL,3042426,RUDRA NARAYAN PANY,15.5,5.6337,1.6882,0.0,0.0,0.0,73.0,20.0,0.0,0.0,29.96609688126808,0.0,False,-1,Potential Anomaly,-0.022775489632869794,Unusual combination of financial and implementation indicators,Normal,Normal,Normal,ML Multivariate,18th Lok Sabha
18th Lok Sabha,7,Lok Sabha,25,Odisha,319,KORAPUT(ST),3018390,Saptagiri Sankar Ulaka,26.95,17.526,7.592,3.256,5.17,0.0,545.0,247.0,103.0,19.183673469387756,43.31849823119936,41.70040485829959,False,-1,Potential Anomaly,-0.008442592224941814,Unusual combination of financial and implementation indicators,Normal,Normal,Normal,ML Multivariate,18th Lok Sabha
18th Lok Sabha,7,Lok Sabha,26,Puducherry,547,Puducherry,3019122,Vaithilingam Ve,20.94,12.5014,3.8734,0.2725,2.48,0.0,68.0,20.0,3.0,11.843361986628462,30.98372982225991,15.0,False,-1,Potential Anomaly,-0.006940016821794126,Unusual combination of financial and implementation indicators,Normal,Normal,Normal,ML Multivariate,18th Lok Sabha
18th Lok Sabha,7,Lok Sabha,1,Punjab,321,BHATINDA,3019127,Smt Harsimrat Kaur Badal,15.98,11.0705,10.9805,3.6429,7.3,0.0,315.0,310.0,114.0,45.68210262828536,99.1870285894946,36.774193548387096,False,1,Normal,0.023355261086025425,No unusual pattern detected,Normal,Normal,Normal,No Unusual Pattern,18th Lok Sabha
18th Lok Sabha,7,Lok Sabha,1,Punjab,322,GURDASPUR,3042439,SUKHJINDER SINGH RANDHAWA,14.7,9.6311,8.4169,0.8561,4.54,0.0,281.0,257.0,56.0,30.8843537414966,87.39292500337449,21.78988326848249,False,1,Normal,0.07613197083318002,No unusual pattern detected,Normal,Normal,Normal,No Unusual Pattern,18th Lok Sabha
18th Lok Sabha,7,Lok Sabha,1,Punjab,323,AMRITSAR,3017446,Shri Gurjeet Singh Aujla,14.7,8.7609,8.1393,3.0817,5.4,0.7067,225.0,207.0,74.0,36.734693877551024,92.9048385439852,35.748792270531396,False,1,Normal,0.06376772749441911,No unusual pattern detected,Normal,Normal,Normal,No Unusual Pattern,18th Lok Sabha
18th Lok Sabha,7,Lok Sabha,1,Punjab,324,HOSHIARPUR(SC),3042440,DR. RAJ KUMAR CHABBEWAL,14.7,9.6774,9.544,3.2311,6.54,0.0,250.0,247.0,88.0,44.48979591836735,98.62153057639449,35.62753036437247,False,1,Normal,0.024789639583717826,No unusual pattern detected,Normal,Normal,Normal,No Unusual Pattern,18th Lok Sabha
18th Lok Sabha,7,Lok Sabha,1,Punjab,325,FIROZPUR,3042438,SHER SINGH GHUBAYA,14.7,9.7908,9.7908,6.9204,7.88,0.0,394.0,394.0,290.0,53.60544217687075,100.0,73.60406091370558,False,-1,Potential Anomaly,-0.03231040189971646,Unusual combination of financial and implementation indicators,Normal,Normal,Normal,ML Multivariate,18th Lok Sabha
18th Lok Sabha,7,Lok Sabha,1,Punjab,326,FATEHGARH SAHIB(SC),3017445,Shri Amar Singh,14.7,8.1125,7.0415,1.5814,3.48,0.0,228.0,204.0,47.0,23.6734693877551,86.79815100154083,23.03921568627451,False,1,Normal,0.07988535622015436,No unusual pattern detected,Normal,Normal,Normal,No Unusual Pattern,18th Lok Sabha
18th Lok Sabha,7,Lok Sabha,1,Punjab,327,SANGRUR,3042913,GURMEET SINGH MEET HAYER,14.7,8.3298,7.7123,2.5583,4.45,0.75,318.0,311.0,117.0,30.272108843537417,92.58685682729477,37.62057877813505,False,1,Normal,0.06233841196437567,No unusual pattern detected,Normal,Normal,Normal,No Unusual Pattern,18th Lok Sabha
18th Lok Sabha,7,Lok Sabha,1,Punjab,328,PATIALA,3043498,DR DHARAMVIRA GANDHI,14.7,9.2025,7.7179,0.549,4.38,0.0,328.0,271.0,22.0,29.795918367346943,83.86742732953002,8.118081180811808,False,1,Normal,0.05529944804189485,No unusual pattern detected,Normal,Normal,Normal,No Unusual Pattern,18th Lok Sabha
18th Lok Sabha,7,Lok Sabha,1,Punjab,329,ANANDPUR SAHIB,3042796,MALVINDER SINGH KANG,14.7,11.4229,9.3429,3.4512,5.91,0.0,315.0,259.0,96.0,40.204081632653065,81.79096376576877,37.06563706563706,False,1,Normal,0.049863553526586835,No unusual pattern detected,Normal,Normal,Normal,No Unusual Pattern,18th Lok Sabha
18th Lok Sabha,7,Lok Sabha,1,Punjab,330,FARIDKOT(SC),3042437,SARABJEET SINGH KHALSA,15.09,10.107,9.987,4.9255,8.22,0.0,432.0,426.0,225.0,54.473161033797226,98.81270406648858,52.816901408450704,False,-1,Potential Anomaly,-0.002464408776756133,Unusual combination of financial and implementation indicators,Normal,Normal,Normal,ML Multivariate,18th Lok Sabha
18th Lok Sabha,7,Lok Sabha,1,Punjab,331,JALANDHAR(SC),3042441,CHARANJIT SINGH CHANNI,14.7,3.9824,3.9824,1.4425,2.4,0.0,154.0,154.0,49.0,16.3265306122449,100.0,31.818181818181817,False,1,Normal,0.017547851629481026,No unusual pattern detected,Normal,Normal,Normal,No Unusual Pattern,18th Lok Sabha
18th Lok Sabha,7,Lok Sabha,1,Punjab,332,LUDHIANA,3042442,AMRINDER SINGH RAJA WARRING,14.7,9.2578,7.7561,1.3604,3.0,0.0,241.0,195.0,46.0,20.408163265306122,83.77908358357277,23.589743589743588,False,1,Normal,0.07510071991646716,No unusual pattern detected,Normal,Normal,Normal,No Unusual Pattern,18th Lok Sabha
18th Lok Sabha,7,Lok Sabha,28,Rajasthan,334,AJMER,3019130,Bhagirath Chaudhary,14.7,9.9515,6.9518,2.0702,4.17,0.0,147.0,109.0,34.0,28.367346938775512,69.85680550670754,31.19266055045872,False,1,Normal,0.06869723091814045,No unusual pattern detected,Normal,Normal,Normal,No Unusual Pattern,18th Lok Sabha
18th Lok Sabha,7,Lok Sabha,28,Rajasthan,335,BARMER,3042445,UMMEDA RAM BENIWAL,14.7,9.6811,8.9862,2.0149,5.66,0.0,166.0,161.0,71.0,38.50340136054422,92.82209666256934,44.099378881987576,False,1,Normal,0.04906540051527192,No unusual pattern detected,Normal,Normal,Normal,No Unusual Pattern,18th Lok Sabha
18th Lok Sabha,7,Lok Sabha,28,Rajasthan,336,JHALAWAR-BARAN,3019133,Dushyant Singh,14.7,0.77,0.72,0.0,0.5015,0.0,5.0,4.0,0.0,3.41156462585034,93.5064935064935,0.0,False,1,Normal,0.012576744697479103,No unusual pattern detected,Normal,Normal,Normal,No Unusual Pattern,18th Lok Sabha
18th Lok Sabha,7,Lok Sabha,28,Rajasthan,337,KOTA,3019138,Om Birla,14.7,4.3374,3.7974,0.8174,2.51,0.0,52.0,44.0,9.0,17.074829931972786,87.55014524830544,20.454545454545457,False,1,Normal,0.06394356181620575,No unusual pattern detected,Normal,Normal,Normal,No Unusual Pattern,18th Lok Sabha
18th Lok Sabha,7,Lok Sabha,28,Rajasthan,338,NAGAUR,3017451,Shri Hanuman Beniwal,14.7,9.7927,7.1857,3.5901,5.75,0.0,250.0,214.0,156.0,39.1156462585034,73.37812860600242,72.89719626168224,False,-1,Potential Anomaly,-0.017154874127174646,Unusual combination of financial and implementation indicators,Normal,Normal,Normal,ML Multivariate,18th Lok Sabha
18th Lok Sabha,7,Lok Sabha,28,Rajasthan,339,UDAIPUR(ST),3042457,MANNA LAL RAWAT,14.7,6.3523,5.0348,1.935,3.29,0.0,175.0,116.0,19.0,22.380952380952383,79.25948081797144,16.379310344827587,False,1,Normal,0.08077075881778478,No unusual pattern detected,Normal,Normal,Normal,No Unusual Pattern,18th Lok Sabha
18th Lok Sabha,7,Lok Sabha,28,Rajasthan,340,DAUSA(ST),3042448,MURARI LAL MEENA,14.7,5.3059,3.359,0.2936,1.25,0.0,75.0,47.0,3.0,8.503401360544217,63.30688478863152,6.382978723404255,False,1,Normal,0.045963307786425156,No unusual pattern detected,Normal,Normal,Normal,No Unusual Pattern,18th Lok Sabha
18th Lok Sabha,7,Lok Sabha,28,Rajasthan,341,CHITTORGARH,3019131,Chandra Prakash Joshi,14.7,1.0446,0.6491,0.2191,0.3974,0.0,18.0,15.0,8.0,2.703401360544218,62.13861765269003,53.333333333333336,False,-1,Potential Anomaly,-0.047227930654892614,Unusual combination of financial and implementation indicators,Normal,Normal,Normal,ML Multivariate,18th Lok Sabha
18th Lok Sabha,7,Lok Sabha,28,Rajasthan,342,CHURU,3019139,Rahul Kaswan,14.7,9.7482,9.1482,0.799,4.8,0.0,117.0,109.0,14.0,32.6530612244898,93.84501754169999,12.844036697247708,False,1,Normal,0.054661902368247584,No unusual pattern detected,Normal,Normal,Normal,No Unusual Pattern,18th Lok Sabha
18th Lok Sabha,7,Lok Sabha,28,Rajasthan,344,BIKANER(SC),3017449,Shri Arjun Ram Meghwal,14.7,7.554,6.254,0.8616,2.6,0.0,58.0,51.0,7.0,17.687074829931973,82.79057453005029,13.725490196078432,False,1,Normal,0.0637819754273396,No unusual pattern detected,Normal,Normal,Normal,No Unusual Pattern,18th Lok Sabha
18th Lok Sabha,7,Lok Sabha,28,Rajasthan,345,JALORE,3042451,LUMBARAM,14.7,7.8728,6.9628,2.4156,5.63,0.0,159.0,138.0,50.0,38.29931972789116,88.44121532364598,36.231884057971016,False,1,Normal,0.06089394246772034,No unusual pattern detected,Normal,Normal,Normal,No Unusual Pattern,18th Lok Sabha
18th Lok Sabha,7,Lok Sabha,28,Rajasthan,346,SIKAR,3042455,AMRARAM,16.57,7.2738,6.4388,1.6783,3.35,0.0,141.0,126.0,32.0,20.217260108630057,88.52044323462289,25.396825396825395,False,1,Normal,0.07065482586485672,No unusual pattern detected,Normal,Normal,Normal,No Unusual Pattern,18th Lok Sabha
18th Lok Sabha,7,Lok Sabha,28,Rajasthan,347,JODHPUR,3019134,Gajendra Singh Shekhawat,14.7,0.744,0.644,0.0,0.0492,0.0,4.0,3.0,0.0,0.3346938775510204,86.55913978494624,0.0,False,-1,Potential Anomaly,-0.003825583061671578,Unusual combination of financial and implementation indicators,Normal,Normal,Normal,ML Multivariate,18th Lok Sabha
18th Lok Sabha,7,Lok Sabha,28,Rajasthan,348,BHARATPUR(SC),3042446,SANJNA JATAV,14.7,10.2224,7.2605,2.1154,4.95,0.0,199.0,144.0,41.0,33.673469387755105,71.02539521051808,28.47222222222222,False,1,Normal,0.06376011804530968,No unusual pattern detected,Normal,Normal,Normal,No Unusual Pattern,18th Lok Sabha
18th Lok Sabha,7,Lok Sabha,28,Rajasthan,349,RAJSAMAND,3042454,MAHIMA KUMARI MEWAR,18.39,8.8173,6.1573,0.7473,3.36,0.0,106.0,70.0,9.0,18.27079934747145,69.83203474986675,12.857142857142856,False,1,Normal,0.0692709892856414,No unusual pattern detected,Normal,Normal,Normal,No Unusual Pattern,18th Lok Sabha
18th Lok Sabha,7,Lok Sabha,28,Rajasthan,350,KARAULI-DHOLPUR(SC),3042453,BHAJAN LAL JATAV,14.7,2.9821,1.8021,0.3497,0.502,0.0,41.0,26.0,5.0,3.414965986394558,60.43056906207035,19.230769230769234,False,1,Normal,0.020120722778004307,No unusual pattern detected,Normal,Normal,Normal,No Unusual Pattern,18th Lok Sabha
18th Lok Sabha,7,Lok Sabha,28,Rajasthan,351,ALWAR,3042444,BHUPENDER YADAV,14.7,9.464,8.394,1.497,4.82,0.0,67.0,60.0,15.0,32.7891156462585,88.69399830938292,25.0,False,1,Normal,0.07584715983833734,No unusual pattern detected,Normal,Normal,Normal,No Unusual Pattern,18th Lok Sabha
18th Lok Sabha,7,Lok Sabha,28,Rajasthan,352,BANSWARA(ST),3042914,RAJ KUMAR ROAT,14.7,9.6784,8.9734,1.4464,5.77,0.0,88.0,81.0,16.0,39.25170068027211,92.7157381385353,19.753086419753085,False,1,Normal,0.05437086083392134,No unusual pattern detected,Normal,Normal,Normal,No Unusual Pattern,18th Lok Sabha
18th Lok Sabha,7,Lok Sabha,28,Rajasthan,353,BHILWARA,3042447,DAMODAR AGARWAL,14.7,9.6447,8.2607,1.6473,4.59,0.0,222.0,199.0,44.0,31.22448979591837,85.65014982321897,22.110552763819097,False,1,Normal,0.0719755498046335,No unusual pattern detected,Normal,Normal,Normal,No Unusual Pattern,18th Lok Sabha
18th Lok Sabha,7,Lok Sabha,28,Rajasthan,354,JHUNJHUNU,3042452,BRIJENDRA SINGH OLA,14.7,7.8336,7.1565,3.4975,5.23,0.0,155.0,143.0,73.0,35.57823129251701,91.35646446078432,51.048951048951054,False,1,Normal,0.04627532173486776,No unusual pattern detected,Normal,Normal,Normal,No Unusual Pattern,18th Lok Sabha
18th Lok Sabha,7,Lok Sabha,28,Rajasthan,355,GANGANAGAR(SC),3042449,KULDEEP INDORA,14.7,4.7893,3.8819,0.0599,0.6954,0.0,63.0,50.0,1.0,4.7306122448979595,81.0535986469839,2.0,False,1,Normal,0.016966649440803727,No unusual pattern detected,Normal,Normal,Normal,No Unusual Pattern,18th Lok Sabha
18th Lok Sabha,7,Lok Sabha,28,Rajasthan,356,JAIPUR RURAL,3044260,Rao Rajendra Singh,14.7,4.432,2.085,0.518,1.11,0.0,74.0,23.0,8.0,7.551020408163267,47.0442238267148,34.78260869565217,False,-1,Potential Anomaly,-0.019169292944920757,Unusual combination of financial and implementation indicators,Normal,Normal,Normal,ML Multivariate,18th Lok Sabha
18th Lok Sabha,7,Lok Sabha,28,Rajasthan,357,JAIPUR,3042450,MANJU SHARMA,14.7,7.8813,4.1018,0.3338,1.93,0.0,55.0,32.0,4.0,13.129251700680273,52.04471343560072,12.5,False,1,Normal,0.05515484581608093,No unusual pattern detected,Normal,Normal,Normal,No Unusual Pattern,18th Lok Sabha
18th Lok Sabha,7,Lok Sabha,28,Rajasthan,358,PALI,3017454,Shri PP Chaudhary,14.7,2.6355,2.4655,0.2898,1.21,0.0,34.0,32.0,5.0,8.231292517006802,93.54961107949156,15.625,False,1,Normal,0.013297726718004,No unusual pattern detected,Normal,Normal,Normal,No Unusual Pattern,18th Lok Sabha
18th Lok Sabha,7,Lok Sabha,29,Sikkim,359,SIKKIM,3017174,Indra Hang Subba,15.2,10.283,10.078,2.4377,9.46,0.0,68.0,61.0,10.0,62.236842105263165,98.00641836040066,16.39344262295082,False,-1,Potential Anomaly,-0.04539654213070399,Unusual combination of financial and implementation indicators,Normal,Normal,Normal,ML Multivariate,18th Lok Sabha
18th Lok Sabha,7,Lok Sabha,30,Tamil Nadu,360,TIRUNELVELI,3042474,ROBERT BRUCE C,14.75,9.7574,4.7405,1.7318,4.14,0.0,108.0,64.0,14.0,28.067796610169488,48.58363908418226,21.875,False,1,Normal,0.004974662222207882,No unusual pattern detected,Normal,Normal,Normal,No Unusual Pattern,18th Lok Sabha
18th Lok Sabha,7,Lok Sabha,30,Tamil Nadu,361,KANCHEEPURAM(SC),3019154,Ganesan Selvam,18.65,13.7205,10.1125,3.6953,9.13,0.0,302.0,277.0,78.0,48.954423592493306,73.70358223096827,28.158844765342963,False,1,Normal,0.0022842825110754306,No unusual pattern detected,Normal,Normal,Normal,No Unusual Pattern,18th Lok Sabha
18th Lok Sabha,7,Lok Sabha,30,Tamil Nadu,362,SRIPERUMBUDUR,3019166,Thalikkottai Rajuthevar Baalu,19.69,14.467,9.0642,2.4541,5.13,0.0,127.0,84.0,20.0,26.0538344337227,62.65431672081287,23.809523809523807,False,1,Normal,0.0587652998345124,No unusual pattern detected,Normal,Normal,Normal,No Unusual Pattern,18th Lok Sabha
18th Lok Sabha,7,Lok Sabha,30,Tamil Nadu,363,MADURAI,3019162,S Venkatesan,14.7,8.2677,6.2077,1.1344,2.8,0.0,124.0,100.0,16.0,19.047619047619047,75.08375969132891,16.0,False,1,Normal,0.06986746698132451,No unusual pattern detected,Normal,Normal,Normal,No Unusual Pattern,18th Lok Sabha
18th Lok Sabha,7,Lok Sabha,30,Tamil Nadu,364,ARAKKONAM,3017175,S. Jagathrakshakan,18.06,12.8172,3.8552,1.0447,3.17,0.0,148.0,43.0,11.0,17.552602436323365,30.078332241051086,25.581395348837212,False,-1,Potential Anomaly,-0.03642578671287733,Unusual combination of financial and implementation indicators,Normal,Normal,Normal,ML Multivariate,18th Lok Sabha
18th Lok Sabha,7,Lok Sabha,30,Tamil Nadu,365,VELLORE,3019994,D M Kathir Anand,16.02,9.4861,7.7697,0.1097,2.28,0.0,86.0,71.0,1.0,14.232209737827715,81.90615743034544,1.4084507042253522,False,1,Normal,0.04078465159852074,No unusual pattern detected,Normal,Normal,Normal,No Unusual Pattern,18th Lok Sabha
18th Lok Sabha,7,Lok Sabha,30,Tamil Nadu,366,TIRUPPUR,3019156,K Subbarayan,14.7,13.608,7.89,5.132,7.63,0.0,113.0,70.0,50.0,51.90476190476191,57.98059964726631,71.42857142857143,False,-1,Potential Anomaly,-0.091387090239619,Unusual combination of financial and implementation indicators,Normal,Normal,Normal,ML Multivariate,18th Lok Sabha
18th Lok Sabha,7,Lok Sabha,30,Tamil Nadu,367,CHIDAMBARAM(SC),3019167,Thirumaa Valavan Thol,14.7,9.788,7.081,1.7794,5.03,0.0,81.0,61.0,20.0,34.21768707482993,72.3436861463016,32.78688524590164,False,1,Normal,0.06300362064943371,No unusual pattern detected,Normal,Normal,Normal,No Unusual Pattern,18th Lok Sabha
18th Lok Sabha,7,Lok Sabha,30,Tamil Nadu,368,TENKASI(SC),3042471,DR RANI SRI KUMAR,15.31,10.2618,9.1083,8.1543,9.09,0.0,127.0,109.0,91.0,59.37295885042455,88.75928199731042,83.4862385321101,False,-1,Potential Anomaly,-0.07201199310151629,Unusual combination of financial and implementation indicators,Normal,Normal,Normal,ML Multivariate,18th Lok Sabha
18th Lok Sabha,7,Lok Sabha,30,Tamil Nadu,370,NAMAKKAL,3045569,V S Matheswaran,16.25,11.3413,10.7573,6.5707,7.11,0.0,175.0,168.0,96.0,43.753846153846155,94.85067849364711,57.14285714285714,False,1,Normal,0.029951659451182,No unusual pattern detected,Normal,Normal,Normal,No Unusual Pattern,18th Lok Sabha
18th Lok Sabha,7,Lok Sabha,30,Tamil Nadu,371,CUDDALORE,3042460,M.K. VISHNUPRASAD,14.7,9.5432,8.6482,4.8192,6.07,0.0,106.0,100.0,57.0,41.292517006802726,90.62159443373291,56.99999999999999,False,1,Normal,0.03458437939605541,No unusual pattern detected,Normal,Normal,Normal,No Unusual Pattern,18th Lok Sabha
18th Lok Sabha,7,Lok Sabha,30,Tamil Nadu,372,TIRUCHIRAPPALLI,3042797,DURAI VAIKO,14.7,9.4167,5.6972,3.6997,4.87,0.0,78.0,56.0,39.0,33.12925170068027,60.50102477513353,69.64285714285714,False,-1,Potential Anomaly,-0.030228399183007126,Unusual combination of financial and implementation indicators,Normal,Normal,Normal,ML Multivariate,18th Lok Sabha
18th Lok Sabha,7,Lok Sabha,30,Tamil Nadu,373,VILUPPURAM(SC),3018394,D Ravikumar,17.35,12.1286,12.0486,8.8846,9.36,0.0,253.0,252.0,214.0,53.94812680115273,99.34040202496578,84.92063492063492,False,-1,Potential Anomaly,-0.06182563883389325,Unusual combination of financial and implementation indicators,Normal,Normal,Normal,ML Multivariate,18th Lok Sabha
18th Lok Sabha,7,Lok Sabha,30,Tamil Nadu,374,KALLAKURICHI,3042464,MALAIYARASAN D,17.67,12.7493,11.9553,11.4273,11.81,0.0,209.0,197.0,187.0,66.83644595359365,93.77220710156635,94.9238578680203,False,-1,Potential Anomaly,-0.11591886731745693,Unusual combination of financial and implementation indicators,Normal,Normal,Normal,ML Multivariate,18th Lok Sabha
18th Lok Sabha,7,Lok Sabha,30,Tamil Nadu,375,KRISHNAGIRI,3042466,GOPINATH K,14.7,9.9211,4.3675,0.4404,2.75,0.0,117.0,50.0,5.0,18.70748299319728,44.0223362328774,10.0,False,1,Normal,0.019212877689288532,No unusual pattern detected,Normal,Normal,Normal,No Unusual Pattern,18th Lok Sabha
18th Lok Sabha,7,Lok Sabha,30,Tamil Nadu,376,VIRUDHUNAGAR,3019158,Manickam Tagore B,14.7,9.7593,7.6573,1.3023,7.2,0.0,86.0,68.0,10.0,48.9795918367347,78.4615699896509,14.705882352941178,False,1,Normal,0.00103231491493877,No unusual pattern detected,Normal,Normal,Normal,No Unusual Pattern,18th Lok Sabha
18th Lok Sabha,7,Lok Sabha,30,Tamil Nadu,377,THENI,3042473,THANGA TAMILSELVAN,14.7,9.5274,3.3549,0.0999,2.8,0.0,85.0,32.0,1.0,19.047619047619047,35.2131746331633,3.125,False,-1,Potential Anomaly,-0.020876233177766657,Unusual combination of financial and implementation indicators,Normal,Normal,Normal,ML Multivariate,18th Lok Sabha
18th Lok Sabha,7,Lok Sabha,30,Tamil Nadu,378,CHENNAI CENTRAL,3017455,Thiru Dayanidhi Maran,14.7,8.1,2.6,0.0,2.56,0.0,11.0,4.0,0.0,17.41496598639456,32.098765432098766,0.0,False,-1,Potential Anomaly,-0.01780850494354691,Unusual combination of financial and implementation indicators,Normal,Normal,Normal,ML Multivariate,18th Lok Sabha
18th Lok Sabha,7,Lok Sabha,30,Tamil Nadu,379,CHENNAI NORTH,3019643,Kalanidhi Veeraswamy,17.15,12.1128,9.5338,0.69,5.81,0.0,74.0,57.0,7.0,33.87755102040816,78.70847368073443,12.280701754385964,False,1,Normal,0.06450106836448677,No unusual pattern detected,Normal,Normal,Normal,No Unusual Pattern,18th Lok Sabha
18th Lok Sabha,7,Lok Sabha,30,Tamil Nadu,380,CHENNAI SOUTH,3018396,T Sumathy (A) Thamizhachi Thangapandian,14.7,9.7896,6.0311,0.1296,2.38,0.0,28.0,23.0,1.0,16.19047619047619,61.60721582087113,4.3478260869565215,False,1,Normal,0.061669444856046196,No unusual pattern detected,Normal,Normal,Normal,No Unusual Pattern,18th Lok Sabha
18th Lok Sabha,7,Lok Sabha,30,Tamil Nadu,381,MAYILADUTHURAI,3044147,SUDHA R,14.73,9.7129,4.9523,0.4898,2.35,0.0,150.0,71.0,7.0,15.953835709436524,50.98683194514512,9.859154929577464,False,1,Normal,0.04652679713504643,No unusual pattern detected,Normal,Normal,Normal,No Unusual Pattern,18th Lok Sabha
18th Lok Sabha,7,Lok Sabha,30,Tamil Nadu,382,THANJAVUR,3042472,MURASOLI S,14.7,9.7461,9.7461,4.0998,6.73,0.0,66.0,66.0,27.0,45.78231292517007,100.0,40.909090909090914,False,1,Normal,0.021523171826011933,No unusual pattern detected,Normal,Normal,Normal,No Unusual Pattern,18th Lok Sabha
18th Lok Sabha,7,Lok Sabha,30,Tamil Nadu,383,ARANI,3042458,THARANIVENTHAN M S,16.83,11.922,11.304,7.9155,10.07,0.0,223.0,209.0,159.0,59.83363042186573,94.81630598892804,76.07655502392345,False,-1,Potential Anomaly,-0.044922740533563266,Unusual combination of financial and implementation indicators,Normal,Normal,Normal,ML Multivariate,18th Lok Sabha
18th Lok Sabha,7,Lok Sabha,30,Tamil Nadu,384,TIRUVANNAMALAI,3019242,CN Annadurai,14.86,9.9181,9.0876,5.0966,8.0,0.0,195.0,183.0,124.0,53.83580080753701,91.62642038293625,67.75956284153006,False,-1,Potential Anomaly,-0.01676220600407896,Unusual combination of financial and implementation indicators,Normal,Normal,Normal,ML Multivariate,18th Lok Sabha
18th Lok Sabha,7,Lok Sabha,30,Tamil Nadu,385,KARUR,3019169,Smt S Jothimani,14.7,10.8488,6.5855,2.1509,3.78,0.0,144.0,114.0,53.0,25.71428571428571,60.702566182434914,46.49122807017544,False,1,Normal,0.03263678364934275,No unusual pattern detected,Normal,Normal,Normal,No Unusual Pattern,18th Lok Sabha
18th Lok Sabha,7,Lok Sabha,30,Tamil Nadu,386,DINDIGUL,3042462,SACHITHANANTHAM R,14.7,9.7933,9.3563,3.2758,7.32,0.0,80.0,78.0,27.0,49.79591836734694,95.53776561526757,34.61538461538461,False,1,Normal,0.03443655310998206,No unusual pattern detected,Normal,Normal,Normal,No Unusual Pattern,18th Lok Sabha
18th Lok Sabha,7,Lok Sabha,30,Tamil Nadu,387,KANNIYAKUMARI,3017458,Shri vijayakumar Vasanth,17.15,12.2097,6.0755,1.7995,4.69,0.0,103.0,55.0,24.0,27.34693877551021,49.75961735341573,43.63636363636363,False,-1,Potential Anomaly,-0.005730670412868455,Unusual combination of financial and implementation indicators,Normal,Normal,Normal,ML Multivariate,18th Lok Sabha
18th Lok Sabha,7,Lok Sabha,30,Tamil Nadu,388,ERODE,3042463,K E PRAKASH,14.7,9.6804,8.6534,6.4264,7.56,0.0,156.0,149.0,125.0,51.42857142857142,89.39093425891491,83.89261744966443,False,-1,Potential Anomaly,-0.063796079973505,Unusual combination of financial and implementation indicators,Normal,Normal,Normal,ML Multivariate,18th Lok Sabha
18th Lok Sabha,7,Lok Sabha,30,Tamil Nadu,389,DHARAMAPURI,3042461,MANI. A.,16.45,11.5394,11.4044,2.4196,4.88,0.0,198.0,196.0,43.0,29.66565349544073,98.83009515226095,21.93877551020408,False,1,Normal,0.039529971795347785,No unusual pattern detected,Normal,Normal,Normal,No Unusual Pattern,18th Lok Sabha
18th Lok Sabha,7,Lok Sabha,30,Tamil Nadu,390,COIMBATORE,3042459,GANAPATHY RAJKUMAR P,14.74,8.8567,4.4176,0.25,2.19,0.0,67.0,35.0,3.0,14.857530529172319,49.87862296340624,8.571428571428571,False,1,Normal,0.04629189913732029,No unusual pattern detected,Normal,Normal,Normal,No Unusual Pattern,18th Lok Sabha
18th Lok Sabha,7,Lok Sabha,30,Tamil Nadu,391,POLLACHI,3042468,ESWARASAMY K,14.72,9.6962,5.1732,1.2872,4.52,0.0,80.0,50.0,16.0,30.706521739130434,53.35285988325323,32.0,False,1,Normal,0.008629199024112577,No unusual pattern detected,Normal,Normal,Normal,No Unusual Pattern,18th Lok Sabha
18th Lok Sabha,7,Lok Sabha,30,Tamil Nadu,392,TIRUVALLUR(SC),3042475,Sasikanth Senthil,17.15,12.2239,7.4719,4.0819,6.0,0.0,187.0,131.0,70.0,34.98542274052478,61.125336431089906,53.43511450381679,False,-1,Potential Anomaly,-1.251665831547566e-05,Unusual combination of financial and implementation indicators,Normal,Normal,Normal,ML Multivariate,18th Lok Sabha
18th Lok Sabha,7,Lok Sabha,30,Tamil Nadu,393,THOOTHUKKUDI,3018395,Kanimozhi Karunanidhi,14.7,9.7999,5.1899,0.2699,3.36,0.0,41.0,20.0,2.0,22.857142857142858,52.95870366024143,10.0,False,1,Normal,0.04477458863885636,No unusual pattern detected,Normal,Normal,Normal,No Unusual Pattern,18th Lok Sabha
18th Lok Sabha,7,Lok Sabha,30,Tamil Nadu,394,SIVAGANGA,3017457,Shri Karti P Chidambaram,15.9,10.9733,9.3273,5.8288,8.82,0.0,150.0,130.0,92.0,55.471698113207545,84.99995443485551,70.76923076923077,False,-1,Potential Anomaly,-0.04046231005278067,Unusual combination of financial and implementation indicators,Normal,Normal,Normal,ML Multivariate,18th Lok Sabha
18th Lok Sabha,7,Lok Sabha,30,Tamil Nadu,395,RAMANATHAPURAM,3019157,Kani K Navas,14.7,6.76,4.162,1.111,3.66,0.0,101.0,70.0,19.0,24.89795918367347,61.56804733727811,27.142857142857142,False,1,Normal,0.059931968379975775,No unusual pattern detected,Normal,Normal,Normal,No Unusual Pattern,18th Lok Sabha
18th Lok Sabha,7,Lok Sabha,30,Tamil Nadu,396,NILGIRIS(SC),3019151,Andimuthu Raja,14.7,9.5303,6.1508,3.0903,5.78,0.25,115.0,76.0,43.0,39.31972789115646,64.53941638773176,56.57894736842105,False,-1,Potential Anomaly,-0.003665963839323938,Unusual combination of financial and implementation indicators,Normal,Normal,Normal,ML Multivariate,18th Lok Sabha
18th Lok Sabha,7,Lok Sabha,30,Tamil Nadu,397,NAGAPATTINAM(SC),3044992,SELVARAJ V,14.7,8.8644,6.0297,1.5365,3.51,0.0,73.0,55.0,24.0,23.877551020408163,68.02152429944496,43.63636363636363,False,1,Normal,0.049044086534776266,No unusual pattern detected,Normal,Normal,Normal,No Unusual Pattern,18th Lok Sabha
18th Lok Sabha,7,Lok Sabha,30,Tamil Nadu,398,PERAMBALUR,3042467,ARUN NEHRU,14.7,9.7453,7.7396,3.1446,6.34,0.0,71.0,59.0,18.0,43.12925170068027,79.41879675330672,30.508474576271187,False,1,Normal,0.044963510509259896,No unusual pattern detected,Normal,Normal,Normal,No Unusual Pattern,18th Lok Sabha
18th Lok Sabha,7,Lok Sabha,129,Telangana,399,ADILABAD(ST),3042476,GODAM NAGESH,14.7,7.687,4.7345,0.05,3.21,0.0,236.0,169.0,1.0,21.836734693877553,61.59099778847404,0.591715976331361,False,1,Normal,0.04641264641350168,No unusual pattern detected,Normal,Normal,Normal,No Unusual Pattern,18th Lok Sabha
18th Lok Sabha,7,Lok Sabha,129,Telangana,400,HYDERABAD,3019173,Asaduddin Owaisi,14.7,3.6847,1.9063,0.5657,0.7828,0.0,17.0,6.0,1.0,5.325170068027211,51.73555513338942,16.666666666666664,False,1,Normal,0.020944339032191506,No unusual pattern detected,Normal,Normal,Normal,No Unusual Pattern,18th Lok Sabha
18th Lok Sabha,7,Lok Sabha,129,Telangana,401,SECUNDERABAD,3019176,Kishan Reddy Gangapuram,14.7,5.3722,3.399,0.0,0.04,0.0,35.0,16.0,0.0,0.272108843537415,63.27016864599233,0.0,False,1,Normal,0.01377609820676573,No unusual pattern detected,Normal,Normal,Normal,No Unusual Pattern,18th Lok Sabha
18th Lok Sabha,7,Lok Sabha,129,Telangana,402,KARIMNAGAR,3019181,Sanjay Kumar Bandi,17.28,12.2362,8.793,0.4681,5.65,0.0,470.0,343.0,25.0,32.69675925925926,71.86054494042267,7.288629737609329,False,1,Normal,0.050953570758310474,No unusual pattern detected,Normal,Normal,Normal,No Unusual Pattern,18th Lok Sabha
18th Lok Sabha,7,Lok Sabha,129,Telangana,403,KHAMMAM,3042478,RAMASAHAYAM RAGHURAM REDDY,14.7,8.3279,2.2039,0.1899,1.17,0.0,252.0,54.0,3.0,7.959183673469387,26.464054563575452,5.555555555555555,False,-1,Potential Anomaly,-0.02260926264206964,Unusual combination of financial and implementation indicators,Normal,Normal,Normal,ML Multivariate,18th Lok Sabha
18th Lok Sabha,7,Lok Sabha,129,Telangana,404,MAHABUBNAGAR,3042480,ARUNA. D. K,14.7,9.5209,8.5509,1.6059,3.18,0.0,268.0,245.0,57.0,21.63265306122449,89.81188753164093,23.26530612244898,False,1,Normal,0.07572368021154302,No unusual pattern detected,Normal,Normal,Normal,No Unusual Pattern,18th Lok Sabha
18th Lok Sabha,7,Lok Sabha,129,Telangana,405,MEDAK,3045387,MADHAVANENI RAGHUNANDAN RAO,14.7,9.4664,3.9024,0.2994,2.43,0.0,146.0,58.0,9.0,16.53061224489796,41.223696442153305,15.517241379310345,False,1,Normal,0.022245789126651205,No unusual pattern detected,Normal,Normal,Normal,No Unusual Pattern,18th Lok Sabha
18th Lok Sabha,7,Lok Sabha,129,Telangana,406,NIZAMABAD,3019172,Arvind Dharmapuri,28.14,22.3814,15.9399,8.9286,15.04,0.0,695.0,497.0,302.0,53.447050461975834,71.21940539912606,60.7645875251509,False,-1,Potential Anomaly,-0.04484601321891113,Unusual combination of financial and implementation indicators,Normal,Normal,Normal,ML Multivariate,18th Lok Sabha
18th Lok Sabha,7,Lok Sabha,129,Telangana,407,CHELVELLA,3042477,KONDA VISHWESHWAR REDDY,18.64,11.2507,8.7467,2.4423,4.66,0.0,389.0,311.0,92.0,25.0,77.74360706444932,29.581993569131832,False,1,Normal,0.07745004373398867,No unusual pattern detected,Normal,Normal,Normal,No Unusual Pattern,18th Lok Sabha
18th Lok Sabha,7,Lok Sabha,129,Telangana,408,WARANGEL(SC),3045246,KADIYAM KAVYA,14.7,8.7287,6.3052,0.9057,2.26,0.0,212.0,155.0,24.0,15.374149659863946,72.23526985690883,15.483870967741936,False,1,Normal,0.07459636419282484,No unusual pattern detected,Normal,Normal,Normal,No Unusual Pattern,18th Lok Sabha
18th Lok Sabha,7,Lok Sabha,129,Telangana,409,MAHABUBABAD,3042479,BALRAM NAIK PORIKA,14.7,9.7804,7.0171,0.258,6.17,0.0,358.0,280.0,28.0,41.97278911564626,71.74655433315611,10.0,False,1,Normal,0.02356428736567795,No unusual pattern detected,Normal,Normal,Normal,No Unusual Pattern,18th Lok Sabha
18th Lok Sabha,7,Lok Sabha,129,Telangana,410,NAGARKURNOOL(SC),3043284,DR.MALLU RAVI,14.7,9.4668,8.5328,2.4318,4.42,0.0,193.0,171.0,109.0,30.068027210884356,90.13394177546796,63.74269005847953,False,1,Normal,0.006418285107382793,No unusual pattern detected,Normal,Normal,Normal,No Unusual Pattern,18th Lok Sabha
18th Lok Sabha,7,Lok Sabha,129,Telangana,411,MALKAJGIRI,3042481,EATALA RAJENDER,24.5,19.0606,11.7886,0.8596,1.9,0.0,219.0,138.0,12.0,7.755102040816326,61.84800058759955,8.695652173913043,False,1,Normal,0.043709596187204214,No unusual pattern detected,Normal,Normal,Normal,No Unusual Pattern,18th Lok Sabha
18th Lok Sabha,7,Lok Sabha,129,Telangana,412,ZAHIRABAD,3042482,SURESH KUMAR SHETKAR,14.7,9.0222,2.9266,0.4255,1.64,0.0,336.0,122.0,27.0,11.156462585034014,32.437764625036024,22.131147540983605,False,-1,Potential Anomaly,-0.012376080973179326,Unusual combination of financial and implementation indicators,Normal,Normal,Normal,ML Multivariate,18th Lok Sabha
18th Lok Sabha,7,Lok Sabha,129,Telangana,413,PEDDAPALLE,3045227,VAMSI KRISHNA GADDAM,14.85,4.5665,2.096,0.0,1.5,0.0,70.0,26.0,0.0,10.1010101010101,45.89948538267821,0.0,False,1,Normal,0.03063246453657137,No unusual pattern detected,Normal,Normal,Normal,No Unusual Pattern,18th Lok Sabha
18th Lok Sabha,7,Lok Sabha,129,Telangana,414,NALGONDA,3045216,KUNDURU RAGHUVEER,16.3,1.6168,1.1168,0.5268,0.6267,0.0,22.0,15.0,4.0,3.8447852760736194,69.07471548738249,26.666666666666668,False,1,Normal,0.011382878569909272,No unusual pattern detected,Normal,Normal,Normal,No Unusual Pattern,18th Lok Sabha
18th Lok Sabha,7,Lok Sabha,129,Telangana,415,BHONGIR,3043394,CHAMALA KIRAN KUMAR REDDY,14.7,8.1407,7.2008,2.7815,5.77,0.0,471.0,453.0,153.0,39.25170068027211,88.45430982593633,33.77483443708609,False,1,Normal,0.06584232056442507,No unusual pattern detected,Normal,Normal,Normal,No Unusual Pattern,18th Lok Sabha
18th Lok Sabha,7,Lok Sabha,31,Tripura,416,TRIPURA WEST,3042485,BIPLAB KUMAR DEB,14.7,9.5262,7.448,0.0,4.56,0.25,25.0,15.0,0.0,31.020408163265305,78.18437572169387,0.0,False,1,Normal,0.035408015874742516,No unusual pattern detected,Normal,Normal,Normal,No Unusual Pattern,18th Lok Sabha
18th Lok Sabha,7,Lok Sabha,31,Tripura,417,TRIPURA EAST(ST),3042484,KRITI DEVI DEBBARMAN,14.7,9.5286,4.0286,0.0,1.86,0.0,51.0,23.0,0.0,12.653061224489798,42.27903364607602,0.0,False,1,Normal,0.018896343975649488,No unusual pattern detected,Normal,Normal,Normal,No Unusual Pattern,18th Lok Sabha
18th Lok Sabha,7,Lok Sabha,33,Uttar Pradesh,418,ALIGARH,3017466,Shri Satish Kumar Gautam,14.7,9.7817,9.7817,2.4737,8.19,0.0,76.0,76.0,21.0,55.714285714285715,100.0,27.631578947368425,False,1,Normal,0.0003228101202144007,No unusual pattern detected,Normal,Normal,Normal,No Unusual Pattern,18th Lok Sabha
18th Lok Sabha,7,Lok Sabha,33,Uttar Pradesh,419,BARABANKI(SC),3042496,TANUJ PUNIA,14.82,9.8623,7.4244,2.9012,6.57,0.0,30.0,21.0,8.0,44.33198380566802,75.28061405554486,38.095238095238095,False,1,Normal,0.015214429571732413,No unusual pattern detected,Normal,Normal,Normal,No Unusual Pattern,18th Lok Sabha
18th Lok Sabha,7,Lok Sabha,33,Uttar Pradesh,420,ETAWAH(SC),3042503,JITENDRA KUMAR DOHARE,18.87,13.8977,13.1928,5.0042,10.45,0.0,412.0,396.0,184.0,55.37890832008478,94.92793771631277,46.464646464646464,False,1,Normal,0.008541503490088476,No unusual pattern detected,Normal,Normal,Normal,No Unusual Pattern,18th Lok Sabha
18th Lok Sabha,7,Lok Sabha,33,Uttar Pradesh,421,FATEHPUR,3042505,NARESH CHANDRA UTTAM PATEL,14.7,7.7921,6.6653,0.0,1.53,0.0,81.0,68.0,0.0,10.408163265306124,85.53919995893278,0.0,False,1,Normal,0.03240497143368054,No unusual pattern detected,Normal,Normal,Normal,No Unusual Pattern,18th Lok Sabha
18th Lok Sabha,7,Lok Sabha,33,Uttar Pradesh,422,FIROZABAD,3042506,AKSHAYA YADAV,14.7,9.7654,9.6154,4.7546,9.59,0.0,43.0,42.0,19.0,65.23809523809524,98.46396460974461,45.23809523809524,False,-1,Potential Anomaly,-0.057218584880246004,Unusual combination of financial and implementation indicators,Normal,Normal,Normal,ML Multivariate,18th Lok Sabha
18th Lok Sabha,7,Lok Sabha,33,Uttar Pradesh,423,BANSGAON(SC),3019202,Kamlesh Paswan,14.7,9.799,8.4924,0.0,0.3184,0.0,121.0,83.0,0.0,2.165986394557823,86.66598632513522,0.0,False,1,Normal,0.0184835429476789,No unusual pattern detected,Normal,Normal,Normal,No Unusual Pattern,18th Lok Sabha
18th Lok Sabha,7,Lok Sabha,33,Uttar Pradesh,424,GORAKHPUR,3019214,Ravindra Shyamnarayan Alias Ravi Kishan Shukla,14.7,2.1319,2.1319,0.0,1.17,0.0,9.0,9.0,0.0,7.959183673469387,100.0,0.0,False,-1,Potential Anomaly,-0.0022908619951329534,Unusual combination of financial and implementation indicators,Normal,Normal,Normal,ML Multivariate,18th Lok Sabha
18th Lok Sabha,7,Lok Sabha,33,Uttar Pradesh,425,HARDOI (SC),3019201,Jai Prakash,14.7,9.707,9.612,0.9228,8.24,0.0,24.0,23.0,1.0,56.054421768707485,99.02132481714226,4.3478260869565215,False,-1,Potential Anomaly,-0.03722876847701384,Unusual combination of financial and implementation indicators,Normal,Normal,Normal,ML Multivariate,18th Lok Sabha
18th Lok Sabha,7,Lok Sabha,33,Uttar Pradesh,426,MISRIKH(SC),3019244,Ashok Kumar Rawat,14.7,9.7037,9.6087,4.8615,8.58,0.0,4.0,3.0,2.0,58.36734693877551,99.02099199274504,66.66666666666666,False,-1,Potential Anomaly,-0.03457281524709577,Unusual combination of financial and implementation indicators,Normal,Normal,Normal,ML Multivariate,18th Lok Sabha
18th Lok Sabha,7,Lok Sabha,33,Uttar Pradesh,427,UNNAO,3018402,Swami Sachchidanandhari Sakshi ji Maharaj,14.7,9.711,7.672,1.4376,5.63,0.0,84.0,61.0,11.0,38.29931972789116,79.0031922562043,18.0327868852459,False,1,Normal,0.050955137130883066,No unusual pattern detected,Normal,Normal,Normal,No Unusual Pattern,18th Lok Sabha
18th Lok Sabha,7,Lok Sabha,33,Uttar Pradesh,428,JAUNPUR,3042511,BABU SINGH KUSHWAHA,14.7,9.7027,7.2942,1.1639,3.26,0.0,684.0,660.0,17.0,22.17687074829932,75.17701258412608,2.5757575757575757,False,1,Normal,0.05488139498059441,No unusual pattern detected,Normal,Normal,Normal,No Unusual Pattern,18th Lok Sabha
18th Lok Sabha,7,Lok Sabha,33,Uttar Pradesh,429,MACHHLISHAHR(SC),3042517,PRIYA SAROJ,14.7,9.7819,9.4819,3.4383,5.38,0.0,1358.0,1353.0,725.0,36.59863945578231,96.93311115427473,53.584626755358464,False,1,Normal,0.03249793250062982,No unusual pattern detected,Normal,Normal,Normal,No Unusual Pattern,18th Lok Sabha
18th Lok Sabha,7,Lok Sabha,33,Uttar Pradesh,430,MEERUT,3042518,ARUN GOVIL,14.7,9.7801,7.8899,2.6677,5.87,0.0,132.0,111.0,36.0,39.93197278911565,80.67299925358637,32.432432432432435,False,1,Normal,0.05844881185890022,No unusual pattern detected,Normal,Normal,Normal,No Unusual Pattern,18th Lok Sabha
18th Lok Sabha,7,Lok Sabha,33,Uttar Pradesh,431,ROBERTSGANJ(SC),3042524,CHHOTELAL,14.7,9.5167,9.496,2.4775,8.05,0.0,400.0,399.0,85.0,54.761904761904766,99.78248762701357,21.303258145363408,False,-1,Potential Anomaly,-0.006197930780913241,Unusual combination of financial and implementation indicators,Normal,Normal,Normal,ML Multivariate,18th Lok Sabha
18th Lok Sabha,7,Lok Sabha,33,Uttar Pradesh,432,AMROHA,3043720,KANWAR SINGH TANWAR,14.7,10.7317,9.7365,4.995,6.61,0.0,93.0,84.0,47.0,44.96598639455783,90.72653913173122,55.952380952380956,False,1,Normal,0.02799004211424455,No unusual pattern detected,Normal,Normal,Normal,No Unusual Pattern,18th Lok Sabha
18th Lok Sabha,7,Lok Sabha,33,Uttar Pradesh,433,GHOSI,3043598,RAJEEV RAI,14.7,9.5881,6.8111,2.7898,4.84,0.0,245.0,193.0,84.0,32.92517006802721,71.0370146327218,43.523316062176164,False,1,Normal,0.04279109233245265,No unusual pattern detected,Normal,Normal,Normal,No Unusual Pattern,18th Lok Sabha
18th Lok Sabha,7,Lok Sabha,33,Uttar Pradesh,434,SANT KABIR NAGAR,3042528,LAXMIKANT PAPPU NISHAD,14.7,9.0079,2.8372,0.1998,0.4598,0.0,590.0,35.0,2.0,3.127891156462585,31.496797255742187,5.714285714285714,False,-1,Potential Anomaly,-0.011486984412731438,Unusual combination of financial and implementation indicators,Normal,Normal,Normal,ML Multivariate,18th Lok Sabha
18th Lok Sabha,7,Lok Sabha,33,Uttar Pradesh,435,BAGHPAT,3042492,DR RAJKUMAR SANGWAN,14.7,8.364,4.5046,1.0012,2.02,0.0,117.0,55.0,15.0,13.741496598639458,53.85700621712098,27.27272727272727,False,1,Normal,0.039693771715482884,No unusual pattern detected,Normal,Normal,Normal,No Unusual Pattern,18th Lok Sabha
18th Lok Sabha,7,Lok Sabha,33,Uttar Pradesh,436,CHANDAULI,3042499,VIRENDRA SINGH,14.7,8.6361,8.3587,5.8578,7.2,0.0,27.0,25.0,9.0,48.9795918367347,96.78790194648047,36.0,False,1,Normal,0.02810261699477945,No unusual pattern detected,Normal,Normal,Normal,No Unusual Pattern,18th Lok Sabha
18th Lok Sabha,7,Lok Sabha,33,Uttar Pradesh,437,BADAUN,3042491,ADITYA YADAV,14.7,10.4569,9.5211,2.5366,6.73,0.0,104.0,99.0,35.0,45.78231292517007,91.05088506153832,35.35353535353536,False,1,Normal,0.03683855621788873,No unusual pattern detected,Normal,Normal,Normal,No Unusual Pattern,18th Lok Sabha
18th Lok Sabha,7,Lok Sabha,33,Uttar Pradesh,438,GONDA,3019203,Kirti Vardhan Singh,14.7,9.4956,9.4956,2.987,6.73,0.0,139.0,139.0,34.0,45.78231292517007,100.0,24.46043165467626,False,1,Normal,0.014351540947096897,No unusual pattern detected,Normal,Normal,Normal,No Unusual Pattern,18th Lok Sabha
18th Lok Sabha,7,Lok Sabha,33,Uttar Pradesh,439,KAISERGANJ,3043395,KARAN BHUSHAN SINGH,14.7,9.6108,9.6108,4.2303,8.71,0.0,73.0,73.0,30.0,59.251700680272116,100.0,41.0958904109589,False,-1,Potential Anomaly,-0.008863521243931749,Unusual combination of financial and implementation indicators,Normal,Normal,Normal,ML Multivariate,18th Lok Sabha
18th Lok Sabha,7,Lok Sabha,33,Uttar Pradesh,440,KANNAUJ,3043488,AKHILESH YADAV,14.7,10.796,4.9195,0.179,2.1,0.0,214.0,77.0,6.0,14.285714285714288,45.567802889959246,7.792207792207792,False,1,Normal,0.03022861368582802,No unusual pattern detected,Normal,Normal,Normal,No Unusual Pattern,18th Lok Sabha
18th Lok Sabha,7,Lok Sabha,33,Uttar Pradesh,441,MUZAFFARNAGAR,3042520,HARENDRA SINGH MALIK,14.7,9.7918,7.0014,0.0,3.85,0.0,183.0,107.0,0.0,26.190476190476193,71.50268592087257,0.0,False,1,Normal,0.044414159484587434,No unusual pattern detected,Normal,Normal,Normal,No Unusual Pattern,18th Lok Sabha
18th Lok Sabha,7,Lok Sabha,33,Uttar Pradesh,442,AGRA(SC),3017473,Prof SP Singh Baghel,14.7,9.7925,9.4125,7.5215,8.78,0.0,74.0,72.0,55.0,59.72789115646259,96.11947919326013,76.38888888888889,False,-1,Potential Anomaly,-0.04686682694340649,Unusual combination of financial and implementation indicators,Normal,Normal,Normal,ML Multivariate,18th Lok Sabha
18th Lok Sabha,7,Lok Sabha,33,Uttar Pradesh,443,FATEHPUR SIKRI,3019530,Rajkumar Chahar,14.7,9.6759,9.5259,9.5259,9.53,0.0,47.0,45.0,45.0,64.82993197278911,98.44975661178805,100.0,False,-1,Potential Anomaly,-0.12228944846687517,Unusual combination of financial and implementation indicators,Normal,Normal,Normal,ML Multivariate,18th Lok Sabha
18th Lok Sabha,7,Lok Sabha,33,Uttar Pradesh,444,ALLAHABAD,3042486,UJJWAL RAMAN SINGH,14.7,9.783,9.353,0.0,5.1,0.0,31.0,30.0,0.0,34.69387755102041,95.60462025963406,0.0,False,1,Normal,0.019500907518738286,No unusual pattern detected,Normal,Normal,Normal,No Unusual Pattern,18th Lok Sabha
18th Lok Sabha,7,Lok Sabha,33,Uttar Pradesh,445,PHULPUR,3042521,PRAVEEN PATEL,15.16,9.8137,9.8137,4.6475,7.14,0.0,24.0,24.0,13.0,47.0976253298153,100.0,54.166666666666664,False,1,Normal,0.011473929919676551,No unusual pattern detected,Normal,Normal,Normal,No Unusual Pattern,18th Lok Sabha
18th Lok Sabha,7,Lok Sabha,33,Uttar Pradesh,446,BAHRAICH(SC),3042493,ANAND KUMAR,14.7,8.8592,8.013,3.8304,5.61,0.0,73.0,70.0,32.0,38.163265306122454,90.44834748058516,45.714285714285715,False,1,Normal,0.04750921731315638,No unusual pattern detected,Normal,Normal,Normal,No Unusual Pattern,18th Lok Sabha
18th Lok Sabha,7,Lok Sabha,33,Uttar Pradesh,447,BALLIA,3042494,SANATAN PANDEY,18.04,12.8237,8.3741,1.4313,6.49,0.0,359.0,176.0,20.0,35.97560975609756,65.30174598594789,11.363636363636363,False,1,Normal,0.025612226885579792,No unusual pattern detected,Normal,Normal,Normal,No Unusual Pattern,18th Lok Sabha
18th Lok Sabha,7,Lok Sabha,33,Uttar Pradesh,448,SALEMPUR,3042526,RAMASHANKAR RAJBHAR,16.01,11.0632,7.8082,0.8911,5.32,0.0,210.0,158.0,31.0,33.22923173016864,70.57813290910406,19.62025316455696,False,1,Normal,0.06308934494773027,No unusual pattern detected,Normal,Normal,Normal,No Unusual Pattern,18th Lok Sabha
18th Lok Sabha,7,Lok Sabha,33,Uttar Pradesh,449,FARRUKHABAD,3019205,Mukesh Rajput,14.7,13.7154,9.6858,8.1153,9.25,0.0,295.0,249.0,200.0,62.925170068027214,70.61988713417034,80.32128514056225,False,-1,Potential Anomaly,-0.10167407455392219,Unusual combination of financial and implementation indicators,Normal,Normal,Normal,ML Multivariate,18th Lok Sabha
18th Lok Sabha,7,Lok Sabha,33,Uttar Pradesh,450,GHAZIABAD,3042507,ATUL GARG,15.53,6.6671,6.3633,2.1297,3.19,0.0,70.0,66.0,24.0,20.54088860270444,95.44329618574793,36.36363636363637,False,1,Normal,0.04749773602762991,No unusual pattern detected,Normal,Normal,Normal,No Unusual Pattern,18th Lok Sabha
18th Lok Sabha,7,Lok Sabha,33,Uttar Pradesh,451,AKBARPUR,3019196,Devendra Alias Bhole Singh,14.7,8.7452,8.7452,4.2374,4.51,0.0,136.0,136.0,62.0,30.680272108843536,100.0,45.588235294117645,False,1,Normal,0.03147149776337105,No unusual pattern detected,Normal,Normal,Normal,No Unusual Pattern,18th Lok Sabha
18th Lok Sabha,7,Lok Sabha,33,Uttar Pradesh,452,KANPUR,3042513,RAMESH AWASTHI,14.7,8.7193,8.7193,4.7899,5.11,0.0,93.0,93.0,47.0,34.761904761904766,100.0,50.53763440860215,False,1,Normal,0.026555112069470976,No unusual pattern detected,Normal,Normal,Normal,No Unusual Pattern,18th Lok Sabha
18th Lok Sabha,7,Lok Sabha,33,Uttar Pradesh,453,MATHURA,3019227,Smt Hema Malini,14.7,5.3438,3.8867,2.4996,3.29,0.0,59.0,44.0,22.0,22.380952380952383,72.73288670983196,50.0,False,1,Normal,0.03862349047109365,No unusual pattern detected,Normal,Normal,Normal,No Unusual Pattern,18th Lok Sabha
18th Lok Sabha,7,Lok Sabha,33,Uttar Pradesh,454,MIRZAPUR,3019225,Smt Anupriya Patel,14.7,7.1228,7.1228,0.0,2.58,0.0,10.0,10.0,0.0,17.551020408163268,100.0,0.0,False,1,Normal,0.00721558910570036,No unusual pattern detected,Normal,Normal,Normal,No Unusual Pattern,18th Lok Sabha
18th Lok Sabha,7,Lok Sabha,33,Uttar Pradesh,455,RAMPUR,3042523,MOHIBBULLAH,14.7,7.7489,5.8949,3.4258,5.73,0.0,335.0,232.0,95.0,38.9795918367347,76.0740234097743,40.94827586206897,False,1,Normal,0.036980913027044926,No unusual pattern detected,Normal,Normal,Normal,No Unusual Pattern,18th Lok Sabha
18th Lok Sabha,7,Lok Sabha,33,Uttar Pradesh,456,SITAPUR,3042529,RAKESH RATHOR,14.7,11.8516,9.6476,3.0301,8.6,0.0,56.0,47.0,20.0,58.50340136054422,81.40335482128997,42.5531914893617,False,-1,Potential Anomaly,-0.03824262842493298,Unusual combination of financial and implementation indicators,Normal,Normal,Normal,ML Multivariate,18th Lok Sabha
18th Lok Sabha,7,Lok Sabha,33,Uttar Pradesh,457,VARANASI,3017469,Shri Narendra Modi,16.21,10.3475,10.3475,4.2275,5.58,0.0,217.0,217.0,95.0,34.42319555829735,100.0,43.77880184331797,False,1,Normal,0.029720511241365766,No unusual pattern detected,Normal,Normal,Normal,No Unusual Pattern,18th Lok Sabha
18th Lok Sabha,7,Lok Sabha,33,Uttar Pradesh,458,AMETHI,3042488,KISHORI LAL,17.15,8.9825,8.564,0.6295,6.98,0.0,52.0,44.0,4.0,40.699708454810505,95.34094071806291,9.090909090909092,False,1,Normal,0.03278342219213304,No unusual pattern detected,Normal,Normal,Normal,No Unusual Pattern,18th Lok Sabha
18th Lok Sabha,7,Lok Sabha,33,Uttar Pradesh,459,KUSHI NAGAR,3019220,Vijay Kumar Dubey,14.89,9.9563,8.0403,4.0258,6.99,0.0,196.0,167.0,104.0,46.94425789120215,80.75590329740969,62.27544910179641,False,-1,Potential Anomaly,-0.015725287864181592,Unusual combination of financial and implementation indicators,Normal,Normal,Normal,ML Multivariate,18th Lok Sabha
18th Lok Sabha,7,Lok Sabha,33,Uttar Pradesh,460,FAIZABAD,3042504,AWADHESH PRASAD,14.7,10.9289,9.6337,6.5828,6.6,0.0,163.0,150.0,87.0,44.89795918367347,88.14885304101966,57.99999999999999,False,1,Normal,0.024332634951607035,No unusual pattern detected,Normal,Normal,Normal,No Unusual Pattern,18th Lok Sabha
18th Lok Sabha,7,Lok Sabha,33,Uttar Pradesh,461,GHAZIPUR,3045253,AFZAL ANSARI,22.05,15.8375,10.8838,2.0797,8.85,0.0,279.0,141.0,21.0,40.136054421768705,68.7217048145225,14.893617021276595,False,1,Normal,0.03379257963986193,No unusual pattern detected,Normal,Normal,Normal,No Unusual Pattern,18th Lok Sabha
18th Lok Sabha,7,Lok Sabha,33,Uttar Pradesh,462,LUCKNOW,3019311,Rajnath Singh,15.48,10.5721,9.4239,2.4422,4.65,0.0,102.0,92.0,28.0,30.038759689922482,89.13933844742292,30.434782608695656,False,1,Normal,0.07964446013447957,No unusual pattern detected,Normal,Normal,Normal,No Unusual Pattern,18th Lok Sabha
18th Lok Sabha,7,Lok Sabha,33,Uttar Pradesh,463,MOHANLALGANJ(SC),3042816,R.K. CHAUDHARY,14.7,7.0709,4.7131,0.0,3.27,0.0,89.0,74.0,0.0,22.244897959183675,66.65488127395382,0.0,False,1,Normal,0.05228923873932556,No unusual pattern detected,Normal,Normal,Normal,No Unusual Pattern,18th Lok Sabha
18th Lok Sabha,7,Lok Sabha,33,Uttar Pradesh,464,PILIBHIT,3045351,JITIN PRASADA,14.7,5.4039,4.6547,0.7678,2.69,0.0,44.0,41.0,22.0,18.299319727891156,86.13593885897222,53.65853658536586,False,1,Normal,0.010710592560958354,No unusual pattern detected,Normal,Normal,Normal,No Unusual Pattern,18th Lok Sabha
18th Lok Sabha,7,Lok Sabha,33,Uttar Pradesh,465,SAHARANPUR,3042525,IMRAN MASOOD,14.7,8.8415,8.8415,3.7095,4.34,0.0,105.0,105.0,43.0,29.523809523809526,100.0,40.95238095238095,False,1,Normal,0.033186443587140846,No unusual pattern detected,Normal,Normal,Normal,No Unusual Pattern,18th Lok Sabha
18th Lok Sabha,7,Lok Sabha,33,Uttar Pradesh,466,KAUSHAMBI(SC),3042514,PUSHPENDRA SAROJ,14.7,7.6379,7.2901,2.7265,4.02,0.0,753.0,719.0,392.0,27.346938775510203,95.4463923329711,54.5201668984701,False,1,Normal,0.026810372760592005,No unusual pattern detected,Normal,Normal,Normal,No Unusual Pattern,18th Lok Sabha
18th Lok Sabha,7,Lok Sabha,33,Uttar Pradesh,467,HAMIRPUR_UP,3042508,AJENDRA SINGH LODHI,14.7,9.2104,6.633,0.2,4.48,0.0,121.0,93.0,1.0,30.476190476190478,72.01641622513681,1.0752688172043012,False,1,Normal,0.03927458299180048,No unusual pattern detected,Normal,Normal,Normal,No Unusual Pattern,18th Lok Sabha
18th Lok Sabha,7,Lok Sabha,33,Uttar Pradesh,468,AZAMGARH,3042490,DHARMENDRA YADAV,14.7,9.571,8.5903,2.0481,3.53,0.0,68.0,59.0,11.0,24.01360544217687,89.75342179500574,18.64406779661017,False,1,Normal,0.07091943686026153,No unusual pattern detected,Normal,Normal,Normal,No Unusual Pattern,18th Lok Sabha
18th Lok Sabha,7,Lok Sabha,33,Uttar Pradesh,469,LALGANJ (SC),3042516,DAROGA PRASAD SAROJ,14.7,9.7459,8.3243,2.1279,5.62,0.0,295.0,254.0,58.0,38.23129251700681,85.4133533075447,22.83464566929134,False,1,Normal,0.06124311291376955,No unusual pattern detected,Normal,Normal,Normal,No Unusual Pattern,18th Lok Sabha
18th Lok Sabha,7,Lok Sabha,33,Uttar Pradesh,470,AONLA,3042489,NEERAJ MAURYA,14.7,9.7933,9.7933,9.3027,9.56,0.0,19.0,19.0,14.0,65.03401360544218,100.0,73.68421052631578,False,-1,Potential Anomaly,-0.06360288838101047,Unusual combination of financial and implementation indicators,Normal,Normal,Normal,ML Multivariate,18th Lok Sabha
18th Lok Sabha,7,Lok Sabha,33,Uttar Pradesh,471,BAREILLY,3044397,CHHATRA PAL SINGH GANGWAR,14.7,9.7861,9.7861,8.6556,9.18,0.0,145.0,145.0,129.0,62.44897959183674,100.0,88.96551724137932,False,-1,Potential Anomaly,-0.05306079813957143,Unusual combination of financial and implementation indicators,Normal,Normal,Normal,ML Multivariate,18th Lok Sabha
18th Lok Sabha,7,Lok Sabha,33,Uttar Pradesh,472,DEORIA,3042500,SHASHANK MANI,14.7,9.7221,8.3759,2.1012,6.28,0.0,96.0,73.0,20.0,42.721088435374156,86.15319735448102,27.397260273972602,False,1,Normal,0.056138028261171924,No unusual pattern detected,Normal,Normal,Normal,No Unusual Pattern,18th Lok Sabha
18th Lok Sabha,7,Lok Sabha,33,Uttar Pradesh,473,JHANSI,3018405,Anurag Sharma,14.7,9.7756,8.7556,3.917,6.11,0.0,171.0,154.0,78.0,41.56462585034014,89.56585785015753,50.649350649350644,False,1,Normal,0.044127761986421765,No unusual pattern detected,Normal,Normal,Normal,No Unusual Pattern,18th Lok Sabha
18th Lok Sabha,7,Lok Sabha,33,Uttar Pradesh,474,KHERI,3042515,UTKARSH VERMA MADHUR,14.7,7.5087,7.5087,4.0958,6.63,0.0,349.0,349.0,197.0,45.102040816326536,100.0,56.446991404011456,False,1,Normal,0.020036070819336338,No unusual pattern detected,Normal,Normal,Normal,No Unusual Pattern,18th Lok Sabha
18th Lok Sabha,7,Lok Sabha,33,Uttar Pradesh,475,DHAURAHRA,3042501,ANAND BHADAURIYA,14.7,9.7707,9.4389,3.6935,6.31,0.0,177.0,170.0,130.0,42.925170068027214,96.60413276428507,76.47058823529412,False,-1,Potential Anomaly,-0.04471266065355406,Unusual combination of financial and implementation indicators,Normal,Normal,Normal,ML Multivariate,18th Lok Sabha
18th Lok Sabha,7,Lok Sabha,33,Uttar Pradesh,476,PRATAPGARH,3042522,DR. S P SINGH,14.7,8.3214,7.959,2.5826,3.27,0.0,428.0,359.0,79.0,22.244897959183675,95.6449635878578,22.00557103064067,False,1,Normal,0.05903226201732864,No unusual pattern detected,Normal,Normal,Normal,No Unusual Pattern,18th Lok Sabha
18th Lok Sabha,7,Lok Sabha,33,Uttar Pradesh,477,SHAHJAHANPUR(SC),3017471,Shri Arun Kumar Sagar,14.7,13.1343,9.7143,9.7143,9.71,0.0,6.0,4.0,4.0,66.0544217687075,73.96130741645919,100.0,False,-1,Potential Anomaly,-0.16934456424164235,Unusual combination of financial and implementation indicators,Normal,Normal,Normal,ML Multivariate,18th Lok Sabha
18th Lok Sabha,7,Lok Sabha,33,Uttar Pradesh,478,GAUTAM BUDDHA NAGAR,3019187,Mahesh Sharma,14.7,9.7541,9.7541,5.7908,7.41,0.0,112.0,112.0,68.0,50.40816326530613,100.0,60.71428571428571,False,-1,Potential Anomaly,-2.5396671684552174e-05,Unusual combination of financial and implementation indicators,Normal,Normal,Normal,ML Multivariate,18th Lok Sabha
18th Lok Sabha,7,Lok Sabha,33,Uttar Pradesh,479,MAHARAJGANJ_UP,3019207,Pankaj Chowdhary,14.7,9.756,9.756,4.1544,9.31,0.0,49.0,49.0,19.0,63.33333333333334,100.0,38.775510204081634,False,-1,Potential Anomaly,-0.030254326223961625,Unusual combination of financial and implementation indicators,Normal,Normal,Normal,ML Multivariate,18th Lok Sabha
18th Lok Sabha,7,Lok Sabha,33,Uttar Pradesh,480,SAMBHAL,3042527,ZIA UR REHMAN,14.7,9.2222,6.0889,0.0,4.06,0.0,324.0,197.0,0.0,27.619047619047617,66.02437596235171,0.0,False,1,Normal,0.0359393836456694,No unusual pattern detected,Normal,Normal,Normal,No Unusual Pattern,18th Lok Sabha
18th Lok Sabha,7,Lok Sabha,33,Uttar Pradesh,481,BANDA,3042495,KRISHNA DEVI SHIVSHANKER PATEL,14.7,9.8,8.3424,3.6571,6.1,0.0,325.0,302.0,158.0,41.49659863945578,85.12653061224489,52.317880794701985,False,1,Normal,0.03214816916476715,No unusual pattern detected,Normal,Normal,Normal,No Unusual Pattern,18th Lok Sabha
18th Lok Sabha,7,Lok Sabha,33,Uttar Pradesh,482,ETAH,3042502,DEVESH SHAKYA,14.7,8.9833,8.581,3.3504,7.55,0.0,307.0,302.0,136.0,51.36054421768708,95.52169024745916,45.033112582781456,False,1,Normal,0.021979034655780993,No unusual pattern detected,Normal,Normal,Normal,No Unusual Pattern,18th Lok Sabha
18th Lok Sabha,7,Lok Sabha,33,Uttar Pradesh,483,KAIRANA,3042512,IQRA CHOUDHARY,14.7,5.3278,5.1769,2.4365,4.16,0.0,65.0,63.0,23.0,28.29931972789116,97.16768647471751,36.507936507936506,False,1,Normal,0.047246761750144084,No unusual pattern detected,Normal,Normal,Normal,No Unusual Pattern,18th Lok Sabha
18th Lok Sabha,7,Lok Sabha,33,Uttar Pradesh,484,BASTI,3044187,RAM PRASAD CHAUDHARY,20.42,15.5107,15.4919,6.3914,13.57,0.0,155.0,154.0,37.0,66.45445641527914,99.87879334910738,24.025974025974026,False,-1,Potential Anomaly,-0.07543413121055109,Unusual combination of financial and implementation indicators,Normal,Normal,Normal,ML Multivariate,18th Lok Sabha
18th Lok Sabha,7,Lok Sabha,33,Uttar Pradesh,485,BIJNOR,3042498,CHANDAN CHAUHAN,14.7,9.7635,8.7996,0.0,6.52,0.0,117.0,106.0,0.0,44.35374149659864,90.12751574742663,0.0,False,-1,Potential Anomaly,-0.016209410669258295,Unusual combination of financial and implementation indicators,Normal,Normal,Normal,ML Multivariate,18th Lok Sabha
18th Lok Sabha,7,Lok Sabha,33,Uttar Pradesh,486,NAGINA(SC),3046000,CHANDRA SHEKHAR,14.7,9.6993,9.1321,6.1364,7.97,0.0,512.0,504.0,276.0,54.21768707482993,94.15215531017702,54.761904761904766,False,1,Normal,0.0018915487101842654,No unusual pattern detected,Normal,Normal,Normal,No Unusual Pattern,18th Lok Sabha
18th Lok Sabha,7,Lok Sabha,33,Uttar Pradesh,487,BULANDSHAHR(SC),3019222,Bhola Singh,14.7,9.769,9.769,7.0121,8.44,0.0,161.0,161.0,142.0,57.41496598639456,100.0,88.19875776397515,False,-1,Potential Anomaly,-0.06089769078078733,Unusual combination of financial and implementation indicators,Normal,Normal,Normal,ML Multivariate,18th Lok Sabha
18th Lok Sabha,7,Lok Sabha,33,Uttar Pradesh,488,JALAUN(SC),3042510,NARAYAN DAS AHIRWAR,14.7,7.1815,5.9115,0.8158,3.86,0.0,190.0,175.0,36.0,26.258503401360546,82.31567221332591,20.57142857142857,False,1,Normal,0.07605453005621149,No unusual pattern detected,Normal,Normal,Normal,No Unusual Pattern,18th Lok Sabha
18th Lok Sabha,7,Lok Sabha,33,Uttar Pradesh,489,MAINPURI,3019226,Smt Dimple Yadav,19.2,13.5202,8.7922,1.4327,5.36,0.0,162.0,123.0,16.0,27.916666666666668,65.03010310498365,13.008130081300814,False,1,Normal,0.05325846466157719,No unusual pattern detected,Normal,Normal,Normal,No Unusual Pattern,18th Lok Sabha
18th Lok Sabha,7,Lok Sabha,33,Uttar Pradesh,490,RAE BARELI,3043489,RAHUL GANDHI,14.7,6.4435,3.5298,0.2825,1.86,0.0,170.0,144.0,72.0,12.653061224489798,54.7807868394506,50.0,False,-1,Potential Anomaly,-0.00311085487429541,Unusual combination of financial and implementation indicators,Normal,Normal,Normal,ML Multivariate,18th Lok Sabha
18th Lok Sabha,7,Lok Sabha,33,Uttar Pradesh,491,DOMARIYAGANJ,3019200,Jagdambika Pal,14.7,9.7056,9.1637,0.0,0.2358,0.0,75.0,64.0,0.0,1.6040816326530614,94.41662545334653,0.0,False,1,Normal,0.0014092910199993702,No unusual pattern detected,Normal,Normal,Normal,No Unusual Pattern,18th Lok Sabha
18th Lok Sabha,7,Lok Sabha,33,Uttar Pradesh,492,AMBEDKAR NAGAR,3042487,LALJI VERMA,14.7,9.7415,9.6715,4.4624,8.05,0.0,201.0,200.0,59.0,54.761904761904766,99.28142483190473,29.5,False,1,Normal,0.005720694720349362,No unusual pattern detected,Normal,Normal,Normal,No Unusual Pattern,18th Lok Sabha
18th Lok Sabha,7,Lok Sabha,33,Uttar Pradesh,493,BHADOHI,3044716,VINOD KUMAR BIND,14.7,9.0995,8.2373,3.1221,5.85,0.0,543.0,542.0,269.0,39.795918367346935,90.52475410736852,49.6309963099631,False,1,Normal,0.047873381234155465,No unusual pattern detected,Normal,Normal,Normal,No Unusual Pattern,18th Lok Sabha
18th Lok Sabha,7,Lok Sabha,33,Uttar Pradesh,494,MORADABAD,3042519,RUCHI VIRA,14.7,6.4982,4.638,3.3267,4.4,0.0,273.0,212.0,165.0,29.93197278911565,71.373611153858,77.83018867924528,False,-1,Potential Anomaly,-0.039903846194478954,Unusual combination of financial and implementation indicators,Normal,Normal,Normal,ML Multivariate,18th Lok Sabha
18th Lok Sabha,7,Lok Sabha,33,Uttar Pradesh,495,SULTANPUR,3042530,RAMBHUAL NISHAD,15.12,10.1546,9.3046,0.0,7.72,0.0,36.0,32.0,0.0,51.05820105820106,91.62940933173144,0.0,False,-1,Potential Anomaly,-0.030380949183140493,Unusual combination of financial and implementation indicators,Normal,Normal,Normal,ML Multivariate,18th Lok Sabha
18th Lok Sabha,7,Lok Sabha,33,Uttar Pradesh,496,SHRAWASTI,3019223,Ram Shiromani,15.17,10.0459,3.0794,0.0,0.1866,0.0,1455.0,117.0,0.0,1.2300593276203031,30.653301346818107,0.0,False,-1,Potential Anomaly,-0.0037555836962060996,Unusual combination of financial and implementation indicators,Normal,Normal,Normal,ML Multivariate,18th Lok Sabha
18th Lok Sabha,7,Lok Sabha,33,Uttar Pradesh,497,HATHRAS (SC),3042509,ANOOP PRADHAN BALMIKI,14.7,9.7999,9.7999,9.2574,9.78,0.0,74.0,74.0,68.0,66.53061224489795,100.0,91.8918918918919,False,-1,Potential Anomaly,-0.09502348012852946,Unusual combination of financial and implementation indicators,Normal,Normal,Normal,ML Multivariate,18th Lok Sabha
18th Lok Sabha,7,Lok Sabha,32,Uttarakhand,498,NAINITAL UDHAM SINGH NAG.,3017176,Ajay Bhatt,14.7,9.7817,8.1668,1.4544,3.46,0.0,385.0,312.0,60.0,23.537414965986393,83.49059979349192,19.230769230769234,False,1,Normal,0.07591813694371752,No unusual pattern detected,Normal,Normal,Normal,No Unusual Pattern,18th Lok Sabha
18th Lok Sabha,7,Lok Sabha,32,Uttarakhand,499,GARHWAL,3047111,ANIL BALUNI,14.7,0.8195,0.1795,0.0,0.114,0.0,11.0,3.0,0.0,0.7755102040816327,21.90359975594875,0.0,False,-1,Potential Anomaly,-0.03537698289454805,Unusual combination of financial and implementation indicators,Normal,Normal,Normal,ML Multivariate,18th Lok Sabha
18th Lok Sabha,7,Lok Sabha,32,Uttarakhand,500,HARDWAR,3047110,TRIVENDRA SINGH RAWAT,14.7,2.2994,1.3215,0.0,0.3526,0.0,34.0,21.0,0.0,2.3986394557823134,57.471514308080366,0.0,False,1,Normal,0.041226850657955616,No unusual pattern detected,Normal,Normal,Normal,No Unusual Pattern,18th Lok Sabha
18th Lok Sabha,7,Lok Sabha,32,Uttarakhand,501,TEHRI GARHWAL,3018415,Mala Rajya Laxmi Shah,14.7,9.1516,7.4096,1.2179,4.23,0.0,225.0,165.0,28.0,28.775510204081638,80.96507714498011,16.969696969696972,False,1,Normal,0.07182835714487679,No unusual pattern detected,Normal,Normal,Normal,No Unusual Pattern,18th Lok Sabha
18th Lok Sabha,7,Lok Sabha,32,Uttarakhand,502,ALMORA(SC),3018414,Ajay Tamta,14.7,2.7293,0.934,0.12,0.2319,0.0,134.0,49.0,2.0,1.5775510204081633,34.22122888652768,4.081632653061225,False,-1,Potential Anomaly,-0.023570560742388502,Unusual combination of financial and implementation indicators,Normal,Normal,Normal,ML Multivariate,18th Lok Sabha
18th Lok Sabha,7,Lok Sabha,34,West Bengal,503,ARAMBAG(SC),3042533,BAG MITALI,14.7,9.5198,5.8682,2.7834,4.68,0.0,170.0,103.0,63.0,31.83673469387755,61.64205130359881,61.165048543689316,False,-1,Potential Anomaly,-0.00012706208813273445,Unusual combination of financial and implementation indicators,Normal,Normal,Normal,ML Multivariate,18th Lok Sabha
18th Lok Sabha,7,Lok Sabha,34,West Bengal,504,HOOGHLY,3043599,RACHNA BANERJEE,14.7,9.7543,7.1802,0.9029,3.13,0.0,101.0,73.0,27.0,21.292517006802722,73.61061275540018,36.986301369863014,False,1,Normal,0.05882403391356872,No unusual pattern detected,Normal,Normal,Normal,No Unusual Pattern,18th Lok Sabha
18th Lok Sabha,7,Lok Sabha,34,West Bengal,505,SREERAMPUR,3019373,Kalyan Banerjee,14.7,9.6897,9.3382,2.955,7.63,0.0,120.0,118.0,50.0,51.90476190476191,96.37243671114689,42.3728813559322,False,1,Normal,0.019952607608445028,No unusual pattern detected,Normal,Normal,Normal,No Unusual Pattern,18th Lok Sabha
18th Lok Sabha,7,Lok Sabha,34,West Bengal,506,PURULIA,3017483,Shri Jyotirmay Singh Mahato,14.7,3.3782,1.5431,0.0,0.0,0.0,65.0,41.0,0.0,0.0,45.67817180747143,0.0,False,-1,Potential Anomaly,-0.010927757664719873,Unusual combination of financial and implementation indicators,Normal,Normal,Normal,ML Multivariate,18th Lok Sabha
18th Lok Sabha,7,Lok Sabha,34,West Bengal,507,BANKURA,3042535,ARUP CHAKRABORTY,14.7,9.7408,9.6558,0.1682,5.36,0.0,70.0,69.0,1.0,36.462585034013614,99.12738173455978,1.4492753623188406,False,-1,Potential Anomaly,-0.009874554959454662,Unusual combination of financial and implementation indicators,Normal,Normal,Normal,ML Multivariate,18th Lok Sabha
18th Lok Sabha,7,Lok Sabha,34,West Bengal,508,BISHNUPUR(SC),3018416,Saumitra khan,14.7,9.6944,9.4144,0.0,3.6,0.0,81.0,80.0,0.0,24.48979591836735,97.11173460967157,0.0,False,1,Normal,0.01996860440262671,No unusual pattern detected,Normal,Normal,Normal,No Unusual Pattern,18th Lok Sabha
18th Lok Sabha,7,Lok Sabha,34,West Bengal,509,KRISHNANAGAR,3019231,Ms Mahua Moitra,15.99,9.9683,9.9176,0.9473,3.72,0.0,48.0,47.0,16.0,23.26454033771107,99.49138769900586,34.04255319148936,False,1,Normal,0.035220797287570216,No unusual pattern detected,Normal,Normal,Normal,No Unusual Pattern,18th Lok Sabha
18th Lok Sabha,7,Lok Sabha,34,West Bengal,510,RANAGHAT(SC),3019236,Jagannath Sarkar,14.7,9.7892,6.3121,2.2887,3.16,0.0,194.0,121.0,54.0,21.496598639455787,64.4802435336902,44.62809917355372,False,1,Normal,0.04285307532368671,No unusual pattern detected,Normal,Normal,Normal,No Unusual Pattern,18th Lok Sabha
18th Lok Sabha,7,Lok Sabha,34,West Bengal,511,DARJEELING,3019234,Raju Bista,14.7,9.6218,5.4318,0.898,3.95,0.0,160.0,100.0,19.0,26.87074829931973,56.4530545220229,19.0,False,1,Normal,0.04011666463149688,No unusual pattern detected,Normal,Normal,Normal,No Unusual Pattern,18th Lok Sabha
18th Lok Sabha,7,Lok Sabha,34,West Bengal,512,BIRBHUM,3017478,Smt Satabdi Roy (Banerjee),14.7,8.7809,6.7295,3.2389,4.68,0.0,126.0,91.0,31.0,31.83673469387755,76.63793005272808,34.065934065934066,False,1,Normal,0.06376099590051026,No unusual pattern detected,Normal,Normal,Normal,No Unusual Pattern,18th Lok Sabha
18th Lok Sabha,7,Lok Sabha,34,West Bengal,513,BOLPUR(SC),3019335,Asit Kumar Mal,27.57,22.5204,21.7994,5.6634,16.24,0.0,194.0,185.0,74.0,58.90460645629306,96.79845828670895,40.0,False,-1,Potential Anomaly,-0.0033031184543416137,Unusual combination of financial and implementation indicators,Normal,Normal,Normal,ML Multivariate,18th Lok Sabha
18th Lok Sabha,7,Lok Sabha,34,West Bengal,514,COOCHBEHAR(SC),3042540,JAGADISH CHANDRA BARMA BASUNIA,16.86,11.9459,4.2035,0.0,3.67,0.0,96.0,41.0,0.0,21.767497034400947,35.187805020969535,0.0,False,-1,Potential Anomaly,-0.022550321865968836,Unusual combination of financial and implementation indicators,Normal,Normal,Normal,ML Multivariate,18th Lok Sabha
18th Lok Sabha,7,Lok Sabha,34,West Bengal,515,KANTHI,3042543,ADHIKARI SOUMENDU,14.7,9.5934,4.8521,3.6121,3.61,0.0,70.0,41.0,29.0,24.5578231292517,50.57748035107469,70.73170731707317,False,-1,Potential Anomaly,-0.05329338868315481,Unusual combination of financial and implementation indicators,Normal,Normal,Normal,ML Multivariate,18th Lok Sabha
18th Lok Sabha,7,Lok Sabha,34,West Bengal,516,TAMLUK,3042549,ABHIJIT GANGOPADHYAY,14.7,8.9622,5.497,0.4697,2.5,0.0,247.0,150.0,12.0,17.006802721088434,61.33538640066055,8.0,False,1,Normal,0.06079087239253722,No unusual pattern detected,Normal,Normal,Normal,No Unusual Pattern,18th Lok Sabha
18th Lok Sabha,7,Lok Sabha,34,West Bengal,517,ALIPURDUARS(ST),3042532,MANOJ TIGGA,14.7,7.1389,5.192,0.0,0.0,0.0,59.0,50.0,0.0,0.0,72.72829147347632,0.0,False,-1,Potential Anomaly,-0.0029154721243807025,Unusual combination of financial and implementation indicators,Normal,Normal,Normal,ML Multivariate,18th Lok Sabha
18th Lok Sabha,7,Lok Sabha,34,West Bengal,518,HOWRAH,3019233,Prasun Banerjee,14.7,9.7803,9.7052,2.4176,5.56,0.0,217.0,213.0,30.0,37.82312925170068,99.23212989376603,14.084507042253522,False,1,Normal,0.018743487366435996,No unusual pattern detected,Normal,Normal,Normal,No Unusual Pattern,18th Lok Sabha
18th Lok Sabha,7,Lok Sabha,34,West Bengal,519,ULUBERIA,3019237,Smt Sajda Ahmed,14.7,9.7973,6.9513,2.0433,3.57,0.0,180.0,129.0,52.0,24.285714285714285,70.95118042726057,40.310077519379846,False,1,Normal,0.055704321214536834,No unusual pattern detected,Normal,Normal,Normal,No Unusual Pattern,18th Lok Sabha
18th Lok Sabha,7,Lok Sabha,34,West Bengal,520,BALURGHAT,3017477,Dr Sukanta Majumdar,15.71,7.9789,7.6489,0.1399,1.33,0.0,181.0,178.0,2.0,8.465945257797582,95.86409154144054,1.1235955056179776,False,1,Normal,0.0020696927539746723,No unusual pattern detected,Normal,Normal,Normal,No Unusual Pattern,18th Lok Sabha
18th Lok Sabha,7,Lok Sabha,34,West Bengal,521,BAHARAMPUR,3042534,PATHAN YUSUF,14.7,9.6884,6.0779,0.0,0.4313,0.0,178.0,127.0,0.0,2.934013605442177,62.73378473225713,0.0,False,1,Normal,0.04332337949808629,No unusual pattern detected,Normal,Normal,Normal,No Unusual Pattern,18th Lok Sabha
18th Lok Sabha,7,Lok Sabha,34,West Bengal,522,JANGIPUR,3018418,Khalilur Rahaman,14.7,7.8776,2.5586,1.1965,2.07,0.0,107.0,44.0,25.0,14.081632653061224,32.47943536102366,56.81818181818182,False,-1,Potential Anomaly,-0.07489564410355276,Unusual combination of financial and implementation indicators,Normal,Normal,Normal,ML Multivariate,18th Lok Sabha
18th Lok Sabha,7,Lok Sabha,34,West Bengal,523,MURSHIDABAD,3019300,Abu Taher Khan,14.7,9.7212,5.7942,2.3388,3.25,0.0,327.0,209.0,143.0,22.10884353741497,59.60375262313294,68.42105263157895,False,-1,Potential Anomaly,-0.023540295423251645,Unusual combination of financial and implementation indicators,Normal,Normal,Normal,ML Multivariate,18th Lok Sabha
18th Lok Sabha,7,Lok Sabha,34,West Bengal,524,DIAMOND HARBOUR,3017487,Shri Abhishek Banerjee,14.7,9.5824,9.2224,4.6207,7.04,0.0,320.0,314.0,182.0,47.89115646258504,96.24311237268326,57.961783439490446,False,1,Normal,0.012651859937935883,No unusual pattern detected,Normal,Normal,Normal,No Unusual Pattern,18th Lok Sabha
18th Lok Sabha,7,Lok Sabha,34,West Bengal,525,JADAVPUR,3042541,SAYANI GHOSH,14.7,8.5446,7.4814,1.1035,4.31,0.0,215.0,196.0,65.0,29.31972789115646,87.55705357769818,33.16326530612245,False,1,Normal,0.07420586894587489,No unusual pattern detected,Normal,Normal,Normal,No Unusual Pattern,18th Lok Sabha
18th Lok Sabha,7,Lok Sabha,34,West Bengal,526,JOYNAGAR(SC),3018422,Pratima Mondal,14.7,9.7908,9.4708,3.0269,7.35,0.0,223.0,218.0,61.0,50.0,96.73162560771335,27.981651376146786,False,1,Normal,0.026704790681052137,No unusual pattern detected,Normal,Normal,Normal,No Unusual Pattern,18th Lok Sabha
18th Lok Sabha,7,Lok Sabha,34,West Bengal,527,MATHURAPUR(SC),3042545,BAPI HALDAR,14.7,8.1848,6.4323,0.6264,3.8,0.0,164.0,141.0,25.0,25.850340136054424,78.58835890919754,17.73049645390071,False,1,Normal,0.07651836705615406,No unusual pattern detected,Normal,Normal,Normal,No Unusual Pattern,18th Lok Sabha
18th Lok Sabha,7,Lok Sabha,34,West Bengal,528,KOLKATA DAKSHIN,3018421,Mala Roy,14.7,9.7989,9.1639,1.8616,5.88,0.0,78.0,71.0,23.0,40.0,93.51968078049578,32.3943661971831,False,1,Normal,0.0628321896582319,No unusual pattern detected,Normal,Normal,Normal,No Unusual Pattern,18th Lok Sabha
18th Lok Sabha,7,Lok Sabha,34,West Bengal,529,KOLKATA UTTAR,3019533,Sudip Bandyopadhyay,14.7,8.2128,7.2128,0.6892,4.32,0.0,38.0,34.0,6.0,29.38775510204082,87.82388466783557,17.647058823529413,False,1,Normal,0.07318157952606891,No unusual pattern detected,Normal,Normal,Normal,No Unusual Pattern,18th Lok Sabha
18th Lok Sabha,7,Lok Sabha,34,West Bengal,530,JALPAIGURI(SC),3017486,Dr Jayanta Kumar Roy,14.7,6.6566,1.0118,0.0,0.5864,0.0,26.0,5.0,0.0,3.9891156462585036,15.19995192741039,0.0,False,-1,Potential Anomaly,-0.0332585568417374,Unusual combination of financial and implementation indicators,Normal,Normal,Normal,ML Multivariate,18th Lok Sabha
18th Lok Sabha,7,Lok Sabha,34,West Bengal,531,MALDAHA DAKSHIN,3042544,ISHA KHAN CHOUDHURY,14.7,5.7783,3.0433,0.0249,0.5312,0.0,133.0,58.0,1.0,3.6136054421768713,52.667739646608865,1.7241379310344827,False,1,Normal,0.022851965870365698,No unusual pattern detected,Normal,Normal,Normal,No Unusual Pattern,18th Lok Sabha
18th Lok Sabha,7,Lok Sabha,34,West Bengal,532,MALDAHA UTTAR,3019301,Khagen Murmu,14.7,3.8334,1.0004,0.4604,0.6003,0.0,30.0,11.0,6.0,4.083673469387755,26.09693744456618,54.54545454545454,False,-1,Potential Anomaly,-0.1104731640038158,Unusual combination of financial and implementation indicators,Normal,Normal,Normal,ML Multivariate,18th Lok Sabha
18th Lok Sabha,7,Lok Sabha,34,West Bengal,533,MEDINIPUR,3042546,JUNE MALIAH,14.7,9.7999,6.5706,1.1044,2.96,0.0,36.0,21.0,4.0,20.13605442176871,67.04762293492792,19.047619047619047,False,1,Normal,0.07212300638187258,No unusual pattern detected,Normal,Normal,Normal,No Unusual Pattern,18th Lok Sabha
18th Lok Sabha,7,Lok Sabha,34,West Bengal,534,GHATAL,3017491,Shri Deepak (Dev) Adhikari,20.07,13.4651,8.9461,7.2982,8.78,0.0,186.0,178.0,145.0,43.746885899352264,66.43916495235833,81.46067415730337,False,-1,Potential Anomaly,-0.07991042923718739,Unusual combination of financial and implementation indicators,Normal,Normal,Normal,ML Multivariate,18th Lok Sabha
18th Lok Sabha,7,Lok Sabha,34,West Bengal,535,BARASAT,3017485,Kakoli Ghosh Dastidar,14.7,9.7707,6.8073,1.4559,6.04,0.0,156.0,94.0,17.0,41.08843537414966,69.67054561085695,18.085106382978726,False,1,Normal,0.03927566098278529,No unusual pattern detected,Normal,Normal,Normal,No Unusual Pattern,18th Lok Sabha
18th Lok Sabha,7,Lok Sabha,34,West Bengal,536,BARRACKPUR,3042538,PARTHA BHOWMICK,14.7,9.6962,5.5215,0.0,3.03,0.0,33.0,8.0,0.0,20.612244897959183,56.94498875848271,0.0,False,1,Normal,0.04761082003662631,No unusual pattern detected,Normal,Normal,Normal,No Unusual Pattern,18th Lok Sabha
18th Lok Sabha,7,Lok Sabha,34,West Bengal,537,BASIRHAT,3042539,SK NURUL ISLAM,4.9,4.8531,3.0854,0.044,3.07,0.0,32.0,15.0,1.0,62.65306122448979,63.57585872947188,6.666666666666667,False,-1,Potential Anomaly,-0.11549849547181856,Unusual combination of financial and implementation indicators,Normal,Normal,Normal,ML Multivariate,18th Lok Sabha
18th Lok Sabha,7,Lok Sabha,34,West Bengal,538,DUM DUM,3017493,Prof Sougata Ray,14.7,6.5483,1.9834,0.0,1.39,0.0,58.0,17.0,0.0,9.45578231292517,30.288777239894323,0.0,False,1,Normal,0.0048505458945499735,No unusual pattern detected,Normal,Normal,Normal,No Unusual Pattern,18th Lok Sabha
18th Lok Sabha,7,Lok Sabha,34,West Bengal,539,BANGAON(SC),3017479,Shri Shantanu Thakur,14.7,0.5994,0.5994,0.5994,0.5994,0.0,8.0,8.0,8.0,4.077551020408164,100.0,100.0,False,-1,Potential Anomaly,-0.178988769904053,Unusual combination of financial and implementation indicators,Normal,Normal,Normal,ML Multivariate,18th Lok Sabha
18th Lok Sabha,7,Lok Sabha,34,West Bengal,540,RAIGANJ,3042547,KARTICK CHANDRA PAUL,20.27,15.3663,9.4763,0.0,2.62,0.0,403.0,203.0,0.0,12.92550567340898,61.66936738186811,0.0,False,1,Normal,0.05936348222639087,No unusual pattern detected,Normal,Normal,Normal,No Unusual Pattern,18th Lok Sabha
18th Lok Sabha,7,Lok Sabha,34,West Bengal,541,JHARGRAM(ST),3042542,KALIPADA SAREN,14.7,9.1003,7.1631,0.3,6.26,0.0,52.0,44.0,1.0,42.585034013605444,78.71278968825203,2.272727272727273,False,1,Normal,0.007468328558616566,No unusual pattern detected,Normal,Normal,Normal,No Unusual Pattern,18th Lok Sabha
18th Lok Sabha,7,Lok Sabha,34,West Bengal,542,ASANSOL,3019235,Shatrughan Sinha,14.7,9.6621,9.6621,0.0,5.86,0.0,27.0,27.0,0.0,39.863945578231295,100.0,0.0,False,-1,Potential Anomaly,-0.007490305622440019,Unusual combination of financial and implementation indicators,Normal,Normal,Normal,ML Multivariate,18th Lok Sabha
18th Lok Sabha,7,Lok Sabha,34,West Bengal,543,BARDHAMAN-DURGAPUR,3042537,AZAD KIRTI JHA,17.97,9.0768,7.6673,0.1597,3.28,0.0,112.0,82.0,2.0,18.252643294379524,84.47139961219813,2.4390243902439024,False,1,Normal,0.042790127121946575,No unusual pattern detected,Normal,Normal,Normal,No Unusual Pattern,18th Lok Sabha
18th Lok Sabha,7,Lok Sabha,34,West Bengal,544,BARDHAMAN PURBA(SC),3042536,DR. SHARMILA SARKAR,14.7,9.3695,4.6531,0.3099,1.75,0.0,114.0,54.0,5.0,11.904761904761905,49.66220182507071,9.25925925925926,False,1,Normal,0.041001671328171285,No unusual pattern detected,Normal,Normal,Normal,No Unusual Pattern,18th Lok Sabha
